edition_year,volume_num,volume_range,headword,page,word_count,decision,confidence,reason
1771,1,"A-B","VICE-ADMIRAL LIKEWISE",44,927,REVIEW,low,"Could not auto-classify - needs manual review"
1771,1,"A-B","NEW ALBION",106,11,KEEP,medium,"Cross-reference entry (contains "see" directive)"
1771,1,"A-B","MUSCULI RECTI",232,194,MERGE,medium,"Latin technical term (subsection): ^MUSCUL[IO]"
1771,1,"A-B","OBLIQUUS EXTERNUS",232,106,MERGE,medium,"Latin technical term (subsection): ^(RECTUS|OBLIQUUS|TRANSVERSAL|DELTOID|PECTOR|LATIS|BICEP|TRICEP|TENSOR|EXTENSOR|FLEXOR)"
1771,1,"A-B","OBLIQUUS INTERNUS",232,446,MERGE,medium,"Latin technical term (subsection): ^(RECTUS|OBLIQUUS|TRANSVERSAL|DELTOID|PECTOR|LATIS|BICEP|TRICEP|TENSOR|EXTENSOR|FLEXOR)"
1771,1,"A-B","MUSCULI PYRAMIDALES",235,87,MERGE,medium,"Latin technical term (subsection): ^MUSCUL[IO]"
1771,1,"A-B","TRANSVERSALES",235,184,MERGE,medium,"Latin technical term (subsection): ^(RECTUS|OBLIQUUS|TRANSVERSAL|DELTOID|PECTOR|LATIS|BICEP|TRICEP|TENSOR|EXTENSOR|FLEXOR)"
1771,1,"A-B","DELTOIDES",237,206,MERGE,medium,"Latin technical term (subsection): ^(RECTUS|OBLIQUUS|TRANSVERSAL|DELTOID|PECTOR|LATIS|BICEP|TRICEP|TENSOR|EXTENSOR|FLEXOR)"
1771,1,"A-B","INFRA-SPINATUS",237,2839,REVIEW,low,"Could not auto-classify - needs manual review"
1771,1,"A-B","LATISSIMUS DORSI",237,154,MERGE,medium,"Latin technical term (subsection): ^(RECTUS|OBLIQUUS|TRANSVERSAL|DELTOID|PECTOR|LATIS|BICEP|TRICEP|TENSOR|EXTENSOR|FLEXOR)"
1771,1,"A-B","PECTORALIS MAJOR",237,206,MERGE,medium,"Latin technical term (subsection): ^(RECTUS|OBLIQUUS|TRANSVERSAL|DELTOID|PECTOR|LATIS|BICEP|TRICEP|TENSOR|EXTENSOR|FLEXOR)"
1771,1,"A-B","TERES MAJOR",237,167,REVIEW,low,"Could not auto-classify - needs manual review"
1771,1,"A-B","TERES MINOR",237,113,REVIEW,low,"Could not auto-classify - needs manual review"
1771,1,"A-B","ULNARIS EXTERNUS",240,132,REVIEW,low,"Could not auto-classify - needs manual review"
1771,1,"A-B","METACARPIUS",241,119,REVIEW,low,"Could not auto-classify - needs manual review"
1771,1,"A-B","PALMARIS CUTANEUS",241,533,REVIEW,low,"Could not auto-classify - needs manual review"
1771,1,"A-B","RADIALIS EXTERNUS",241,180,REVIEW,low,"Could not auto-classify - needs manual review"
1771,1,"A-B","ULNARIS GRACILIS",241,134,REVIEW,low,"Could not auto-classify - needs manual review"
1771,1,"A-B","EXTENSORES POLLICIS",242,363,MERGE,medium,"Latin technical term (subsection): ^(RECTUS|OBLIQUUS|TRANSVERSAL|DELTOID|PECTOR|LATIS|BICEP|TRICEP|TENSOR|EXTENSOR|FLEXOR)"
1771,1,"A-B","MESOTHENAR",242,146,REVIEW,low,"Could not auto-classify - needs manual review"
1771,1,"A-B","EXTENSOR DIGITORUM COMMUNIS",243,238,MERGE,medium,"Latin technical term (subsection): ^(RECTUS|OBLIQUUS|TRANSVERSAL|DELTOID|PECTOR|LATIS|BICEP|TRICEP|TENSOR|EXTENSOR|FLEXOR)"
1771,1,"A-B","EXTENSOR INDICIS PROPRIUS",243,102,MERGE,medium,"Latin technical term (subsection): ^(RECTUS|OBLIQUUS|TRANSVERSAL|DELTOID|PECTOR|LATIS|BICEP|TRICEP|TENSOR|EXTENSOR|FLEXOR)"
1771,1,"A-B","EXTENSOR MINIMI DIGITI PROPRIUS",244,71,MERGE,medium,"Latin technical term (subsection): ^(RECTUS|OBLIQUUS|TRANSVERSAL|DELTOID|PECTOR|LATIS|BICEP|TRICEP|TENSOR|EXTENSOR|FLEXOR)"
1771,1,"A-B","HYPOTHENAR MINIMI DIGITI",244,2280,MERGE,medium,"Latin technical term (subsection): ^(OBTURATOR|PYRIFORM|POPLITE|DIAPHRAGM|INTEROSS|LUMBRIC|THENAR|HYPOTHENAR)"
1771,1,"A-B","INTEROSSEI",244,317,MERGE,medium,"Latin technical term (subsection): ^(OBTURATOR|PYRIFORM|POPLITE|DIAPHRAGM|INTEROSS|LUMBRIC|THENAR|HYPOTHENAR)"
1771,1,"A-B","LUMBRICALES",244,115,MERGE,medium,"Latin technical term (subsection): ^(OBTURATOR|PYRIFORM|POPLITE|DIAPHRAGM|INTEROSS|LUMBRIC|THENAR|HYPOTHENAR)"
1771,1,"A-B","SEMI-INTEROSSEUS INDICIS",244,98,REVIEW,low,"Could not auto-classify - needs manual review"
1771,1,"A-B","TRICEPS PRIMUS",246,184,MERGE,medium,"Latin technical term (subsection): ^(RECTUS|OBLIQUUS|TRANSVERSAL|DELTOID|PECTOR|LATIS|BICEP|TRICEP|TENSOR|EXTENSOR|FLEXOR)"
1771,1,"A-B","GEMELLI",247,219,REVIEW,low,"Could not auto-classify - needs manual review"
1771,1,"A-B","OBTURATOR EXTERNUS",247,1975,MERGE,medium,"Latin technical term (subsection): ^(OBTURATOR|PYRIFORM|POPLITE|DIAPHRAGM|INTEROSS|LUMBRIC|THENAR|HYPOTHENAR)"
1771,1,"A-B","OBTURATOR INTERNUS",247,164,MERGE,medium,"Latin technical term (subsection): ^(OBTURATOR|PYRIFORM|POPLITE|DIAPHRAGM|INTEROSS|LUMBRIC|THENAR|HYPOTHENAR)"
1771,1,"A-B","PYRIFORMIS ET PYRAMIDALIS",247,145,MERGE,medium,"Latin technical term (subsection): ^(OBTURATOR|PYRIFORM|POPLITE|DIAPHRAGM|INTEROSS|LUMBRIC|THENAR|HYPOTHENAR)"
1771,1,"A-B","TRICEPS SECUNDUS",247,75,MERGE,medium,"Latin technical term (subsection): ^(RECTUS|OBLIQUUS|TRANSVERSAL|DELTOID|PECTOR|LATIS|BICEP|TRICEP|TENSOR|EXTENSOR|FLEXOR)"
1771,1,"A-B","TRICEPS TERTIUS",247,112,MERGE,medium,"Latin technical term (subsection): ^(RECTUS|OBLIQUUS|TRANSVERSAL|DELTOID|PECTOR|LATIS|BICEP|TRICEP|TENSOR|EXTENSOR|FLEXOR)"
1771,1,"A-B","POPLITEUS",250,1618,MERGE,medium,"Latin technical term (subsection): ^(OBTURATOR|PYRIFORM|POPLITE|DIAPHRAGM|INTEROSS|LUMBRIC|THENAR|HYPOTHENAR)"
1771,1,"A-B","SEMI-MEMBRANOSUS",250,139,REVIEW,low,"Could not auto-classify - needs manual review"
1771,1,"A-B","SEMI-NERVOSUS",250,196,REVIEW,low,"Could not auto-classify - needs manual review"
1771,1,"A-B","EXTENSOR POLLICIS LONGUS",252,111,MERGE,medium,"Latin technical term (subsection): ^(RECTUS|OBLIQUUS|TRANSVERSAL|DELTOID|PECTOR|LATIS|BICEP|TRICEP|TENSOR|EXTENSOR|FLEXOR)"
1771,1,"A-B","FLEXOR POLLICIS LONGUS",252,145,MERGE,medium,"Latin technical term (subsection): ^(RECTUS|OBLIQUUS|TRANSVERSAL|DELTOID|PECTOR|LATIS|BICEP|TRICEP|TENSOR|EXTENSOR|FLEXOR)"
1771,1,"A-B","THENAR",252,111,MERGE,medium,"Latin technical term (subsection): ^(OBTURATOR|PYRIFORM|POPLITE|DIAPHRAGM|INTEROSS|LUMBRIC|THENAR|HYPOTHENAR)"
1771,1,"A-B","TIBIALIS POSTICUS",252,333,REVIEW,low,"Could not auto-classify - needs manual review"
1771,1,"A-B","EXTENSOR DIGITORUM BREVIS",253,392,MERGE,medium,"Latin technical term (subsection): ^(RECTUS|OBLIQUUS|TRANSVERSAL|DELTOID|PECTOR|LATIS|BICEP|TRICEP|TENSOR|EXTENSOR|FLEXOR)"
1771,1,"A-B","EXTENSOR DIGITORUM LONGUS",253,126,MERGE,medium,"Latin technical term (subsection): ^(RECTUS|OBLIQUUS|TRANSVERSAL|DELTOID|PECTOR|LATIS|BICEP|TRICEP|TENSOR|EXTENSOR|FLEXOR)"
1771,1,"A-B","FLEXOR DIGITORUM ACCESSORIUS",253,111,MERGE,medium,"Latin technical term (subsection): ^(RECTUS|OBLIQUUS|TRANSVERSAL|DELTOID|PECTOR|LATIS|BICEP|TRICEP|TENSOR|EXTENSOR|FLEXOR)"
1771,1,"A-B","LUMBRALES",253,133,REVIEW,low,"Could not auto-classify - needs manual review"
1771,1,"A-B","TRANSVERSALIS DIGITORUM",253,1330,MERGE,medium,"Latin technical term (subsection): ^(RECTUS|OBLIQUUS|TRANSVERSAL|DELTOID|PECTOR|LATIS|BICEP|TRICEP|TENSOR|EXTENSOR|FLEXOR)"
1771,1,"A-B","DIAPHRAGMA",255,3700,MERGE,medium,"Latin technical term (subsection): ^(OBTURATOR|PYRIFORM|POPLITE|DIAPHRAGM|INTEROSS|LUMBRIC|THENAR|HYPOTHENAR)"
1771,1,"A-B","MUSCULI ACCESSORII",261,2183,MERGE,medium,"Latin technical term (subsection): ^MUSCUL[IO]"
1771,1,"A-B","RECTUS ANTICUS BREVIS",261,84,MERGE,medium,"Latin technical term (subsection): ^(RECTUS|OBLIQUUS|TRANSVERSAL|DELTOID|PECTOR|LATIS|BICEP|TRICEP|TENSOR|EXTENSOR|FLEXOR)"
1771,1,"A-B","TRANSVERSALIS ANTICUS PRIMUS",261,860,MERGE,medium,"Latin technical term (subsection): ^(RECTUS|OBLIQUUS|TRANSVERSAL|DELTOID|PECTOR|LATIS|BICEP|TRICEP|TENSOR|EXTENSOR|FLEXOR)"
1771,1,"A-B","TRANSVERSALIS ANTICUS SECUNDUS",261,637,MERGE,medium,"Latin technical term (subsection): ^(RECTUS|OBLIQUUS|TRANSVERSAL|DELTOID|PECTOR|LATIS|BICEP|TRICEP|TENSOR|EXTENSOR|FLEXOR)"
1771,1,"A-B","TRANSVERSO-SPINALIS LUMBORUM",263,4600,REVIEW,low,"Could not auto-classify - needs manual review"
1771,1,"A-B","INTESTINUM COLON",306,696,MERGE,medium,"Latin technical term (subsection): ^(INTESTIN|PANCREA|SPLEEN|VESIC|PULMON|CEREBR|MEDULL)"
1771,1,"A-B","INTESTINUM RECTUM AND ANUS",307,4536,MERGE,medium,"Latin technical term (subsection): ^(INTESTIN|PANCREA|SPLEEN|VESIC|PULMON|CEREBR|MEDULL)"
1771,1,"A-B","PANCREAS",315,48,MERGE,medium,"Latin technical term (subsection): ^(INTESTIN|PANCREA|SPLEEN|VESIC|PULMON|CEREBR|MEDULL)"
1771,1,"A-B","SPLEEN",316,4532,MERGE,medium,"Latin technical term (subsection): ^(INTESTIN|PANCREA|SPLEEN|VESIC|PULMON|CEREBR|MEDULL)"
1771,1,"A-B","VESICA URINARIA",319,795,MERGE,medium,"Latin technical term (subsection): ^(INTESTIN|PANCREA|SPLEEN|VESIC|PULMON|CEREBR|MEDULL)"
1771,1,"A-B","PULMONES",330,2433,MERGE,medium,"Latin technical term (subsection): ^(INTESTIN|PANCREA|SPLEEN|VESIC|PULMON|CEREBR|MEDULL)"
1771,1,"A-B","PIA MATER",334,998,MERGE,medium,"Latin technical term (subsection): ^(PIA|DURA)\s+MATER"
1771,1,"A-B","CEREBRUM",337,2345,MERGE,medium,"Latin technical term (subsection): ^(INTESTIN|PANCREA|SPLEEN|VESIC|PULMON|CEREBR|MEDULL)"
1771,1,"A-B","MEDULLA OBLONGATA",339,18401,MERGE,medium,"Latin technical term (subsection): ^(INTESTIN|PANCREA|SPLEEN|VESIC|PULMON|CEREBR|MEDULL)"
1771,1,"A-B","TABLE",448,17711,REVIEW,low,"Could not auto-classify - needs manual review"
1771,1,"A-B","SOURING",675,4856,REVIEW,low,"Could not auto-classify - needs manual review"
1771,1,"A-B","WASTE-BOOK",713,1685,REVIEW,low,"Could not auto-classify - needs manual review"
1771,1,"A-B","CHARGES",739,279,REVIEW,low,"Could not auto-classify - needs manual review"
1771,1,"A-B","DIANDRIA MONOGYNA",759,152,MERGE,medium,"Latin technical term (subsection): ^(DIANDRIA|TRIANDRIA|TETRANDRIA|PENTANDRIA|HEXANDRIA|OCTANDRIA|DECANDRIA|DODECANDRIA|ICOSANDRIA|POLYANDRIA)"
1771,1,"A-B","DIDYNAMIA ANGIOSPERMIA",760,172,MERGE,medium,"Latin technical term (subsection): ^(DIDYNAMIA|TETRADYNAMIA|MONADELPHIA|DIADELPHIA|POLYADELPHIA|SYNGENESIA|GYNANDRIA|MONOECIA|DIOECIA)"
1771,1,"A-B","ICOSANDRIA POLYGAMIA",760,150,MERGE,medium,"Latin technical term (subsection): ^(DIANDRIA|TRIANDRIA|TETRANDRIA|PENTANDRIA|HEXANDRIA|OCTANDRIA|DECANDRIA|DODECANDRIA|ICOSANDRIA|POLYANDRIA)"
1771,1,"A-B","MONODELPHIA POLYANDRIA",760,130,REVIEW,low,"Could not auto-classify - needs manual review"
1771,1,"A-B","TETRADYNAMIA SILIQUOSA",760,211,MERGE,medium,"Latin technical term (subsection): ^(DIDYNAMIA|TETRADYNAMIA|MONADELPHIA|DIADELPHIA|POLYADELPHIA|SYNGENESIA|GYNANDRIA|MONOECIA|DIOECIA)"
1771,1,"A-B","PASSIFLORA",761,141,REVIEW,low,"Could not auto-classify - needs manual review"
1771,1,"A-B","SIMPLE LEAVES",761,2027,REVIEW,low,"Could not auto-classify - needs manual review"
1771,1,"A-B","RHEUM PALMATUM",764,12157,REVIEW,low,"Could not auto-classify - needs manual review"
1771,2,"C-L","THOMSON'S WINTER",39,3406,REVIEW,low,"Could not auto-classify - needs manual review"
1771,2,"C-L","RED CHALK",74,15,KEEP,medium,"Short entry with valid definition structure"
1771,2,"C-L","NITRE IS ALSO DECOMPOSED AND TAKES FIRE BY THE",145,15663,REVIEW,low,"Could not auto-classify - needs manual review"
1771,2,"C-L","BUTTER OF ANTIMONY DECOMPOSED BY",165,1009,REVIEW,low,"Could not auto-classify - needs manual review"
1771,2,"C-L","BISMUTH MAY ALSO BE PRECIPITATED BY THE",166,8820,REVIEW,low,"Could not auto-classify - needs manual review"
1771,2,"C-L","OILS THUS ASSOCIATED WITH FIXED ALKALIS ARE BY THAT",174,35890,REVIEW,low,"Could not auto-classify - needs manual review"
1771,2,"C-L","TIEN-HOANG",211,7806,REVIEW,low,"Could not auto-classify - needs manual review"
1771,2,"C-L","USES OF CONIC SECTIONS IN THE SOLUTION OF GEOMETRICAL PROBLEMS",301,385,REVIEW,low,"Could not auto-classify - needs manual review"
1771,2,"C-L","NATIONAL COUNCIL",315,13,KEEP,medium,"Short entry with valid definition structure"
1771,2,"C-L","OECUMENICAL OR GENERAL COUNCIL",315,285,REVIEW,low,"Could not auto-classify - needs manual review"
1771,2,"C-L","BROAD",379,192,REVIEW,low,"Could not auto-classify - needs manual review"
1771,2,"C-L","NARROW",379,1438,REVIEW,low,"Could not auto-classify - needs manual review"
1771,2,"C-L","WIDE",379,378,REVIEW,low,"Could not auto-classify - needs manual review"
1771,2,"C-L","MOE",381,854,REVIEW,low,"Could not auto-classify - needs manual review"
1771,2,"C-L","VERY SIMPLE",515,16609,REVIEW,low,"Could not auto-classify - needs manual review"
1771,2,"C-L","PHILOSOPHERS ARE BY NO",599,5098,REVIEW,low,"Could not auto-classify - needs manual review"
1771,2,"C-L","APRIL

FLOWER-GARDEN",625,3606,REVIEW,low,"Could not auto-classify - needs manual review"
1771,2,"C-L","SCHOLIUM II",691,75,REVIEW,low,"Could not auto-classify - needs manual review"
1771,2,"C-L","SCHOLIUM III",691,18860,REVIEW,low,"Could not auto-classify - needs manual review"
1771,2,"C-L","WATER MAY BE RAISED BY",812,4785,REVIEW,low,"Could not auto-classify - needs manual review"
1771,2,"C-L","BARONS",891,299,REVIEW,low,"Could not auto-classify - needs manual review"
1771,2,"C-L","BOROUGHS",891,190,REVIEW,low,"Could not auto-classify - needs manual review"
1771,3,"M-Z","CAPE MARTIN",40,20,KEEP,medium,"Short entry with valid definition structure"
1771,3,"M-Z","COMMON TIME",367,62,REVIEW,low,"Could not auto-classify - needs manual review"
1771,3,"M-Z","LOG-BOOK",456,655,REVIEW,low,"Could not auto-classify - needs manual review"
1771,3,"M-Z","EXPERIMENTS WITH THE AIR-PUMP",573,4852,REVIEW,low,"Could not auto-classify - needs manual review"
1778,1,"A-AST","ENIGMATOGRAPHY",117,2953,REVIEW,low,"Could not auto-classify - needs manual review"
1778,1,"A-AST","HERESY OF ALMARIC",289,113,REVIEW,low,"Could not auto-classify - needs manual review"
1778,1,"A-AST","CHAP",444,5151,REVIEW,low,"Could not auto-classify - needs manual review"
1778,1,"A-AST","THOUGH WE CAN BY NO",518,1465,REVIEW,low,"Could not auto-classify - needs manual review"
1778,1,"A-AST","THUS IO",758,13957,REVIEW,low,"Could not auto-classify - needs manual review"
1778,2,"Astronomy-BZO","FREE BENCH",406,1803,REVIEW,low,"Could not auto-classify - needs manual review"
1778,2,"Astronomy-BZO","ALTERNATE WATERING AND DRYING",487,1694,REVIEW,low,"Could not auto-classify - needs manual review"
1778,2,"Astronomy-BZO","SOURING",488,4842,REVIEW,low,"Could not auto-classify - needs manual review"
1778,2,"Astronomy-BZO","DIANDRIA MONOGYNYIA",608,152,MERGE,medium,"Latin technical term (subsection): ^(DIANDRIA|TRIANDRIA|TETRANDRIA|PENTANDRIA|HEXANDRIA|OCTANDRIA|DECANDRIA|DODECANDRIA|ICOSANDRIA|POLYANDRIA)"
1778,2,"Astronomy-BZO","DIDYNAMIA ANGIOSPERMIA",608,171,MERGE,medium,"Latin technical term (subsection): ^(DIDYNAMIA|TETRADYNAMIA|MONADELPHIA|DIADELPHIA|POLYADELPHIA|SYNGENESIA|GYNANDRIA|MONOECIA|DIOECIA)"
1778,2,"Astronomy-BZO","ICOSANDRIA POLYGAMIA",608,150,MERGE,medium,"Latin technical term (subsection): ^(DIANDRIA|TRIANDRIA|TETRANDRIA|PENTANDRIA|HEXANDRIA|OCTANDRIA|DECANDRIA|DODECANDRIA|ICOSANDRIA|POLYANDRIA)"
1778,2,"Astronomy-BZO","GYNANDRIA PENTANDRIA",611,142,MERGE,medium,"Latin technical term (subsection): ^(DIDYNAMIA|TETRADYNAMIA|MONADELPHIA|DIADELPHIA|POLYADELPHIA|SYNGENESIA|GYNANDRIA|MONOECIA|DIOECIA)"
1778,2,"Astronomy-BZO","MONODELPHIA POLYANDRIA",611,129,REVIEW,low,"Could not auto-classify - needs manual review"
1778,2,"Astronomy-BZO","MONOECIA TETRANDRIA",611,24046,MERGE,medium,"Latin technical term (subsection): ^(DIDYNAMIA|TETRADYNAMIA|MONADELPHIA|DIADELPHIA|POLYADELPHIA|SYNGENESIA|GYNANDRIA|MONOECIA|DIOECIA)"
1778,2,"Astronomy-BZO","SYNGENESIA POLYGAMIA AEQUALIS",611,167,MERGE,medium,"Latin technical term (subsection): ^(DIDYNAMIA|TETRADYNAMIA|MONADELPHIA|DIADELPHIA|POLYADELPHIA|SYNGENESIA|GYNANDRIA|MONOECIA|DIOECIA)"
1778,2,"Astronomy-BZO","TETRADYNAMIA SILIQUOSA",611,211,MERGE,medium,"Latin technical term (subsection): ^(DIDYNAMIA|TETRADYNAMIA|MONADELPHIA|DIADELPHIA|POLYADELPHIA|SYNGENESIA|GYNANDRIA|MONOECIA|DIOECIA)"
1778,3,"C","BLACK",579,638,REVIEW,low,"Could not auto-classify - needs manual review"
1778,3,"C","ARTIFICIAL CORUSCATIONS MAY ALSO BE PRODUCED BY",768,196,REVIEW,low,"Could not auto-classify - needs manual review"
1778,4,"D-F","MOE",119,855,REVIEW,low,"Could not auto-classify - needs manual review"
1778,4,"D-F","APHORISMS",130,321,REVIEW,low,"Could not auto-classify - needs manual review"
1778,4,"D-F","ISLANDS OF DISAPPOINTMENT",141,118,REVIEW,low,"Could not auto-classify - needs manual review"
1778,4,"D-F","HAROLD IN THE MEAN TIME INCREASED HIS POPULARITY BY ALL POSSIBLE",432,60617,REVIEW,low,"Could not auto-classify - needs manual review"
1778,5,"G-J","MOST OF THE ABOVE PROBLEMS MAY ALSO BE PERFORMED BY",124,13317,REVIEW,low,"Could not auto-classify - needs manual review"
1778,5,"G-J","DCA",173,301,REVIEW,low,"Could not auto-classify - needs manual review"
1778,5,"G-J","KF",173,386,REVIEW,low,"Could not auto-classify - needs manual review"
1778,5,"G-J","SCHLUTER RECOMMENDS MECHANICAL",255,1316,REVIEW,low,"Could not auto-classify - needs manual review"
1778,5,"G-J","MORAL GOOD",262,551,REVIEW,low,"Could not auto-classify - needs manual review"
1778,5,"G-J","WHAT THIS LEARNED AND JUDICIOUS HERALD",552,3436,REVIEW,low,"Could not auto-classify - needs manual review"
1778,5,"G-J","WATER MAY ALSO BE RAISED BY",743,7122,REVIEW,low,"Could not auto-classify - needs manual review"
1778,5,"G-J","COLOUR-MAKING",864,4620,REVIEW,low,"Could not auto-classify - needs manual review"
1778,6,"K-Medicine","SPECTATOR FASTIDIOSUS
SIBI MOLESTUS",438,4259,REVIEW,low,"Could not auto-classify - needs manual review"
1778,6,"K-Medicine","ULLI",459,113,REVIEW,low,"Could not auto-classify - needs manual review"
1778,6,"K-Medicine","ULLY",459,2047,REVIEW,low,"Could not auto-classify - needs manual review"
1778,6,"K-Medicine","ST MAWES",668,29,KEEP,medium,"Short entry with valid definition structure"
1778,6,"K-Medicine","EXERCISE AND ABSTINENCE ARE THE",896,16860,REVIEW,low,"Could not auto-classify - needs manual review"
1778,6,"K-Medicine","PUSTULES ARE SELDOM PERFECTLY CURED BY",1046,5443,REVIEW,low,"Could not auto-classify - needs manual review"
1778,6,"K-Medicine","INDEX

ABORTION",1050,804,REVIEW,low,"Could not auto-classify - needs manual review"
1778,7,"Medicines-Optics","FINNED-FOOTED WATER-BIRDS",208,43,REVIEW,low,"Could not auto-classify - needs manual review"
1778,7,"Medicines-Optics","WEB-FOOTED BIRDS",208,7060,REVIEW,low,"Could not auto-classify - needs manual review"
1778,7,"Medicines-Optics","SECOND CLASS",259,1465,REVIEW,low,"Could not auto-classify - needs manual review"
1778,7,"Medicines-Optics","FOURTH CLASS",264,11826,REVIEW,low,"Could not auto-classify - needs manual review"
1778,7,"Medicines-Optics","FIRST ORDER",279,2170,REVIEW,low,"Could not auto-classify - needs manual review"
1778,7,"Medicines-Optics","HISTORY OF MUSIC",474,6855,REVIEW,low,"Could not auto-classify - needs manual review"
1778,7,"Medicines-Optics","PRELIMINARY DISCOURSE",481,10331,REVIEW,low,"Could not auto-classify - needs manual review"
1778,7,"Medicines-Optics","DEFINITIONS OF SEVERAL TECHNICAL TERMS",488,755,REVIEW,low,"Could not auto-classify - needs manual review"
1778,7,"Medicines-Optics","GENERAL REMARK",521,3704,REVIEW,low,"Could not auto-classify - needs manual review"
1778,7,"Medicines-Optics","REMARK",526,155,REVIEW,low,"Could not auto-classify - needs manual review"
1778,7,"Medicines-Optics","REMARK II",526,2453,REVIEW,low,"Could not auto-classify - needs manual review"
1778,7,"Medicines-Optics","BECAUSE THE EQUABLE DESCRIPTION OF AREAS",696,5586,REVIEW,low,"Could not auto-classify - needs manual review"
1778,7,"Medicines-Optics","TOBACCO IS MADE UP INTO ROLLS BY THE INHABITANTS OF THE INTERIOR PARTS OF AMERICA BY",708,153,REVIEW,low,"Could not auto-classify - needs manual review"
1778,7,"Medicines-Optics","OSEL",766,57,REVIEW,low,"Could not auto-classify - needs manual review"
1778,7,"Medicines-Optics","HISTORY",781,73470,REVIEW,low,"Could not auto-classify - needs manual review"
1778,7,"Medicines-Optics","BD",858,303,REVIEW,low,"Could not auto-classify - needs manual review"
1778,8,"Optics-Poetry","HYDRAULIC ORGAN",245,65,REVIEW,low,"Could not auto-classify - needs manual review"
1778,8,"Optics-Poetry","MARCVS",344,11,MERGE,medium,"Very short entry, likely fragment"
1778,8,"Optics-Poetry","RESTITVRENT",344,1459,REVIEW,low,"Could not auto-classify - needs manual review"
1778,8,"Optics-Poetry","APIAS",352,70,REVIEW,low,"Could not auto-classify - needs manual review"
1778,8,"Optics-Poetry","POTOMACK",409,36,KEEP,medium,"Short entry with valid definition structure"
1778,8,"Optics-Poetry","FEWER ERRORS HAVE BEEN COMMITTED IN THE",500,2239,REVIEW,low,"Could not auto-classify - needs manual review"
1778,8,"Optics-Poetry","STORAX MAY BE EXCELLENTLY PURIFIED BY",533,6798,REVIEW,low,"Could not auto-classify - needs manual review"
1778,8,"Optics-Poetry","INDEX

ACACIA",637,2733,REVIEW,low,"Could not auto-classify - needs manual review"
1778,8,"Optics-Poetry","GRE-HOUND",851,13427,REVIEW,low,"Could not auto-classify - needs manual review"
1778,8,"Optics-Poetry","MORTALS",851,36,REVIEW,low,"Could not auto-classify - needs manual review"
1778,8,"Optics-Poetry","SIGNOR FIDO",851,163,REVIEW,low,"Could not auto-classify - needs manual review"
1778,9,"POI-SCU","GALBA HAVING BEEN BROUGHT TO THE EMPIRE BY",520,48727,REVIEW,low,"Could not auto-classify - needs manual review"
1778,9,"POI-SCU","HEPBURN IS SAID ALSO TO HAVE GAINED AN ASCENDENCY OVER THE REGENT BY",761,102952,REVIEW,low,"Could not auto-classify - needs manual review"
1778,9,"POI-SCU","ELIZABETH HAVING THUS FOUND",852,13989,REVIEW,low,"Could not auto-classify - needs manual review"
1778,10,"SCU-Appendix","CONCERNING THE DECOMPOSITION OF SOAP BY",164,842,REVIEW,low,"Could not auto-classify - needs manual review"
1778,10,"SCU-Appendix","GENERAL SPECIMEN",260,911,REVIEW,low,"Could not auto-classify - needs manual review"
1778,10,"SCU-Appendix","ABERRATION",1060,135,REVIEW,low,"Could not auto-classify - needs manual review"
1778,10,"SCU-Appendix","ACER",1060,77,REVIEW,low,"Could not auto-classify - needs manual review"
1778,10,"SCU-Appendix","ACHRAS",1060,217,REVIEW,low,"Could not auto-classify - needs manual review"
1778,10,"SCU-Appendix","ACIDS",1060,2340,REVIEW,low,"Could not auto-classify - needs manual review"
1778,10,"SCU-Appendix","CONTAINING

ARTICLES OMITTED",1060,30,REVIEW,low,"Could not auto-classify - needs manual review"
1778,10,"SCU-Appendix","ACIDUM VINCULUM",1064,61,REVIEW,low,"Could not auto-classify - needs manual review"
1778,10,"SCU-Appendix","ACONITUM",1064,38,KEEP,medium,"Cross-reference entry (contains "see" directive)"
1778,10,"SCU-Appendix","ACTINIA",1064,71,REVIEW,low,"Could not auto-classify - needs manual review"
1778,10,"SCU-Appendix","ADANSONIA",1065,32,KEEP,medium,"Cross-reference entry (contains "see" directive)"
1778,10,"SCU-Appendix","ADMIRALTY ISLANDS",1065,158,REVIEW,low,"Could not auto-classify - needs manual review"
1778,10,"SCU-Appendix","ADVOCATE",1065,16,KEEP,medium,"Cross-reference entry (contains "see" directive)"
1778,10,"SCU-Appendix","ADVOWSON",1065,71,REVIEW,low,"Could not auto-classify - needs manual review"
1778,10,"SCU-Appendix","AIR",1065,10565,REVIEW,low,"Could not auto-classify - needs manual review"
1778,10,"SCU-Appendix","ALBINUS",1090,879,REVIEW,low,"Could not auto-classify - needs manual review"
1778,10,"SCU-Appendix","ALBURNUM",1091,154,REVIEW,low,"Could not auto-classify - needs manual review"
1778,10,"SCU-Appendix","ALDER",1091,541,REVIEW,low,"Could not auto-classify - needs manual review"
1778,10,"SCU-Appendix","ALKADARII",1092,45,KEEP,medium,"Short entry with valid definition structure"
1778,10,"SCU-Appendix","ALKALI",1092,823,REVIEW,low,"Could not auto-classify - needs manual review"
1778,10,"SCU-Appendix","ALOPECIA",1094,383,REVIEW,low,"Could not auto-classify - needs manual review"
1778,10,"SCU-Appendix","AMALGAMATION",1094,131,REVIEW,low,"Could not auto-classify - needs manual review"
1778,10,"SCU-Appendix","AMBERGRIS",1094,437,REVIEW,low,"Could not auto-classify - needs manual review"
1778,10,"SCU-Appendix","AMNIOS",1094,30,KEEP,medium,"Cross-reference entry (contains "see" directive)"
1778,10,"SCU-Appendix","AMSTERDAM ISLAND",1094,1060,REVIEW,low,"Could not auto-classify - needs manual review"
1778,10,"SCU-Appendix","AMYLACEOUS",1095,22,KEEP,medium,"Cross-reference entry (contains "see" directive)"
1778,10,"SCU-Appendix","ANALYSIS",1095,1422,REVIEW,low,"Could not auto-classify - needs manual review"
1778,10,"SCU-Appendix","ARACHIS",1097,10,KEEP,medium,"Cross-reference entry (contains "see" directive)"
1778,10,"SCU-Appendix","ARCHBISHOP",1097,607,REVIEW,low,"Could not auto-classify - needs manual review"
1778,10,"SCU-Appendix","AREIA",1097,116,REVIEW,low,"Could not auto-classify - needs manual review"
1778,10,"SCU-Appendix","ARILLUS",1097,298,REVIEW,low,"Could not auto-classify - needs manual review"
1778,10,"SCU-Appendix","ARMSTRONG",1098,792,REVIEW,low,"Could not auto-classify - needs manual review"
1778,10,"SCU-Appendix","ARUNDO",1099,18,KEEP,medium,"Cross-reference entry (contains "see" directive)"
1778,10,"SCU-Appendix","ASPHODELUS",1099,87,REVIEW,low,"Could not auto-classify - needs manual review"
1778,10,"SCU-Appendix","ASSETS",1099,170,REVIEW,low,"Could not auto-classify - needs manual review"
1778,10,"SCU-Appendix","ASTERN",1099,61,REVIEW,low,"Could not auto-classify - needs manual review"
1778,10,"SCU-Appendix","ATMOSPHERE",1099,2881,REVIEW,low,"Could not auto-classify - needs manual review"
1778,10,"SCU-Appendix","ATROPA",1101,12,KEEP,medium,"Cross-reference entry (contains "see" directive)"
1778,10,"SCU-Appendix","AVIGATO",1101,559,REVIEW,low,"Could not auto-classify - needs manual review"
1778,10,"SCU-Appendix","AURORA",1102,1181,REVIEW,low,"Could not auto-classify - needs manual review"
1778,10,"SCU-Appendix","BAMFF",1103,168,REVIEW,low,"Could not auto-classify - needs manual review"
1778,10,"SCU-Appendix","BANDITTI",1103,503,REVIEW,low,"Could not auto-classify - needs manual review"
1778,10,"SCU-Appendix","BARILLA",1104,829,REVIEW,low,"Could not auto-classify - needs manual review"
1778,10,"SCU-Appendix","BAROMETER",1104,295,REVIEW,low,"Could not auto-classify - needs manual review"
1778,10,"SCU-Appendix","BASKERVILLE",1105,296,REVIEW,low,"Could not auto-classify - needs manual review"
1778,10,"SCU-Appendix","BASTARD",1105,161,REVIEW,low,"Could not auto-classify - needs manual review"
1778,10,"SCU-Appendix","BERWICK",1105,345,REVIEW,low,"Could not auto-classify - needs manual review"
1778,10,"SCU-Appendix","BLACKSTONE",1105,1293,REVIEW,low,"Could not auto-classify - needs manual review"
1778,10,"SCU-Appendix","BIRCH",1106,1180,REVIEW,low,"Could not auto-classify - needs manual review"
1778,10,"SCU-Appendix","BLACK-CAP",1108,279,REVIEW,low,"Could not auto-classify - needs manual review"
1778,10,"SCU-Appendix","BLACK-JACK",1108,84,REVIEW,low,"Could not auto-classify - needs manual review"
1778,10,"SCU-Appendix","BLACKWALL",1108,846,REVIEW,low,"Could not auto-classify - needs manual review"
1778,10,"SCU-Appendix","BLUE JOHN",1109,142,REVIEW,low,"Could not auto-classify - needs manual review"
1778,10,"SCU-Appendix","BLUSHING",1109,181,REVIEW,low,"Could not auto-classify - needs manual review"
1778,10,"SCU-Appendix","BOLETUS",1109,28,REVIEW,low,"Could not auto-classify - needs manual review"
1778,10,"SCU-Appendix","BONES",1109,147,REVIEW,low,"Could not auto-classify - needs manual review"
1778,10,"SCU-Appendix","BOTANICAL TABLE",1109,1745,REVIEW,low,"Could not auto-classify - needs manual review"
1778,10,"SCU-Appendix","BOTTS",1113,11,KEEP,medium,"Cross-reference entry (contains "see" directive)"
1778,10,"SCU-Appendix","BOWYER",1113,2184,REVIEW,low,"Could not auto-classify - needs manual review"
1778,10,"SCU-Appendix","BRAMINS",1115,152,REVIEW,low,"Could not auto-classify - needs manual review"
1778,10,"SCU-Appendix","BRITAIN",1115,13,MERGE,medium,"Very short entry, likely fragment"
1778,10,"SCU-Appendix","BROWN",1115,2470,REVIEW,low,"Could not auto-classify - needs manual review"
1778,10,"SCU-Appendix","BRUCHUS",1117,12,KEEP,medium,"Cross-reference entry (contains "see" directive)"
1778,10,"SCU-Appendix","BUG",1117,227,REVIEW,low,"Could not auto-classify - needs manual review"
1778,10,"SCU-Appendix","BURSERA",1118,154,REVIEW,low,"Could not auto-classify - needs manual review"
1778,10,"SCU-Appendix","BUTTERWORT",1118,67,REVIEW,low,"Could not auto-classify - needs manual review"
1778,10,"SCU-Appendix","CABINDA",1118,75,REVIEW,low,"Could not auto-classify - needs manual review"
1778,10,"SCU-Appendix","CALAMUS",1118,157,REVIEW,low,"Could not auto-classify - needs manual review"
1778,10,"SCU-Appendix","CALCAREOUS EARTH",1118,755,REVIEW,low,"Could not auto-classify - needs manual review"
1778,10,"SCU-Appendix","CALCINATION",1119,654,REVIEW,low,"Could not auto-classify - needs manual review"
1778,10,"SCU-Appendix","CANELLA ALBA",1119,65,REVIEW,low,"Could not auto-classify - needs manual review"
1778,10,"SCU-Appendix","CANTHARIS",1119,85,REVIEW,low,"Could not auto-classify - needs manual review"
1778,10,"SCU-Appendix","CAOUTCHOUC",1119,149,REVIEW,low,"Could not auto-classify - needs manual review"
1778,10,"SCU-Appendix","CARICA",1120,15,KEEP,medium,"Cross-reference entry (contains "see" directive)"
1778,10,"SCU-Appendix","CARNATION",1120,11,KEEP,medium,"Cross-reference entry (contains "see" directive)"
1778,10,"SCU-Appendix","CARRONADE",1120,56,REVIEW,low,"Could not auto-classify - needs manual review"
1778,10,"SCU-Appendix","CATECHU",1120,23,KEEP,medium,"Cross-reference entry (contains "see" directive)"
1778,10,"SCU-Appendix","CAUSTICITY",1120,14,MERGE,medium,"Very short entry, likely fragment"
1778,10,"SCU-Appendix","CENTRONIA",1120,67,REVIEW,low,"Could not auto-classify - needs manual review"
1778,10,"SCU-Appendix","CHAIN-WALES",1120,11,KEEP,medium,"Cross-reference entry (contains "see" directive)"
1778,10,"SCU-Appendix","CHANCELLOR'S COURT",1120,18,KEEP,medium,"Cross-reference entry (contains "see" directive)"
1778,10,"SCU-Appendix","CHARLOCKS",1120,34,REVIEW,low,"Could not auto-classify - needs manual review"
1778,10,"SCU-Appendix","CHAVARIA",1120,25,KEEP,medium,"Cross-reference entry (contains "see" directive)"
1778,10,"SCU-Appendix","CHESELDEN",1120,587,REVIEW,low,"Could not auto-classify - needs manual review"
1778,10,"SCU-Appendix","CAPE COAST",1121,212,KEEP,medium,"Geographic prefix "CAPE " - may be valid subdivision"
1778,10,"SCU-Appendix","CHINA",1121,566,REVIEW,low,"Could not auto-classify - needs manual review"
1778,10,"SCU-Appendix","CHOCOLATE",1121,150,REVIEW,low,"Could not auto-classify - needs manual review"
1778,10,"SCU-Appendix","CIMICIFUGA",1121,173,REVIEW,low,"Could not auto-classify - needs manual review"
1778,10,"SCU-Appendix","CLEPSYDRA",1121,11,KEEP,medium,"Cross-reference entry (contains "see" directive)"
1778,10,"SCU-Appendix","COCCINELLA",1122,360,REVIEW,low,"Could not auto-classify - needs manual review"
1778,10,"SCU-Appendix","COCCUS",1122,2080,REVIEW,low,"Could not auto-classify - needs manual review"
1778,10,"SCU-Appendix","COCHINEAL",1124,256,REVIEW,low,"Could not auto-classify - needs manual review"
1778,10,"SCU-Appendix","COCKBURNE",1124,845,REVIEW,low,"Could not auto-classify - needs manual review"
1778,10,"SCU-Appendix","COLLINSON",1125,725,REVIEW,low,"Could not auto-classify - needs manual review"
1778,10,"SCU-Appendix","COLUBER NAJA",1125,90,REVIEW,low,"Could not auto-classify - needs manual review"
1778,10,"SCU-Appendix","COMPASSES",1125,1072,REVIEW,low,"Could not auto-classify - needs manual review"
1778,10,"SCU-Appendix","COMPOSITION",1126,10,KEEP,medium,"Cross-reference entry (contains "see" directive)"
1778,10,"SCU-Appendix","COMUS",1126,86,REVIEW,low,"Could not auto-classify - needs manual review"
1778,10,"SCU-Appendix","CONCEPTION",1126,878,REVIEW,low,"Could not auto-classify - needs manual review"
1778,10,"SCU-Appendix","COOK",1127,2250,REVIEW,low,"Could not auto-classify - needs manual review"
1778,10,"SCU-Appendix","CORAL",1129,975,REVIEW,low,"Could not auto-classify - needs manual review"
1778,10,"SCU-Appendix","CORALLINES",1130,545,REVIEW,low,"Could not auto-classify - needs manual review"
1778,10,"SCU-Appendix","CORYPHA",1131,436,REVIEW,low,"Could not auto-classify - needs manual review"
1778,10,"SCU-Appendix","CRADLE",1131,15,KEEP,medium,"Cross-reference entry (contains "see" directive)"
1778,10,"SCU-Appendix","CREST",1131,12,KEEP,medium,"Cross-reference entry (contains "see" directive)"
1778,10,"SCU-Appendix","CRICKET",1131,144,REVIEW,low,"Could not auto-classify - needs manual review"
1778,10,"SCU-Appendix","CULEX",1132,890,REVIEW,low,"Could not auto-classify - needs manual review"
1778,10,"SCU-Appendix","CULLODEN",1132,560,REVIEW,low,"Could not auto-classify - needs manual review"
1778,10,"SCU-Appendix","CURCULIO",1133,192,REVIEW,low,"Could not auto-classify - needs manual review"
1778,10,"SCU-Appendix","DAEMON",1133,254,REVIEW,low,"Could not auto-classify - needs manual review"
1778,10,"SCU-Appendix","DAMPS",1134,181,REVIEW,low,"Could not auto-classify - needs manual review"
1778,10,"SCU-Appendix","DEFORMITY",1135,959,REVIEW,low,"Could not auto-classify - needs manual review"
1778,10,"SCU-Appendix","DEMESNE LANDS",1135,18,KEEP,medium,"Cross-reference entry (contains "see" directive)"
1778,10,"SCU-Appendix","DODD",1135,445,REVIEW,low,"Could not auto-classify - needs manual review"
1778,10,"SCU-Appendix","DODONIAN",1136,180,REVIEW,low,"Could not auto-classify - needs manual review"
1778,10,"SCU-Appendix","DOWER",1136,33,KEEP,medium,"Cross-reference entry (contains "see" directive)"
1778,10,"SCU-Appendix","DUNSTAFFNAGE",1136,392,REVIEW,low,"Could not auto-classify - needs manual review"
1778,10,"SCU-Appendix","DYING",1136,48,KEEP,medium,"Cross-reference entry (contains "see" directive)"
1778,10,"SCU-Appendix","EAR-ACH",1136,1111,REVIEW,low,"Could not auto-classify - needs manual review"
1778,10,"SCU-Appendix","ENTOMOLOGY",1138,6297,REVIEW,low,"Could not auto-classify - needs manual review"
1778,10,"SCU-Appendix","EPACTS",1144,627,REVIEW,low,"Could not auto-classify - needs manual review"
1778,10,"SCU-Appendix","EPHEMERA",1146,536,REVIEW,low,"Could not auto-classify - needs manual review"
1778,10,"SCU-Appendix","EPHORI",1146,56,REVIEW,low,"Could not auto-classify - needs manual review"
1778,10,"SCU-Appendix","EPILOBIUM",1146,71,REVIEW,low,"Could not auto-classify - needs manual review"
1778,10,"SCU-Appendix","ERYTHRINA",1146,160,REVIEW,low,"Could not auto-classify - needs manual review"
1778,10,"SCU-Appendix","ESCHARA",1146,476,REVIEW,low,"Could not auto-classify - needs manual review"
1778,10,"SCU-Appendix","ESCHEAT",1146,206,REVIEW,low,"Could not auto-classify - needs manual review"
1778,10,"SCU-Appendix","ESTRAY",1147,142,REVIEW,low,"Could not auto-classify - needs manual review"
1778,10,"SCU-Appendix","EXERCISE",1147,10,KEEP,medium,"Cross-reference entry (contains "see" directive)"
1778,10,"SCU-Appendix","EYE",1147,246,REVIEW,low,"Could not auto-classify - needs manual review"
1778,10,"SCU-Appendix","FARTHING",1147,129,REVIEW,low,"Could not auto-classify - needs manual review"
1778,10,"SCU-Appendix","FAWKES",1147,314,REVIEW,low,"Could not auto-classify - needs manual review"
1778,10,"SCU-Appendix","FEOFFMENT",1148,348,REVIEW,low,"Could not auto-classify - needs manual review"
1778,10,"SCU-Appendix","FERETTO",1148,74,REVIEW,low,"Could not auto-classify - needs manual review"
1778,10,"SCU-Appendix","FICUS",1148,314,REVIEW,low,"Could not auto-classify - needs manual review"
1778,10,"SCU-Appendix","FINE-DRAWING",1148,227,REVIEW,low,"Could not auto-classify - needs manual review"
1778,10,"SCU-Appendix","FINGAL",1149,1347,REVIEW,low,"Could not auto-classify - needs manual review"
1778,10,"SCU-Appendix","FIRE",1150,1428,REVIEW,low,"Could not auto-classify - needs manual review"
1778,10,"SCU-Appendix","FLAX-PLANT",1151,3315,REVIEW,low,"Could not auto-classify - needs manual review"
1778,10,"SCU-Appendix","FOSSILS",1154,553,REVIEW,low,"Could not auto-classify - needs manual review"
1778,10,"SCU-Appendix","FOTHERGILL",1154,895,REVIEW,low,"Could not auto-classify - needs manual review"
1778,10,"SCU-Appendix","FRAXINELLA",1155,124,REVIEW,low,"Could not auto-classify - needs manual review"
1778,10,"SCU-Appendix","FRENUM",1155,45,KEEP,medium,"Short entry with valid definition structure"
1778,10,"SCU-Appendix","FROST",1155,1254,REVIEW,low,"Could not auto-classify - needs manual review"
1778,10,"SCU-Appendix","FUCUS",1156,2316,REVIEW,low,"Could not auto-classify - needs manual review"
1778,10,"SCU-Appendix","FULGORA",1159,83,REVIEW,low,"Could not auto-classify - needs manual review"
1778,10,"SCU-Appendix","FUNGI",1159,403,REVIEW,low,"Could not auto-classify - needs manual review"
1778,10,"SCU-Appendix","FURIA",1159,219,REVIEW,low,"Could not auto-classify - needs manual review"
1778,10,"SCU-Appendix","FUST",1159,56,REVIEW,low,"Could not auto-classify - needs manual review"
1778,10,"SCU-Appendix","GARDENS",1159,241,REVIEW,low,"Could not auto-classify - needs manual review"
1778,10,"SCU-Appendix","GAS",1160,447,REVIEW,low,"Could not auto-classify - needs manual review"
1778,10,"SCU-Appendix","GAUBIUS",1160,507,REVIEW,low,"Could not auto-classify - needs manual review"
1778,10,"SCU-Appendix","GENTOOS",1160,1404,REVIEW,low,"Could not auto-classify - needs manual review"
1778,10,"SCU-Appendix","GLOSSOPETRA",1162,357,REVIEW,low,"Could not auto-classify - needs manual review"
1778,10,"SCU-Appendix","GORDON",1162,312,REVIEW,low,"Could not auto-classify - needs manual review"
1778,10,"SCU-Appendix","GORDONIA",1162,161,REVIEW,low,"Could not auto-classify - needs manual review"
1778,10,"SCU-Appendix","GORGONIA",1162,382,REVIEW,low,"Could not auto-classify - needs manual review"
1778,10,"SCU-Appendix","GRASS",1163,2981,REVIEW,low,"Could not auto-classify - needs manual review"
1778,10,"SCU-Appendix","HERIOT",1165,166,REVIEW,low,"Could not auto-classify - needs manual review"
1778,10,"SCU-Appendix","HERNANDIA",1166,116,REVIEW,low,"Could not auto-classify - needs manual review"
1778,10,"SCU-Appendix","HOLOTHURIA",1166,90,REVIEW,low,"Could not auto-classify - needs manual review"
1778,10,"SCU-Appendix","HOOKE",1166,1278,REVIEW,low,"Could not auto-classify - needs manual review"
1778,10,"SCU-Appendix","HOPE",1167,1219,REVIEW,low,"Could not auto-classify - needs manual review"
1778,10,"SCU-Appendix","HUNTER",1168,1269,REVIEW,low,"Could not auto-classify - needs manual review"
1778,10,"SCU-Appendix","HYDRA",1169,31,KEEP,medium,"Cross-reference entry (contains "see" directive)"
1778,10,"SCU-Appendix","HYDROCEPHALUS INTERNUM",1169,62,REVIEW,low,"Could not auto-classify - needs manual review"
1778,10,"SCU-Appendix","ICHNEUMON",1169,619,REVIEW,low,"Could not auto-classify - needs manual review"
1778,10,"SCU-Appendix","JAGO",1169,149,REVIEW,low,"Could not auto-classify - needs manual review"
1778,10,"SCU-Appendix","ICHTHYOLOGY",1170,510,REVIEW,low,"Could not auto-classify - needs manual review"
1778,10,"SCU-Appendix","IDEAS",1170,2844,REVIEW,low,"Could not auto-classify - needs manual review"
1778,10,"SCU-Appendix","INEBRIANTS",1173,245,REVIEW,low,"Could not auto-classify - needs manual review"
1778,10,"SCU-Appendix","INJECTION",1173,568,REVIEW,low,"Could not auto-classify - needs manual review"
1778,10,"SCU-Appendix","KALMIA",1173,553,REVIEW,low,"Could not auto-classify - needs manual review"
1778,10,"SCU-Appendix","KERATOPHYTUM",1174,447,REVIEW,low,"Could not auto-classify - needs manual review"
1778,10,"SCU-Appendix","LARVA",1176,78,REVIEW,low,"Could not auto-classify - needs manual review"
1778,10,"SCU-Appendix","LEASE",1176,207,REVIEW,low,"Could not auto-classify - needs manual review"
1778,10,"SCU-Appendix","LEPAS",1176,100,REVIEW,low,"Could not auto-classify - needs manual review"
1778,10,"SCU-Appendix","LIBERTY",1176,1411,REVIEW,low,"Could not auto-classify - needs manual review"
1778,10,"SCU-Appendix","LIEUTAUD",1177,197,REVIEW,low,"Could not auto-classify - needs manual review"
1778,10,"SCU-Appendix","LITHOSTROTION",1177,65,REVIEW,low,"Could not auto-classify - needs manual review"
1778,10,"SCU-Appendix","LYMINGTON",1177,17,KEEP,medium,"Short entry with valid definition structure"
1778,10,"SCU-Appendix","MACBRIDE",1177,1423,REVIEW,low,"Could not auto-classify - needs manual review"
1778,10,"SCU-Appendix","MADREPORA",1179,446,REVIEW,low,"Could not auto-classify - needs manual review"
1778,10,"SCU-Appendix","MAGNOLIA",1179,315,REVIEW,low,"Could not auto-classify - needs manual review"
1778,10,"SCU-Appendix","MALALEUCA",1179,117,REVIEW,low,"Could not auto-classify - needs manual review"
1778,10,"SCU-Appendix","MAN-OF-WAR BIRD",1180,218,REVIEW,low,"Could not auto-classify - needs manual review"
1778,10,"SCU-Appendix","MARBELLA",1180,32,KEEP,medium,"Short entry with valid definition structure"
1778,10,"SCU-Appendix","MARINE REMAINS",1180,1949,REVIEW,low,"Could not auto-classify - needs manual review"
1778,10,"SCU-Appendix","MASQUERADE",1182,67,REVIEW,low,"Could not auto-classify - needs manual review"
1778,10,"SCU-Appendix","MEASURES",1182,2095,REVIEW,low,"Could not auto-classify - needs manual review"
1778,10,"SCU-Appendix","MEDICINE",1183,23954,REVIEW,low,"Could not auto-classify - needs manual review"
1778,10,"SCU-Appendix","MEDINE",1184,24,KEEP,medium,"Short entry with valid definition structure"
1778,10,"SCU-Appendix","MERCURIFICATION",1184,277,REVIEW,low,"Could not auto-classify - needs manual review"
1778,10,"SCU-Appendix","MILLEPORA",1184,141,REVIEW,low,"Could not auto-classify - needs manual review"
1778,10,"SCU-Appendix","MINE",1184,1147,REVIEW,low,"Could not auto-classify - needs manual review"
1778,10,"SCU-Appendix","MINERALOGY",1187,28,REVIEW,low,"Could not auto-classify - needs manual review"
1778,10,"SCU-Appendix","MOATAZALITES",1187,182,REVIEW,low,"Could not auto-classify - needs manual review"
1778,10,"SCU-Appendix","MORGO",1187,59,REVIEW,low,"Could not auto-classify - needs manual review"
1778,10,"SCU-Appendix","MOSES",1187,354,REVIEW,low,"Could not auto-classify - needs manual review"
1778,10,"SCU-Appendix","MUNDA",1187,1171,REVIEW,low,"Could not auto-classify - needs manual review"
1778,10,"SCU-Appendix","MULLEIN",1188,56,REVIEW,low,"Could not auto-classify - needs manual review"
1778,10,"SCU-Appendix","MUSCA",1188,176,REVIEW,low,"Could not auto-classify - needs manual review"
1778,10,"SCU-Appendix","MYA MARGARITIFERA",1189,356,REVIEW,low,"Could not auto-classify - needs manual review"
1778,10,"SCU-Appendix","MYCETITES DISCOIDES",1189,192,REVIEW,low,"Could not auto-classify - needs manual review"
1778,10,"SCU-Appendix","NARVA",1189,82,REVIEW,low,"Could not auto-classify - needs manual review"
1778,10,"SCU-Appendix","NECESSITY",1189,2923,REVIEW,low,"Could not auto-classify - needs manual review"
1778,10,"SCU-Appendix","NEREIS",1192,199,REVIEW,low,"Could not auto-classify - needs manual review"
1778,10,"SCU-Appendix","NEWTON",1192,1271,REVIEW,low,"Could not auto-classify - needs manual review"
1778,10,"SCU-Appendix","NIDDUI",1193,138,REVIEW,low,"Could not auto-classify - needs manual review"
1778,10,"SCU-Appendix","NILOMETER",1193,36,KEEP,medium,"Cross-reference entry (contains "see" directive)"
1778,10,"SCU-Appendix","ODIN",1193,447,REVIEW,low,"Could not auto-classify - needs manual review"
1778,10,"SCU-Appendix","OESTRUS",1194,335,REVIEW,low,"Could not auto-classify - needs manual review"
1778,10,"SCU-Appendix","ONONIS",1194,167,REVIEW,low,"Could not auto-classify - needs manual review"
1778,10,"SCU-Appendix","OPORTO",1194,90,REVIEW,low,"Could not auto-classify - needs manual review"
1778,10,"SCU-Appendix","OPPENHEIM",1194,38,KEEP,medium,"Short entry with valid definition structure"
1778,10,"SCU-Appendix","OPTION",1194,139,REVIEW,low,"Could not auto-classify - needs manual review"
1778,10,"SCU-Appendix","OSMUNDA",1194,79,REVIEW,low,"Could not auto-classify - needs manual review"
1778,10,"SCU-Appendix","OTALGIA",1194,178,REVIEW,low,"Could not auto-classify - needs manual review"
1778,10,"SCU-Appendix","PARMESAN CHEESE",1195,2512,REVIEW,low,"Could not auto-classify - needs manual review"
1778,10,"SCU-Appendix","PARONYCHIA",1195,350,REVIEW,low,"Could not auto-classify - needs manual review"
1778,10,"SCU-Appendix","PARRA",1195,129,REVIEW,low,"Could not auto-classify - needs manual review"
1778,10,"SCU-Appendix","PASSIFLORA",1199,760,REVIEW,low,"Could not auto-classify - needs manual review"
1778,10,"SCU-Appendix","PAVING",1200,1078,REVIEW,low,"Could not auto-classify - needs manual review"
1778,10,"SCU-Appendix","PAWN",1200,200,REVIEW,low,"Could not auto-classify - needs manual review"
1778,10,"SCU-Appendix","PERIAGUA",1201,457,REVIEW,low,"Could not auto-classify - needs manual review"
1778,10,"SCU-Appendix","PHAETON",1201,281,REVIEW,low,"Could not auto-classify - needs manual review"
1778,10,"SCU-Appendix","PHARMACY",1201,40,REVIEW,low,"Could not auto-classify - needs manual review"
1778,10,"SCU-Appendix","PHASCUM",1202,43,KEEP,medium,"Short entry with valid definition structure"
1778,10,"SCU-Appendix","PHORMIUM",1202,17,KEEP,medium,"Cross-reference entry (contains "see" directive)"
1778,10,"SCU-Appendix","PILARETIC",1202,41,KEEP,medium,"Short entry with valid definition structure"
1778,10,"SCU-Appendix","PILEUS",1202,39,KEEP,medium,"Short entry with valid definition structure"
1778,10,"SCU-Appendix","PINANG",1202,17,KEEP,medium,"Cross-reference entry (contains "see" directive)"
1778,10,"SCU-Appendix","PINGUICULA VULGARIS",1202,261,REVIEW,low,"Could not auto-classify - needs manual review"
1778,10,"SCU-Appendix","PLANTS",1203,326,REVIEW,low,"Could not auto-classify - needs manual review"
1778,10,"SCU-Appendix","PLAY",1203,601,REVIEW,low,"Could not auto-classify - needs manual review"
1778,10,"SCU-Appendix","PLEASURE",1203,450,REVIEW,low,"Could not auto-classify - needs manual review"
1778,10,"SCU-Appendix","PLUMBAGO",1204,129,REVIEW,low,"Could not auto-classify - needs manual review"
1778,10,"SCU-Appendix","POE-BIRD",1204,141,REVIEW,low,"Could not auto-classify - needs manual review"
1778,10,"SCU-Appendix","POINT-BLANK",1204,194,REVIEW,low,"Could not auto-classify - needs manual review"
1778,10,"SCU-Appendix","POLYGAMY",1204,2233,REVIEW,low,"Could not auto-classify - needs manual review"
1778,10,"SCU-Appendix","POLYPE",1206,1611,REVIEW,low,"Could not auto-classify - needs manual review"
1778,10,"SCU-Appendix","POLYTRICHUM",1207,2053,REVIEW,low,"Could not auto-classify - needs manual review"
1778,10,"SCU-Appendix","PORELLA",1209,99,REVIEW,low,"Could not auto-classify - needs manual review"
1778,10,"SCU-Appendix","PORPITES",1209,62,REVIEW,low,"Could not auto-classify - needs manual review"
1778,10,"SCU-Appendix","POTSDAM",1209,417,REVIEW,low,"Could not auto-classify - needs manual review"
1778,10,"SCU-Appendix","PREDETERMINATION",1210,454,REVIEW,low,"Could not auto-classify - needs manual review"
1778,10,"SCU-Appendix","PRESBYTERY",1211,194,REVIEW,low,"Could not auto-classify - needs manual review"
1778,10,"SCU-Appendix","PRINGLE",1211,746,REVIEW,low,"Could not auto-classify - needs manual review"
1778,10,"SCU-Appendix","PROPHECY",1212,2087,REVIEW,low,"Could not auto-classify - needs manual review"
1778,10,"SCU-Appendix","PROVENCAL POETS",1213,439,REVIEW,low,"Could not auto-classify - needs manual review"
1778,10,"SCU-Appendix","PRUDENCE",1214,221,REVIEW,low,"Could not auto-classify - needs manual review"
1778,10,"SCU-Appendix","PTINUS",1214,288,REVIEW,low,"Could not auto-classify - needs manual review"
1778,10,"SCU-Appendix","PULUX",1214,393,REVIEW,low,"Could not auto-classify - needs manual review"
1778,10,"SCU-Appendix","PYRAMIDS",1215,216,REVIEW,low,"Could not auto-classify - needs manual review"
1778,10,"SCU-Appendix","PYROMETER",1215,1452,REVIEW,low,"Could not auto-classify - needs manual review"
1778,10,"SCU-Appendix","PYROPHORUS",1216,1264,REVIEW,low,"Could not auto-classify - needs manual review"
1778,10,"SCU-Appendix","QUARTZ",1217,171,REVIEW,low,"Could not auto-classify - needs manual review"
1778,10,"SCU-Appendix","QUASIA",1218,25,KEEP,medium,"Short entry with valid definition structure"
1778,10,"SCU-Appendix","RAGUSA",1218,83,REVIEW,low,"Could not auto-classify - needs manual review"
1778,10,"SCU-Appendix","RAPHIDIA",1218,252,REVIEW,low,"Could not auto-classify - needs manual review"
1778,10,"SCU-Appendix","RED-BREAST",1218,467,REVIEW,low,"Could not auto-classify - needs manual review"
1778,10,"SCU-Appendix","REPRODUCTION",1218,2141,REVIEW,low,"Could not auto-classify - needs manual review"
1778,10,"SCU-Appendix","REST-HARROW",1220,49,KEEP,medium,"Short entry with valid definition structure"
1778,10,"SCU-Appendix","ROSCRUICANS",1220,67,REVIEW,low,"Could not auto-classify - needs manual review"
1778,10,"SCU-Appendix","ROUSSEAU",1220,1468,REVIEW,low,"Could not auto-classify - needs manual review"
1778,10,"SCU-Appendix","SAINTS",1221,730,REVIEW,low,"Could not auto-classify - needs manual review"
1778,10,"SCU-Appendix","SALT",1222,1099,REVIEW,low,"Could not auto-classify - needs manual review"
1778,10,"SCU-Appendix","SANDEMANIANS",1223,769,REVIEW,low,"Could not auto-classify - needs manual review"
1778,10,"SCU-Appendix","SAPOTA",1224,44,KEEP,medium,"Cross-reference entry (contains "see" directive)"
1778,10,"SCU-Appendix","SASSAFRAS",1224,570,REVIEW,low,"Could not auto-classify - needs manual review"
1778,10,"SCU-Appendix","SCALDS",1225,26,KEEP,medium,"Short entry with valid definition structure"
1778,10,"SCU-Appendix","SCARBOROUGH",1225,242,REVIEW,low,"Could not auto-classify - needs manual review"
1778,10,"SCU-Appendix","SCHOONER",1225,64,REVIEW,low,"Could not auto-classify - needs manual review"
1797,1,"A-ANG","AQUANA JUGA",171,36,REVIEW,low,"Could not auto-classify - needs manual review"
1797,1,"A-ANG","AQUIMELIUM",171,817,REVIEW,low,"Could not auto-classify - needs manual review"
1797,1,"A-ANG","INFLAMMABLE AIR HAVING BEEN AT FIRST PRODUCED ONLY FROM METALS BY",201,2461,REVIEW,low,"Could not auto-classify - needs manual review"
1797,1,"A-ANG","INFLAMMABLE AIR PROCURED BY",203,21590,REVIEW,low,"Could not auto-classify - needs manual review"
1797,1,"A-ANG","RAW-FISH PRODUCES DEPHLOGISTICATED AIR BY",225,6330,REVIEW,low,"Could not auto-classify - needs manual review"
1797,1,"A-ANG","WINGS OR OARS ARE THE ONLY",243,347,REVIEW,low,"Could not auto-classify - needs manual review"
1797,1,"A-ANG","DEFINITIONS",446,4171,REVIEW,low,"Could not auto-classify - needs manual review"
1797,1,"A-ANG","PART
PART II",474,21827,REVIEW,low,"Could not auto-classify - needs manual review"
1797,1,"A-ANG","HERESY OF ALMARIC",526,119,REVIEW,low,"Could not auto-classify - needs manual review"
1797,1,"A-ANG","CORRECTED",888,104,REVIEW,low,"Could not auto-classify - needs manual review"
1797,2,"ANG-BAR","THOUGH WE CAN BY NO",50,1768,REVIEW,low,"Could not auto-classify - needs manual review"
1797,2,"ANG-BAR","THUS IO",347,27334,REVIEW,low,"Could not auto-classify - needs manual review"
1797,2,"ANG-BAR","AMIERS",396,21,KEEP,medium,"Short entry with valid definition structure"
1797,2,"ANG-BAR","ADVENTURE",806,13,KEEP,medium,"Short entry with valid definition structure"
1797,2,"ANG-BAR","BISHOP'S AUKLAND",818,128,REVIEW,low,"Could not auto-classify - needs manual review"
1797,3,"BAR-BZO","FREE-BENCH",181,3025,REVIEW,low,"Could not auto-classify - needs manual review"
1797,3,"BAR-BZO","JOURNAL",407,7086,REVIEW,low,"Could not auto-classify - needs manual review"
1797,3,"BAR-BZO","ORDERS",461,5533,REVIEW,low,"Could not auto-classify - needs manual review"
1797,3,"BAR-BZO","DIANDRIA MONOGYNYA",466,152,MERGE,medium,"Latin technical term (subsection): ^(DIANDRIA|TRIANDRIA|TETRANDRIA|PENTANDRIA|HEXANDRIA|OCTANDRIA|DECANDRIA|DODECANDRIA|ICOSANDRIA|POLYANDRIA)"
1797,3,"BAR-BZO","DIDYNAMIA ANGIOSPERMIA",466,172,MERGE,medium,"Latin technical term (subsection): ^(DIDYNAMIA|TETRADYNAMIA|MONADELPHIA|DIADELPHIA|POLYADELPHIA|SYNGENESIA|GYNANDRIA|MONOECIA|DIOECIA)"
1797,3,"BAR-BZO","ICOSANDRIA POLYGAMIA",466,150,MERGE,medium,"Latin technical term (subsection): ^(DIANDRIA|TRIANDRIA|TETRANDRIA|PENTANDRIA|HEXANDRIA|OCTANDRIA|DECANDRIA|DODECANDRIA|ICOSANDRIA|POLYANDRIA)"
1797,3,"BAR-BZO","GYNANDRIA PENTANDRIA",471,142,MERGE,medium,"Latin technical term (subsection): ^(DIDYNAMIA|TETRADYNAMIA|MONADELPHIA|DIADELPHIA|POLYADELPHIA|SYNGENESIA|GYNANDRIA|MONOECIA|DIOECIA)"
1797,3,"BAR-BZO","MONODELPHIA POLYANDRIA",471,129,REVIEW,low,"Could not auto-classify - needs manual review"
1797,3,"BAR-BZO","MONOECIA TETRANDRIA",471,108,MERGE,medium,"Latin technical term (subsection): ^(DIDYNAMIA|TETRADYNAMIA|MONADELPHIA|DIADELPHIA|POLYADELPHIA|SYNGENESIA|GYNANDRIA|MONOECIA|DIOECIA)"
1797,3,"BAR-BZO","SYNGENESIA POLYGAMIA-AEQUALIS",471,166,MERGE,medium,"Latin technical term (subsection): ^(DIDYNAMIA|TETRADYNAMIA|MONADELPHIA|DIADELPHIA|POLYADELPHIA|SYNGENESIA|GYNANDRIA|MONOECIA|DIOECIA)"
1797,3,"BAR-BZO","TETRADYNAMIA SILIQUOSA",471,212,MERGE,medium,"Latin technical term (subsection): ^(DIDYNAMIA|TETRADYNAMIA|MONADELPHIA|DIADELPHIA|POLYADELPHIA|SYNGENESIA|GYNANDRIA|MONOECIA|DIOECIA)"
1797,3,"BAR-BZO","ESSENTIAL CHARACTER",472,159,REVIEW,low,"Could not auto-classify - needs manual review"
1797,3,"BAR-BZO","NATURAL CHARACTER",472,93,REVIEW,low,"Could not auto-classify - needs manual review"
1797,3,"BAR-BZO","RHEUM PALMATUM",472,1881,REVIEW,low,"Could not auto-classify - needs manual review"
1797,3,"BAR-BZO","GENERAL TERMS",483,2107,REVIEW,low,"Could not auto-classify - needs manual review"
1797,3,"BAR-BZO","SPECIAL TERMS",486,51426,REVIEW,low,"Could not auto-classify - needs manual review"
1797,3,"BAR-BZO","FLOATING-BRIDGE",600,136,REVIEW,low,"Could not auto-classify - needs manual review"
1797,3,"BAR-BZO","KFG",600,433,REVIEW,low,"Could not auto-classify - needs manual review"
1797,3,"BAR-BZO","LORD CHATHAM WAS BY NO",714,26650,REVIEW,low,"Could not auto-classify - needs manual review"
1797,3,"BAR-BZO","NEW BURLINGTON",826,28,KEEP,medium,"Short entry with valid definition structure"
1797,4,"CAA-CIC","THOMSON'S WINTER",126,12651,REVIEW,low,"Could not auto-classify - needs manual review"
1797,4,"CAA-CIC","THEIR HOUSES ARE MADE IN THE WATER COLLECTED BY",269,1260,REVIEW,low,"Could not auto-classify - needs manual review"
1797,4,"CAA-CIC","THOMPSON",332,7211,REVIEW,low,"Could not auto-classify - needs manual review"
1797,4,"CAA-CIC","BATTLE",357,196,REVIEW,low,"Could not auto-classify - needs manual review"
1797,4,"CAA-CIC","QUEEN CHARLOTTE'S ISLAND",388,81,REVIEW,low,"Could not auto-classify - needs manual review"
1797,4,"CAA-CIC","QUEEN CHARLOTTE'S ISLANDS",388,142,REVIEW,low,"Could not auto-classify - needs manual review"
1797,4,"CAA-CIC","ACIDS",664,11,MERGE,medium,"Very short entry, likely fragment"
1797,4,"CAA-CIC","ALCOHOL",664,20,REVIEW,low,"Could not auto-classify - needs manual review"
1797,4,"CAA-CIC","EARTHS",664,71,REVIEW,low,"Could not auto-classify - needs manual review"
1797,4,"CAA-CIC","OILS",664,69,REVIEW,low,"Could not auto-classify - needs manual review"
1797,4,"CAA-CIC","OSTEOCELLA",664,324,REVIEW,low,"Could not auto-classify - needs manual review"
1797,4,"CAA-CIC","VITRIOLIC",665,27,REVIEW,low,"Could not auto-classify - needs manual review"
1797,4,"CAA-CIC","ACID OF BORAX",666,675,REVIEW,low,"Could not auto-classify - needs manual review"
1797,4,"CAA-CIC","ALKALIES",667,609,REVIEW,low,"Could not auto-classify - needs manual review"
1797,4,"CAA-CIC","METALS",673,22,REVIEW,low,"Could not auto-classify - needs manual review"
1797,4,"CAA-CIC","SEMIMETALS",673,27,REVIEW,low,"Could not auto-classify - needs manual review"
1797,4,"CAA-CIC","SOLUTIONS EFFECTED BY",794,4433,REVIEW,low,"Could not auto-classify - needs manual review"
1797,5,"CIC-DIA","WATER IS FOUND TO SUSPEND THE RESIN BY",21,1486,REVIEW,low,"Could not auto-classify - needs manual review"
1797,5,"CIC-DIA","ELECTRICAL CIRCUIT",30,2613,REVIEW,low,"Could not auto-classify - needs manual review"
1797,5,"CIC-DIA","RELATIVE PROFIT IS WHAT",230,3279,REVIEW,low,"Could not auto-classify - needs manual review"
1797,5,"CIC-DIA","CG",354,2634,REVIEW,low,"Could not auto-classify - needs manual review"
1797,5,"CIC-DIA","ARTIFICIAL CORUSCATIONS MAY ALSO BE PRODUCED BY",507,196,REVIEW,low,"Could not auto-classify - needs manual review"
1797,5,"CIC-DIA","YET LET US ENQUIRE WHAT",566,4344,REVIEW,low,"Could not auto-classify - needs manual review"
1797,5,"CIC-DIA","HALF-DECK",745,64,REVIEW,low,"Could not auto-classify - needs manual review"
1797,6,"DIA-ETH","NARROW",22,121,REVIEW,low,"Could not auto-classify - needs manual review"
1797,6,"DIA-ETH","MOE",24,122,REVIEW,low,"Could not auto-classify - needs manual review"
1797,6,"DIA-ETH","APHORISMS",43,507,REVIEW,low,"Could not auto-classify - needs manual review"
1797,6,"DIA-ETH","ISLANDS OF DISAPPOINTMENT",56,119,REVIEW,low,"Could not auto-classify - needs manual review"
1797,6,"DIA-ETH","MECHANICAL DIVISION",83,814,REVIEW,low,"Could not auto-classify - needs manual review"
1797,6,"DIA-ETH","D'",104,89,REVIEW,low,"Could not auto-classify - needs manual review"
1797,6,"DIA-ETH","VIR NOBILISSIMUS
FRANCISCUS DOMINUS NAPIER",344,16,MERGE,medium,"Very short entry, likely fragment"
1797,6,"DIA-ETH","LET US GIVE YET ANOTHER INSTANCE OF THE",366,30433,REVIEW,low,"Could not auto-classify - needs manual review"
1797,6,"DIA-ETH","PHYSCON HAVING BY THIS",406,35382,REVIEW,low,"Could not auto-classify - needs manual review"
1797,6,"DIA-ETH","CONDUCTING POWER OF VARIOUS SUBSTANCES ASCERTAINED BY",586,2333,REVIEW,low,"Could not auto-classify - needs manual review"
1797,6,"DIA-ETH","GEOMETRICAL FIGURES BEAUTIFULLY SHOWN BY",589,1634,REVIEW,low,"Could not auto-classify - needs manual review"
1797,6,"DIA-ETH","STEAM-ENGINE",628,19,KEEP,medium,"Cross-reference entry (contains "see" directive)"
1797,6,"DIA-ETH","HAROLD IN THE MEAN TIME INCREASED HIS POPULARITY BY ALL POSSIBLE",651,69993,REVIEW,low,"Could not auto-classify - needs manual review"
1797,7,"ETM-GOA","LETTERS OF EXONERATION",78,41,KEEP,medium,"Short entry with valid definition structure"
1797,7,"ETM-GOA","VERY SIMPLE",159,34228,REVIEW,low,"Could not auto-classify - needs manual review"
1797,7,"ETM-GOA","OUR AUTHOR",313,170,REVIEW,low,"Could not auto-classify - needs manual review"
1797,7,"ETM-GOA","RECHTEREN THUS",387,1239,REVIEW,low,"Could not auto-classify - needs manual review"
1797,7,"ETM-GOA","MOST OF THE ABOVE PROBLEMS MAY ALSO BE PERFORMED BY",726,1317,REVIEW,low,"Could not auto-classify - needs manual review"
1797,7,"ETM-GOA","DH",754,2899,REVIEW,low,"Could not auto-classify - needs manual review"
1797,7,"ETM-GOA","PAINTING ON GLASS BY",866,874,REVIEW,low,"Could not auto-classify - needs manual review"
1797,8,"GOB-HYD","SCHLUTTER RECOMMENDS MECHANICAL",16,1772,REVIEW,low,"Could not auto-classify - needs manual review"
1797,8,"GOB-HYD","MORAL GOOD",24,2764,REVIEW,low,"Could not auto-classify - needs manual review"
1797,8,"GOB-HYD","CONVEYS TO THE MIND OF THE READER THE VERY SAME SENTIMENT WHICH THE POET",55,2109,REVIEW,low,"Could not auto-classify - needs manual review"
1797,8,"GOB-HYD","AGO",86,1125,REVIEW,low,"Could not auto-classify - needs manual review"
1797,8,"GOB-HYD","ADVERBS",100,99,REVIEW,low,"Could not auto-classify - needs manual review"
1797,8,"GOB-HYD","ARTICLES",100,2415,REVIEW,low,"Could not auto-classify - needs manual review"
1797,8,"GOB-HYD","CONJUNCTIONS",100,69,REVIEW,low,"Could not auto-classify - needs manual review"
1797,8,"GOB-HYD","POSSESSIVES",100,127,REVIEW,low,"Could not auto-classify - needs manual review"
1797,8,"GOB-HYD","PREPOSITIONS",100,70,REVIEW,low,"Could not auto-classify - needs manual review"
1797,8,"GOB-HYD","PRONOUNS",100,59,REVIEW,low,"Could not auto-classify - needs manual review"
1797,8,"GOB-HYD","VERBS",100,64,REVIEW,low,"Could not auto-classify - needs manual review"
1797,8,"GOB-HYD","ARISTAEUS",115,50,REVIEW,low,"Could not auto-classify - needs manual review"
1797,8,"GOB-HYD","FINGAL",115,2448,REVIEW,low,"Could not auto-classify - needs manual review"
1797,8,"GOB-HYD","GARNET",117,86,REVIEW,low,"Could not auto-classify - needs manual review"
1797,8,"GOB-HYD","GAUTIMALA",181,51,REVIEW,low,"Could not auto-classify - needs manual review"
1797,8,"GOB-HYD","TED LINES",362,1075,REVIEW,low,"Could not auto-classify - needs manual review"
1797,8,"GOB-HYD","WHAT THIS LEARNED AND JUDICIOUS HERALD",492,2068,REVIEW,low,"Could not auto-classify - needs manual review"
1797,8,"GOB-HYD","GALICISM",841,41,KEEP,medium,"Short entry with valid definition structure"
1797,8,"GOB-HYD","GALLIA",841,422,REVIEW,low,"Could not auto-classify - needs manual review"
1797,8,"GOB-HYD","GALLIARD",841,102,REVIEW,low,"Could not auto-classify - needs manual review"
1797,8,"GOB-HYD","GALLIARDA",841,26,KEEP,medium,"Short entry with valid definition structure"
1797,8,"GOB-HYD","GALLINACEUS LAPIS",841,49,KEEP,medium,"Short entry with valid definition structure"
1797,8,"GOB-HYD","GALLINACIOUS",841,12,KEEP,medium,"Short entry with valid definition structure"
1797,8,"GOB-HYD","GALLING",841,157,REVIEW,low,"Could not auto-classify - needs manual review"
1797,8,"GOB-HYD","GALLIPOLI",842,109,REVIEW,low,"Could not auto-classify - needs manual review"
1797,8,"GOB-HYD","GALLO",842,101,REVIEW,low,"Could not auto-classify - needs manual review"
1797,8,"GOB-HYD","GALLOIS",842,215,REVIEW,low,"Could not auto-classify - needs manual review"
1797,8,"GOB-HYD","GALLOP",842,78,REVIEW,low,"Could not auto-classify - needs manual review"
1797,8,"GOB-HYD","GALLOPER",842,56,REVIEW,low,"Could not auto-classify - needs manual review"
1797,8,"GOB-HYD","GALLOWAY",842,150,REVIEW,low,"Could not auto-classify - needs manual review"
1797,8,"GOB-HYD","GALLOWS",842,42,KEEP,medium,"Short entry with valid definition structure"
1797,9,"Hydrostatics-LES","HYDRO",34,2591,REVIEW,low,"Could not auto-classify - needs manual review"
1797,9,"Hydrostatics-LES","WATER MAY ALSO BE RAISED BY",37,7679,REVIEW,low,"Could not auto-classify - needs manual review"
1797,9,"Hydrostatics-LES","HYANTE",66,49,KEEP,medium,"Short entry with valid definition structure"
1797,9,"Hydrostatics-LES","ST JANUARIUS",89,87,KEEP,medium,"Geographic prefix "ST " - may be valid subdivision"
1797,9,"Hydrostatics-LES","RELIGIOUS INFIDELITY",265,1258,REVIEW,low,"Could not auto-classify - needs manual review"
1797,9,"Hydrostatics-LES","LUBACH",645,50,REVIEW,low,"Could not auto-classify - needs manual review"
1797,9,"Hydrostatics-LES","POET-LAUREATE",653,871,REVIEW,low,"Could not auto-classify - needs manual review"
1797,10,"LES-MEC","LEEUVENHOEK",24,69,REVIEW,low,"Could not auto-classify - needs manual review"
1797,10,"LES-MEC","REPARATION IS PERFORMED BY",46,22218,REVIEW,low,"Could not auto-classify - needs manual review"
1797,10,"LES-MEC","OUTH",319,172,REVIEW,low,"Could not auto-classify - needs manual review"
1797,10,"LES-MEC","OUVAIN",319,723,REVIEW,low,"Could not auto-classify - needs manual review"
1797,10,"LES-MEC","ULLI",338,113,REVIEW,low,"Could not auto-classify - needs manual review"
1797,10,"LES-MEC","ULLY",338,141,REVIEW,low,"Could not auto-classify - needs manual review"
1797,10,"LES-MEC","UMBAGO",338,11,KEEP,medium,"Cross-reference entry (contains "see" directive)"
1797,10,"LES-MEC","UMBARIS",338,13,KEEP,medium,"Short entry with valid definition structure"
1797,10,"LES-MEC","UMBRIAL",338,16,KEEP,medium,"Short entry with valid definition structure"
1797,10,"LES-MEC","UMBRIUS",338,40,KEEP,medium,"Short entry with valid definition structure"
1797,10,"LES-MEC","ST MAWES",725,123,KEEP,medium,"Geographic prefix "ST " - may be valid subdivision"
1797,10,"LES-MEC","ANOTHER METHOD OF ACCUMULATING FORCE IS BY",780,23924,REVIEW,low,"Could not auto-classify - needs manual review"
1797,11,"Medals-Midwifery","MEDALLIONS",56,121,REVIEW,low,"Could not auto-classify - needs manual review"
1797,11,"Medals-Midwifery","ARTHRODYNA",188,6318,REVIEW,low,"Could not auto-classify - needs manual review"
1797,11,"Medals-Midwifery","WHETHER THERE BE ANY OTHER",194,1167,REVIEW,low,"Could not auto-classify - needs manual review"
1797,11,"Medals-Midwifery","EXERCISE AND ABSTINENCE ARE THE",195,20997,REVIEW,low,"Could not auto-classify - needs manual review"
1797,11,"Medals-Midwifery","MEASLES",215,12441,REVIEW,low,"Could not auto-classify - needs manual review"
1797,11,"Medals-Midwifery","SPITTING OF BLOOD",227,8807,REVIEW,low,"Could not auto-classify - needs manual review"
1797,11,"Medals-Midwifery","ADYNAMIAE",259,5961,REVIEW,low,"Could not auto-classify - needs manual review"
1797,11,"Medals-Midwifery","HYPOCHONDRIAC AFFECTION",262,8364,REVIEW,low,"Could not auto-classify - needs manual review"
1797,11,"Medals-Midwifery","FALLING-SICKNESS",270,35541,REVIEW,low,"Could not auto-classify - needs manual review"
1797,11,"Medals-Midwifery","LUES VENEREA",306,7602,REVIEW,low,"Could not auto-classify - needs manual review"
1797,11,"Medals-Midwifery","AMONG OTHER",314,171,REVIEW,low,"Could not auto-classify - needs manual review"
1797,11,"Medals-Midwifery","DEPRAVED VISION",320,3046,REVIEW,low,"Could not auto-classify - needs manual review"
1797,11,"Medals-Midwifery","VITIA",320,856,REVIEW,low,"Could not auto-classify - needs manual review"
1797,11,"Medals-Midwifery","DUMBNESS",325,5665,REVIEW,low,"Could not auto-classify - needs manual review"
1797,11,"Medals-Midwifery","SQUINTING",325,11547,REVIEW,low,"Could not auto-classify - needs manual review"
1797,11,"Medals-Midwifery","DIFFICULTY OF DISCHARGING URINE",336,4470,REVIEW,low,"Could not auto-classify - needs manual review"
1797,11,"Medals-Midwifery","CEPHALALGIA",349,1015,REVIEW,low,"Could not auto-classify - needs manual review"
1797,11,"Medals-Midwifery","WORMS",350,8136,REVIEW,low,"Could not auto-classify - needs manual review"
1797,11,"Medals-Midwifery","OBSERVATIONS ON THE",364,2715,REVIEW,low,"Could not auto-classify - needs manual review"
1797,11,"Medals-Midwifery","MAGALESIA",374,54,REVIEW,low,"Could not auto-classify - needs manual review"
1797,11,"Medals-Midwifery","QRSTVX",747,2486,RENAME,medium,"Headword appears garbled (OCR error): ^[^AEIOU]{5,}$"
1797,12,"MEI-NEG","NIUM",196,258,REVIEW,low,"Could not auto-classify - needs manual review"
1797,12,"MEI-NEG","HENRIADE",348,96,REVIEW,low,"Could not auto-classify - needs manual review"
1797,12,"MEI-NEG","DEFINITIONS OF SEVERAL TECHNICAL TERMS",537,2829,REVIEW,low,"Could not auto-classify - needs manual review"
1797,12,"MEI-NEG","UT",547,11069,REVIEW,low,"Could not auto-classify - needs manual review"
1797,12,"MEI-NEG","REMARK",573,6264,REVIEW,low,"Could not auto-classify - needs manual review"
1797,12,"MEI-NEG","AMPUTATION IS NOT THE ONLY",602,767,REVIEW,low,"Could not auto-classify - needs manual review"
1797,12,"MEI-NEG","MAGNETICAL NEEDLES",856,2068,REVIEW,low,"Could not auto-classify - needs manual review"
1797,13,"NEH-PAS","BECAUSE THE EQUABLE DESCRIPTION OF AREAS",45,7906,REVIEW,low,"Could not auto-classify - needs manual review"
1797,13,"NEH-PAS","UNDINA",163,52,REVIEW,low,"Could not auto-classify - needs manual review"
1797,13,"NEH-PAS","UNDINAL",163,148,REVIEW,low,"Could not auto-classify - needs manual review"
1797,13,"NEH-PAS","UNDOCOMAR",163,335,REVIEW,low,"Could not auto-classify - needs manual review"
1797,13,"NEH-PAS","WHITE ORDER",526,202,REVIEW,low,"Could not auto-classify - needs manual review"
1797,13,"NEH-PAS","AVIUM ORDINES",562,22,REVIEW,low,"Could not auto-classify - needs manual review"
1797,13,"NEH-PAS","GREATER OUSE",624,971,REVIEW,low,"Could not auto-classify - needs manual review"
1797,13,"NEH-PAS","MARCVS",757,11,MERGE,medium,"Very short entry, likely fragment"
1797,13,"NEH-PAS","RESTITVERVNT",757,1672,REVIEW,low,"Could not auto-classify - needs manual review"
1797,14,"PAS-PLA","FEWER ERRORS HAVE BEEN COMMITTED IN THE",247,2349,REVIEW,low,"Could not auto-classify - needs manual review"
1797,14,"PAS-PLA","STORAX WAS FORMERLY DIRECTED TO BE PURIFIED BY",341,123,REVIEW,low,"Could not auto-classify - needs manual review"
1797,14,"PAS-PLA","OPIUM WAS FORMERLY PURIFIED BY",350,39033,REVIEW,low,"Could not auto-classify - needs manual review"
1797,14,"PAS-PLA","BOTH CALAMINE AND TUTTY ACT ONLY BY",470,1125,REVIEW,low,"Could not auto-classify - needs manual review"
1797,14,"PAS-PLA","INDEED THE SPANIARDS APPEAR BY NO",508,1367,REVIEW,low,"Could not auto-classify - needs manual review"
1797,14,"PAS-PLA","THOUGH IT IS BY NO",613,24390,REVIEW,low,"Could not auto-classify - needs manual review"
1797,14,"PAS-PLA","WHEREVER THE ECONOMY OF LIVING BODIES",701,7349,REVIEW,low,"Could not auto-classify - needs manual review"
1797,14,"PAS-PLA","ACCOMMODATES ITSELF TO DIFFERENT CIRCUMSTANCES BY",717,14745,REVIEW,low,"Could not auto-classify - needs manual review"
1797,15,"PLA-RAM","EXPERIMENTS ON THIS SUBJECT ARE BY NO",158,4462,REVIEW,low,"Could not auto-classify - needs manual review"
1797,15,"PLA-RAM","SOAMES",254,1448,REVIEW,low,"Could not auto-classify - needs manual review"
1797,15,"PLA-RAM","DANIEL PULTENEY",291,11932,REVIEW,low,"Could not auto-classify - needs manual review"
1797,15,"PLA-RAM","ASSERTORIS",497,15,MERGE,medium,"Very short entry, likely fragment"
1797,15,"PLA-RAM","GULIELMO BRIDGEN",497,595,REVIEW,low,"Could not auto-classify - needs manual review"
1797,15,"PLA-RAM","SEC ORATORY",552,12,MERGE,medium,"Very short entry, likely fragment"
1797,15,"PLA-RAM","THUS MAY THE CHIEF CIRCUMSTANCES OF THIS MOTION BE DETERMINED BY",605,386,REVIEW,low,"Could not auto-classify - needs manual review"
1797,15,"PLA-RAM","FOG",635,140,REVIEW,low,"Could not auto-classify - needs manual review"
1797,15,"PLA-RAM","TERRA PUZZOLANA",753,442,REVIEW,low,"Could not auto-classify - needs manual review"
1797,15,"PLA-RAM","ROWLEY RAGG",862,91,REVIEW,low,"Could not auto-classify - needs manual review"
1797,16,"RAN-SCO","CITIES OF REFUGE",56,396,REVIEW,low,"Could not auto-classify - needs manual review"
1797,16,"RAN-SCO","SCRIPT",93,28,KEEP,medium,"Short entry with valid definition structure"
1797,16,"RAN-SCO","GALBA HAVING BEEN BROUGHT TO THE EMPIRE BY",439,48179,REVIEW,low,"Could not auto-classify - needs manual review"
1797,16,"RAN-SCO","THERE ARE BY NO",554,576,REVIEW,low,"Could not auto-classify - needs manual review"
1797,16,"RAN-SCO","JOHN BALIOL",779,65522,REVIEW,low,"Could not auto-classify - needs manual review"
1797,17,"SCO-STR","ISAIAH BY",129,57080,REVIEW,low,"Could not auto-classify - needs manual review"
1797,17,"SCO-STR","THERE ARE THE",369,1606,REVIEW,low,"Could not auto-classify - needs manual review"
1797,17,"SCO-STR","CONCERNING THE DECOMPOSITION OF SOAP BY",633,1371,REVIEW,low,"Could not auto-classify - needs manual review"
1797,17,"SCO-STR","OCULAR SPECTRA",759,162,REVIEW,low,"Could not auto-classify - needs manual review"
1797,17,"SCO-STR","OS SPHENOIDES",779,12,KEEP,medium,"Cross-reference entry (contains "see" directive)"
1797,17,"SCO-STR","PAPHLAGONIA",802,87,REVIEW,low,"Could not auto-classify - needs manual review"
1797,17,"SCO-STR","PAPHOS",802,964,REVIEW,low,"Could not auto-classify - needs manual review"
1797,17,"SCO-STR","PAPIAS",802,70,REVIEW,low,"Could not auto-classify - needs manual review"
1797,17,"SCO-STR","PAPILIO",802,1237,REVIEW,low,"Could not auto-classify - needs manual review"
1797,17,"SCO-STR","HENRY STEPHENS",877,134,REVIEW,low,"Could not auto-classify - needs manual review"
1797,17,"SCO-STR","ROBERT STEPHENS",877,1961,REVIEW,low,"Could not auto-classify - needs manual review"
1797,18,"STR-ZYM","ALL THE EFFUSED BLOOD OUGHT THEN TO BE WIPED OFF BY",138,18597,REVIEW,low,"Could not auto-classify - needs manual review"
1797,18,"STR-ZYM","SARCOCELE",172,12223,REVIEW,low,"Could not auto-classify - needs manual review"
1797,18,"STR-ZYM","JONATHAN SWIFT",266,5541,REVIEW,low,"Could not auto-classify - needs manual review"
1797,18,"STR-ZYM","NAVAL TACTICS",309,15884,REVIEW,low,"Could not auto-classify - needs manual review"
1797,18,"STR-ZYM","INCAL",592,14,KEEP,medium,"Cross-reference entry (contains "see" directive)"
1797,18,"STR-ZYM","PLANE TRIGONOMETRY",633,2383,REVIEW,low,"Could not auto-classify - needs manual review"
1797,18,"STR-ZYM","SPHERICAL TRIGONOMETRY",635,2313,REVIEW,low,"Could not auto-classify - needs manual review"
1797,18,"STR-ZYM","ISLE OF WIGHT",972,299,KEEP,medium,"Geographic prefix "ISLE " - may be valid subdivision"
1815,1,"A-AME","BILL OF ADVOCATION",222,98,REVIEW,low,"Could not auto-classify - needs manual review"
1815,1,"A-AME","WINGS OR OARS ARE THE ONLY",253,344,REVIEW,low,"Could not auto-classify - needs manual review"
1815,1,"A-AME","SOME VEGETABLES AFFORD SUBSISTENCE TO THE HUMAN SPECIES BY",324,8143,REVIEW,low,"Could not auto-classify - needs manual review"
1815,1,"A-AME","PRACTICE OF AGRICULTURE",356,1876,REVIEW,low,"Could not auto-classify - needs manual review"
1815,1,"A-AME","HERE THE RADICAL NUMBER IS EXPRESSED BY",702,17451,REVIEW,low,"Could not auto-classify - needs manual review"
1815,1,"A-AME","HERESY OF ALMARIC",760,130,REVIEW,low,"Could not auto-classify - needs manual review"
1815,1,"A-AME","WEST'S PINDAR",783,99,REVIEW,low,"Could not auto-classify - needs manual review"
1815,2,"America-ASS","AM-KAS",155,23,KEEP,medium,"Short entry with valid definition structure"
1815,2,"America-ASS","ALL THESE CARTILAGES ARE UNITED TO EACH OTHER BY",271,10308,REVIEW,low,"Could not auto-classify - needs manual review"
1815,2,"America-ASS","EXPLANATION
EXPLANATION OF PLATE XXX",280,3576,REVIEW,low,"Could not auto-classify - needs manual review"
1815,2,"America-ASS","THOUGH WE CAN BY NO",422,1665,REVIEW,low,"Could not auto-classify - needs manual review"
1815,2,"America-ASS","AFTERA",531,17,KEEP,medium,"Short entry with valid definition structure"
1815,2,"America-ASS","THUS IO",710,19314,REVIEW,low,"Could not auto-classify - needs manual review"
1815,2,"America-ASS","NOAH'S ARK",748,576,REVIEW,low,"Could not auto-classify - needs manual review"
1815,2,"America-ASS","SPARAGUS",883,297,REVIEW,low,"Could not auto-classify - needs manual review"
1815,3,"ASS-BOO","ANTONY",272,19,KEEP,medium,"Short entry with valid definition structure"
1815,3,"ASS-BOO","ANGERVILLE",336,390,REVIEW,low,"Could not auto-classify - needs manual review"
1815,3,"ASS-BOO","ST BARNABAS'S DAY",465,279,KEEP,medium,"Geographic prefix "ST " - may be valid subdivision"
1815,3,"ASS-BOO","ST BARNABAS'S EPISTLE",465,67,KEEP,medium,"Geographic prefix "ST " - may be valid subdivision"
1815,3,"ASS-BOO","ST BARNABAS'S GOSPEL",465,76,KEEP,medium,"Geographic prefix "ST " - may be valid subdivision"
1815,4,"BOO-BUR","EXPLANATION OF SIGNS",93,253,REVIEW,low,"Could not auto-classify - needs manual review"
1815,4,"BOO-BUR","ZOSTERA",98,351,REVIEW,low,"Could not auto-classify - needs manual review"
1815,4,"BOO-BUR","TIS CINNA",99,15,MERGE,medium,"Very short entry, likely fragment"
1815,4,"BOO-BUR","PENTANDRIA",137,34680,MERGE,medium,"Latin technical term (subsection): ^(DIANDRIA|TRIANDRIA|TETRANDRIA|PENTANDRIA|HEXANDRIA|OCTANDRIA|DECANDRIA|DODECANDRIA|ICOSANDRIA|POLYANDRIA)"
1815,4,"BOO-BUR","AUCUBA",288,7170,REVIEW,low,"Could not auto-classify - needs manual review"
1815,4,"BOO-BUR","PALMS",308,770,REVIEW,low,"Could not auto-classify - needs manual review"
1815,4,"BOO-BUR","HISTORY OF BOTANY",309,34201,REVIEW,low,"Could not auto-classify - needs manual review"
1815,4,"BOO-BUR","ALPHABETICAL EXPLANATION OF BOTANICAL TERMS",340,3363,REVIEW,low,"Could not auto-classify - needs manual review"
1815,4,"BOO-BUR","LORD CHATHAM WAS BY NO",623,1831,REVIEW,low,"Could not auto-classify - needs manual review"
1815,5,"BUR-CHI","BUDDS",39,52,REVIEW,low,"Could not auto-classify - needs manual review"
1815,5,"BUR-CHI","GL",296,2176,REVIEW,low,"Could not auto-classify - needs manual review"
1815,5,"BUR-CHI","ANOTHER MODE OF ANALYSIS IS BY",456,18290,REVIEW,low,"Could not auto-classify - needs manual review"
1815,5,"BUR-CHI","MANY CHEMISTS EXAMINED THE NATURE OF THIS SUBSTANCE BY",566,21485,REVIEW,low,"Could not auto-classify - needs manual review"
1815,5,"BUR-CHI","ALL THE METALLIC ACIDS ARE DECOMPOSED BY",684,779,REVIEW,low,"Could not auto-classify - needs manual review"
1815,5,"BUR-CHI","MANY OF THE METALLIC SOLUTIONS AND METALLIC SALTS ARE DECOMPOSED BY",685,2288,REVIEW,low,"Could not auto-classify - needs manual review"
1815,5,"BUR-CHI","PLATINA HAS ALSO BEEN OXIDATED BY",724,68003,REVIEW,low,"Could not auto-classify - needs manual review"
1815,6,"CHI-Crystallization","SOLUTIONS EFFECTED BY",95,4385,REVIEW,low,"Could not auto-classify - needs manual review"
1815,6,"CHI-Crystallization","APHORISMS",99,2804,REVIEW,low,"Could not auto-classify - needs manual review"
1815,6,"CHI-Crystallization","WATER IS FOUND TO SUSPEND THE RESIN BY",165,1489,REVIEW,low,"Could not auto-classify - needs manual review"
1815,6,"CHI-Crystallization","CAPE-COAST",255,202,REVIEW,low,"Could not auto-classify - needs manual review"
1815,6,"CHI-Crystallization","IS O'ER",315,4022,REVIEW,low,"Could not auto-classify - needs manual review"
1815,6,"CHI-Crystallization","RELATIVE PROFIT IS WHAT",339,2880,REVIEW,low,"Could not auto-classify - needs manual review"
1815,6,"CHI-Crystallization","NETS",348,1398,REVIEW,low,"Could not auto-classify - needs manual review"
1815,6,"CHI-Crystallization","SYSTEM OF LISTER",408,105,REVIEW,low,"Could not auto-classify - needs manual review"
1815,6,"CHI-Crystallization","SYSTEM OF LANGIUS",410,900,REVIEW,low,"Could not auto-classify - needs manual review"
1815,6,"CHI-Crystallization","SYSTEM OF BREYNIUS",412,297,REVIEW,low,"Could not auto-classify - needs manual review"
1815,6,"CHI-Crystallization","SYSTEM OF TOURNEFORT",412,507,REVIEW,low,"Could not auto-classify - needs manual review"
1815,6,"CHI-Crystallization","SYSTEM OF D'ARGENVILLE",413,345,REVIEW,low,"Could not auto-classify - needs manual review"
1815,6,"CHI-Crystallization","SYSTEM OF KLEIN",413,370,REVIEW,low,"Could not auto-classify - needs manual review"
1815,6,"CHI-Crystallization","SYSTEM OF ADANSON",414,498,REVIEW,low,"Could not auto-classify - needs manual review"
1815,6,"CHI-Crystallization","SYSTEM OF GEOFFROY",414,1075,REVIEW,low,"Could not auto-classify - needs manual review"
1815,6,"CHI-Crystallization","SYSTEM OF MULLER",415,4948,REVIEW,low,"Could not auto-classify - needs manual review"
1815,6,"CHI-Crystallization","SPECIES",484,6771,REVIEW,low,"Could not auto-classify - needs manual review"
1815,6,"CHI-Crystallization","JOIN KP",565,6426,REVIEW,low,"Could not auto-classify - needs manual review"
1815,6,"CHI-Crystallization","ARTIFICIAL CORUSCATIONS MAY ALSO BE PRODUCED BY",733,441,REVIEW,low,"Could not auto-classify - needs manual review"
1815,6,"CHI-Crystallization","YET LET US INQUIRE WHAT",785,4351,REVIEW,low,"Could not auto-classify - needs manual review"
1815,6,"CHI-Crystallization","LA CRUZ",827,1623,REVIEW,low,"Could not auto-classify - needs manual review"
1815,6,"CHI-Crystallization","AUFONIUS PROPOSES THE SAME",829,275,REVIEW,low,"Could not auto-classify - needs manual review"
1815,7,"CTE-Electricity","CARRIERS",31,14,KEEP,medium,"Cross-reference entry (contains "see" directive)"
1815,7,"CTE-Electricity","CIRCULATING DECIMALS",117,226,REVIEW,low,"Could not auto-classify - needs manual review"
1815,7,"CTE-Electricity","HIGH",248,422,REVIEW,low,"Could not auto-classify - needs manual review"
1815,7,"CTE-Electricity","TALL",248,138,REVIEW,low,"Could not auto-classify - needs manual review"
1815,7,"CTE-Electricity","STRAIT",249,1334,REVIEW,low,"Could not auto-classify - needs manual review"
1815,7,"CTE-Electricity","MOE",251,821,REVIEW,low,"Could not auto-classify - needs manual review"
1815,7,"CTE-Electricity","ENTERTAINING EXPERIMENTS",268,7491,REVIEW,low,"Could not auto-classify - needs manual review"
1815,7,"CTE-Electricity","ISLANDS OF DISAPPOINTMENT",282,118,REVIEW,low,"Could not auto-classify - needs manual review"
1815,7,"CTE-Electricity","WORKS",342,817,REVIEW,low,"Could not auto-classify - needs manual review"
1815,7,"CTE-Electricity","ARCHITECTOR ROBERTO ADAM",578,11492,REVIEW,low,"Could not auto-classify - needs manual review"
1815,7,"CTE-Electricity","ET JAM POST DUO SECULA",578,14,MERGE,medium,"Very short entry, likely fragment"
1815,7,"CTE-Electricity","VIR NOBILISSIMUS
FRANCISCUS DOMINUS NAPIER",578,16,MERGE,medium,"Very short entry, likely fragment"
1815,7,"CTE-Electricity","LET US GIVE YET ANOTHER INSTANCE OF THE",603,15383,REVIEW,low,"Could not auto-classify - needs manual review"
1815,7,"CTE-Electricity","PHYSCON HAVING BY THIS",647,37476,REVIEW,low,"Could not auto-classify - needs manual review"
1815,7,"CTE-Electricity","THEY MADE SEVERAL EXPERIMENTS TO GIVE THE ELECTRIC SHOCK BY",773,3801,REVIEW,low,"Could not auto-classify - needs manual review"
1815,7,"CTE-Electricity","MOST OF THE",777,2844,REVIEW,low,"Could not auto-classify - needs manual review"
1815,7,"CTE-Electricity","PART
PART VII",855,1046,REVIEW,low,"Could not auto-classify - needs manual review"
1815,7,"CTE-Electricity","AMAUROSIS HAS SOMETIMES BEEN SUCCESSFULLY TREATED BY THE SAME",884,131,REVIEW,low,"Could not auto-classify - needs manual review"
1815,8,"ELE-FOR","EDSHEIMER",36,116,REVIEW,low,"Could not auto-classify - needs manual review"
1815,8,"ELE-FOR","HAROLD IN THE MEAN TIME INCREASED HIS POPULARITY BY ALL POSSIBLE",77,70477,REVIEW,low,"Could not auto-classify - needs manual review"
1815,8,"ELE-FOR","CHARACTERS
CHARACTERS OF INSECTS",161,1026,REVIEW,low,"Could not auto-classify - needs manual review"
1815,8,"ELE-FOR","HISTORY OF ENTOMOLOGY",250,2854,REVIEW,low,"Could not auto-classify - needs manual review"
1815,8,"ELE-FOR","ECUERIES",284,180,REVIEW,low,"Could not auto-classify - needs manual review"
1815,8,"ELE-FOR","ECUES",284,53,REVIEW,low,"Could not auto-classify - needs manual review"
1815,8,"ELE-FOR","ECUESTRIAN",284,119,REVIEW,low,"Could not auto-classify - needs manual review"
1815,8,"ELE-FOR","MONEY TABLE",393,3203,REVIEW,low,"Could not auto-classify - needs manual review"
1815,8,"ELE-FOR","LETTERS OF EXCULPATION",403,41,KEEP,medium,"Short entry with valid definition structure"
1815,8,"ELE-FOR","DRENCHES ARE USUALLY ADMINISTERED BY",505,4302,REVIEW,low,"Could not auto-classify - needs manual review"
1815,8,"ELE-FOR","PROVIDED THE PROPER",570,36576,REVIEW,low,"Could not auto-classify - needs manual review"
1815,8,"ELE-FOR","TASTING",618,1913,REVIEW,low,"Could not auto-classify - needs manual review"
1815,8,"ELE-FOR","WATER IS FREED FROM VARIOUS IMPURITIES BY",669,1654,REVIEW,low,"Could not auto-classify - needs manual review"
1815,8,"ELE-FOR","OUR AUTHOR",712,168,REVIEW,low,"Could not auto-classify - needs manual review"
1815,9,"FOR-GOT","PERHAPS NO MAN EVER EXCEEDED DR FRANKLIN IN THAT SOLID PRACTICAL WISDOM WHICH CONSISTS IN PURSUING VALUABLE ENDS BY THE MOST APPROPRIATE",234,6041,REVIEW,low,"Could not auto-classify - needs manual review"
1815,9,"FOR-GOT","JANUARY",439,10595,REVIEW,low,"Could not auto-classify - needs manual review"
1815,9,"FOR-GOT","FEBRUARY",448,14138,REVIEW,low,"Could not auto-classify - needs manual review"
1815,9,"FOR-GOT","AUGUST",470,7029,REVIEW,low,"Could not auto-classify - needs manual review"
1815,9,"FOR-GOT","SERPENTINE IS BY NO",605,41018,REVIEW,low,"Could not auto-classify - needs manual review"
1815,9,"FOR-GOT","ST GEORGE",732,480,KEEP,medium,"Geographic prefix "ST " - may be valid subdivision"
1815,9,"FOR-GOT","ST GEORGE'S",732,3883,KEEP,medium,"Geographic prefix "ST " - may be valid subdivision"
1815,9,"FOR-GOT","PAINTING ON GLASS BY",830,818,REVIEW,low,"Could not auto-classify - needs manual review"
1815,9,"FOR-GOT","SCHLUTTER RECOMMENDS MECHANICAL",849,7661,REVIEW,low,"Could not auto-classify - needs manual review"
1815,10,"GOT-Hydrodynamics","NNOUNS",22,10515,REVIEW,low,"Could not auto-classify - needs manual review"
1815,10,"GOT-Hydrodynamics","CONVEYS TO THE MIND OF THE READER THE VERY SAME SENTIMENT WHICH THE POET",33,30087,REVIEW,low,"Could not auto-classify - needs manual review"
1815,10,"GOT-Hydrodynamics","INSULTARE SOLO",60,3028,REVIEW,low,"Could not auto-classify - needs manual review"
1815,10,"GOT-Hydrodynamics","TRISTIOR",63,1692,REVIEW,low,"Could not auto-classify - needs manual review"
1815,10,"GOT-Hydrodynamics","AGO",64,6960,REVIEW,low,"Could not auto-classify - needs manual review"
1815,10,"GOT-Hydrodynamics","LES",70,5968,REVIEW,low,"Could not auto-classify - needs manual review"
1815,10,"GOT-Hydrodynamics","NL",351,928,REVIEW,low,"Could not auto-classify - needs manual review"
1815,10,"GOT-Hydrodynamics","ANOMIA",354,49,REVIEW,low,"Could not auto-classify - needs manual review"
1815,10,"GOT-Hydrodynamics","ARGONAUTA",354,24,REVIEW,low,"Could not auto-classify - needs manual review"
1815,10,"GOT-Hydrodynamics","ASCIDIA",354,23,REVIEW,low,"Could not auto-classify - needs manual review"
1815,10,"GOT-Hydrodynamics","BULLA",354,16,MERGE,medium,"Very short entry, likely fragment"
1815,10,"GOT-Hydrodynamics","OVULA",354,11,MERGE,medium,"Very short entry, likely fragment"
1815,10,"GOT-Hydrodynamics","SEGARETUS",354,11,MERGE,medium,"Very short entry, likely fragment"
1815,10,"GOT-Hydrodynamics","APHRODITA",355,23,REVIEW,low,"Could not auto-classify - needs manual review"
1815,10,"GOT-Hydrodynamics","ASTERIAS",355,18,MERGE,medium,"Very short entry, likely fragment"
1815,10,"GOT-Hydrodynamics","TRICHOCERCUS",355,21,REVIEW,low,"Could not auto-classify - needs manual review"
1815,10,"GOT-Hydrodynamics","GENERIC CHARACTERS",356,6562,REVIEW,low,"Could not auto-classify - needs manual review"
1815,10,"GOT-Hydrodynamics","RIERY",364,22257,REVIEW,low,"Could not auto-classify - needs manual review"
1815,10,"GOT-Hydrodynamics","EXPLANATION OF FIGURES",393,333,REVIEW,low,"Could not auto-classify - needs manual review"
1815,10,"GOT-Hydrodynamics","ACTINIA",394,229,REVIEW,low,"Could not auto-classify - needs manual review"
1815,10,"GOT-Hydrodynamics","WHAT THIS LEARNED AND JUDICIOUS HERALD",453,2082,REVIEW,low,"Could not auto-classify - needs manual review"
1815,10,"GOT-Hydrodynamics","DEFINITION",759,2497,REVIEW,low,"Could not auto-classify - needs manual review"
1815,10,"GOT-Hydrodynamics","ACACIA",765,4962,REVIEW,low,"Could not auto-classify - needs manual review"
1815,10,"GOT-Hydrodynamics","CG",789,22876,REVIEW,low,"Could not auto-classify - needs manual review"
1815,10,"GOT-Hydrodynamics","DIRECTIONS FOR PLACING THE PLATES",840,20,REVIEW,low,"Could not auto-classify - needs manual review"
1815,11,"HYD-LIE","YPHEN",26,47,KEEP,medium,"Short entry with valid definition structure"
1815,11,"HYD-LIE","YPHOBOLE",26,80,REVIEW,low,"Could not auto-classify - needs manual review"
1815,11,"HYD-LIE","YPHOCOUSTUM",26,118,REVIEW,low,"Could not auto-classify - needs manual review"
1815,11,"HYD-LIE","YPPOCHONDRIA",26,20,KEEP,medium,"Cross-reference entry (contains "see" directive)"
1815,11,"HYD-LIE","YPPOCHONDRIAC PASSION",26,14,KEEP,medium,"Cross-reference entry (contains "see" directive)"
1815,11,"HYD-LIE","YPPOCISTIS",26,130,REVIEW,low,"Could not auto-classify - needs manual review"
1815,11,"HYD-LIE","YPPOCRISY",26,102,REVIEW,low,"Could not auto-classify - needs manual review"
1815,11,"HYD-LIE","YPPOGASTRIC",26,11,KEEP,medium,"Short entry with valid definition structure"
1815,11,"HYD-LIE","ST JANUARIUS",41,290,KEEP,medium,"Geographic prefix "ST " - may be valid subdivision"
1815,11,"HYD-LIE","CONCERNING HIS RESIDENCE IN THE UNIVERSITY AND THE",337,6012,REVIEW,low,"Could not auto-classify - needs manual review"
1815,11,"HYD-LIE","POET LAUREATE",617,878,REVIEW,low,"Could not auto-classify - needs manual review"
1815,12,"LIE-Materia","LET US NOW SUPPOSE ANY NUMBER OF GEOMETRICAL",80,365,REVIEW,low,"Could not auto-classify - needs manual review"
1815,12,"LIE-Materia","DESCRIPTION AND USE OF THE TABLE",96,196,REVIEW,low,"Could not auto-classify - needs manual review"
1815,12,"LIE-Materia","MULTIPLICATION BY LOGARITHMS",98,171,REVIEW,low,"Could not auto-classify - needs manual review"
1815,12,"LIE-Materia","PROPORTION BY LOGARITHMS",99,200,REVIEW,low,"Could not auto-classify - needs manual review"
1815,12,"LIE-Materia","EVOLUTION BY LOGARITHMS",100,86,REVIEW,low,"Could not auto-classify - needs manual review"
1815,12,"LIE-Materia","EXAMPLES",100,216,REVIEW,low,"Could not auto-classify - needs manual review"
1815,12,"LIE-Materia","INVOLUTION BY LOGARITHMS",100,84,REVIEW,low,"Could not auto-classify - needs manual review"
1815,12,"LIE-Materia","REFLECTIONS ON THE UTILITY OF LOGIC",177,2096,REVIEW,low,"Could not auto-classify - needs manual review"
1815,12,"LIE-Materia","MEANDER",358,122,REVIEW,low,"Could not auto-classify - needs manual review"
1815,12,"LIE-Materia","CHARTS
CHARTS HAVE BEEN CONSTRUCTED FOR SHEWING THE DECLINATION OF THE NEEDLE IN VARIOUS PARTS OF THE EARTH BY",383,34495,REVIEW,low,"Could not auto-classify - needs manual review"
1815,12,"LIE-Materia","RHIZA",825,9223,REVIEW,low,"Could not auto-classify - needs manual review"
1815,12,"LIE-Materia","STIBIATUM RUFUM",839,793,REVIEW,low,"Could not auto-classify - needs manual review"
1815,12,"LIE-Materia","DRARGYRUS MURIATUS",840,430,REVIEW,low,"Could not auto-classify - needs manual review"
1815,12,"LIE-Materia","CUPRUM",845,210,REVIEW,low,"Could not auto-classify - needs manual review"
1815,12,"LIE-Materia","SULPHAS CUPRI",845,1215,REVIEW,low,"Could not auto-classify - needs manual review"
1815,12,"LIE-Materia","ADDENDUM",847,136,REVIEW,low,"Could not auto-classify - needs manual review"
1815,13,"MAT-MIC","LET THE WHEEL CD DRIVE THE WHEEL AB BY",123,18656,REVIEW,low,"Could not auto-classify - needs manual review"
1815,13,"MAT-MIC","IMMEDIATE",230,23,KEEP,medium,"Short entry with valid definition structure"
1815,13,"MAT-MIC","ARTHRODYNAIA",358,6498,REVIEW,low,"Could not auto-classify - needs manual review"
1815,13,"MAT-MIC","WHETHER THERE BE ANY OTHER",365,1161,REVIEW,low,"Could not auto-classify - needs manual review"
1815,13,"MAT-MIC","EXERCISE AND ABSTINENCE ARE THE",366,8676,REVIEW,low,"Could not auto-classify - needs manual review"
1815,13,"MAT-MIC","LUCAS PEPYS",376,12,MERGE,medium,"Very short entry, likely fragment"
1815,13,"MAT-MIC","NETTLE-RASH",388,13692,REVIEW,low,"Could not auto-classify - needs manual review"
1815,13,"MAT-MIC","GREEN SICKNESS",425,20318,REVIEW,low,"Could not auto-classify - needs manual review"
1815,13,"MAT-MIC","HYPOCHONDRIAC AFFECTION",425,417,REVIEW,low,"Could not auto-classify - needs manual review"
1815,13,"MAT-MIC","FALLING-SICKNESS",433,34253,REVIEW,low,"Could not auto-classify - needs manual review"
1815,13,"MAT-MIC","AMONG OTHER",476,2648,REVIEW,low,"Could not auto-classify - needs manual review"
1815,13,"MAT-MIC","DIFFICULTY OF DISCHARGING URINE",498,4544,REVIEW,low,"Could not auto-classify - needs manual review"
1815,13,"MAT-MIC","ANGINA PECTORIS",502,1946,REVIEW,low,"Could not auto-classify - needs manual review"
1815,13,"MAT-MIC","ATROPHIA",527,31,REVIEW,low,"Could not auto-classify - needs manual review"
1815,13,"MAT-MIC","MNEMONICA",549,754,REVIEW,low,"Could not auto-classify - needs manual review"
1815,13,"MAT-MIC","MORE THAN THREE-FOURTHS OF THE SILVER OBTAINED FROM AMERICA IS EXTRACTED FROM THE ORE BY",826,3474,REVIEW,low,"Could not auto-classify - needs manual review"
1815,14,"MIC-NIC","ABCDEF",21,2444,REVIEW,low,"Could not auto-classify - needs manual review"
1815,14,"MIC-NIC","QRSTVX",23,2502,RENAME,medium,"Headword appears garbled (OCR error): ^[^AEIOU]{5,}$"
1815,14,"MIC-NIC","WATER-FOWL",116,691,REVIEW,low,"Could not auto-classify - needs manual review"
1815,14,"MIC-NIC","FINNED-FOOTED WATER BIRDS",117,44,REVIEW,low,"Could not auto-classify - needs manual review"
1815,14,"MIC-NIC","WEB-FOOTED BIRDS",117,1945,REVIEW,low,"Could not auto-classify - needs manual review"
1815,14,"MIC-NIC","ST MIGUEL",123,6078,KEEP,medium,"Geographic prefix "ST " - may be valid subdivision"
1815,14,"MIC-NIC","SECOND CLASS",183,18,MERGE,medium,"Very short entry, likely fragment"
1815,14,"MIC-NIC","FOURTH CLASS",184,25270,REVIEW,low,"Could not auto-classify - needs manual review"
1815,14,"MIC-NIC","THIRD CLASS",184,82,REVIEW,low,"Could not auto-classify - needs manual review"
1815,14,"MIC-NIC","DIAMONDS ARE CUT AND POLISHED BY",187,166,REVIEW,low,"Could not auto-classify - needs manual review"
1815,14,"MIC-NIC","ONE GREAT",308,8014,REVIEW,low,"Could not auto-classify - needs manual review"
1815,14,"MIC-NIC","PRELIMINARY DISCOURSE",545,17216,REVIEW,low,"Could not auto-classify - needs manual review"
1815,14,"MIC-NIC","DEFINITIONS",551,11271,REVIEW,low,"Could not auto-classify - needs manual review"
1815,14,"MIC-NIC","BXX",561,408,REVIEW,low,"Could not auto-classify - needs manual review"
1815,14,"MIC-NIC","CHAP",581,1984,REVIEW,low,"Could not auto-classify - needs manual review"
1815,14,"MIC-NIC","REMARK",581,5188,REVIEW,low,"Could not auto-classify - needs manual review"
1815,14,"MIC-NIC","REMARK II",581,74,REVIEW,low,"Could not auto-classify - needs manual review"
1815,14,"MIC-NIC","ACCORDING TO SOME AUTHORS THE WORD MUSULMAN",615,112,REVIEW,low,"Could not auto-classify - needs manual review"
1815,14,"MIC-NIC","AMPUTATION IS NOT THE ONLY",616,329,REVIEW,low,"Could not auto-classify - needs manual review"
1815,14,"MIC-NIC","THEORY OF NAVIGATION",710,1859,REVIEW,low,"Could not auto-classify - needs manual review"
1815,14,"MIC-NIC","TV",721,5337,REVIEW,low,"Could not auto-classify - needs manual review"
1815,14,"MIC-NIC","EXPLANATION OF THE TABLES",797,9098,REVIEW,low,"Could not auto-classify - needs manual review"
1815,14,"MIC-NIC","BECAUSE THE EQUABLE DESCRIPTION OF AREAS",864,7047,REVIEW,low,"Could not auto-classify - needs manual review"
1815,15,"NIC-PAR","MONTE NUOVO",111,226,REVIEW,low,"Could not auto-classify - needs manual review"
1815,15,"NIC-PAR","LF",249,15487,REVIEW,low,"Could not auto-classify - needs manual review"
1815,15,"NIC-PAR","E'",288,9115,REVIEW,low,"Could not auto-classify - needs manual review"
1815,15,"NIC-PAR","EH",295,18628,REVIEW,low,"Could not auto-classify - needs manual review"
1815,15,"NIC-PAR","INVENTION",355,81284,REVIEW,low,"Could not auto-classify - needs manual review"
1815,15,"NIC-PAR","DRYDEN",513,6124,REVIEW,low,"Could not auto-classify - needs manual review"
1815,15,"NIC-PAR","WITHOUT THE",526,98577,REVIEW,low,"Could not auto-classify - needs manual review"
1815,15,"NIC-PAR","GREATER OUSE",686,128,REVIEW,low,"Could not auto-classify - needs manual review"
1815,15,"NIC-PAR","MARCVS",807,11,MERGE,medium,"Very short entry, likely fragment"
1815,15,"NIC-PAR","RESTITVERUNT",807,2135,REVIEW,low,"Could not auto-classify - needs manual review"
1815,16,"PAR-Poetry","FEWER ERRORS HAVE BEEN COMMITTED IN THE",238,2467,REVIEW,low,"Could not auto-classify - needs manual review"
1815,16,"PAR-Poetry","INDEED THE SPANIARDS APPEAR BY NO",303,1483,REVIEW,low,"Could not auto-classify - needs manual review"
1815,16,"PAR-Poetry","MECHANICAL PHILOSOPHY IS BY NO",459,6824,REVIEW,low,"Could not auto-classify - needs manual review"
1815,16,"PAR-Poetry","WHENEVER THE ECONOMY OF LIVING BODIES",476,4511,REVIEW,low,"Could not auto-classify - needs manual review"
1815,16,"PAR-Poetry","STAHL REGARDS THE EXCRETIONS AS THE",488,3945,REVIEW,low,"Could not auto-classify - needs manual review"
1815,16,"PAR-Poetry","ARMSTRONG",506,8634,REVIEW,low,"Could not auto-classify - needs manual review"
1815,16,"PAR-Poetry","THERE ARE SEVERAL KINDS OF ANIMALS WHICH LEAP BY THE",513,1288,REVIEW,low,"Could not auto-classify - needs manual review"
1815,16,"PAR-Poetry","MASTICATION IS PERFORMED BY",516,43959,REVIEW,low,"Could not auto-classify - needs manual review"
1815,16,"PAR-Poetry","CHANICS",637,126,REVIEW,low,"Could not auto-classify - needs manual review"
1815,16,"PAR-Poetry","JECTION",637,69,REVIEW,low,"Could not auto-classify - needs manual review"
1815,16,"PAR-Poetry","THOGRAPHY",637,98,REVIEW,low,"Could not auto-classify - needs manual review"
1815,16,"PAR-Poetry","HORACE",866,342,REVIEW,low,"Could not auto-classify - needs manual review"
1815,17,"Poetry-RHI","GALE",7,1373,REVIEW,low,"Could not auto-classify - needs manual review"
1815,17,"Poetry-RHI","ARGUMENT",15,807,REVIEW,low,"Could not auto-classify - needs manual review"
1815,17,"Poetry-RHI","ANTISTROPHE III",16,914,REVIEW,low,"Could not auto-classify - needs manual review"
1815,17,"Poetry-RHI","EPISODE III",16,1906,REVIEW,low,"Could not auto-classify - needs manual review"
1815,17,"Poetry-RHI","THENOT",29,9350,REVIEW,low,"Could not auto-classify - needs manual review"
1815,17,"Poetry-RHI","SHAKESPEARE",39,4755,REVIEW,low,"Could not auto-classify - needs manual review"
1815,17,"Poetry-RHI","MORTALS",46,11501,REVIEW,low,"Could not auto-classify - needs manual review"
1815,17,"Poetry-RHI","PERSISTED",46,166,REVIEW,low,"Could not auto-classify - needs manual review"
1815,17,"Poetry-RHI","ANGLICE LIBERTATIS LEGE
ASSERTORIS",274,15,MERGE,medium,"Very short entry, likely fragment"
1815,17,"Poetry-RHI","GULIELMO BRIDGEN",274,521,REVIEW,low,"Could not auto-classify - needs manual review"
1815,17,"Poetry-RHI","THUS MAY THE CHIEF CIRCUMSTANCES OF THIS MOTION BE DETERMINED BY",428,629,REVIEW,low,"Could not auto-classify - needs manual review"
1815,17,"Poetry-RHI","HENCE IT FOLLOWS THAT QL",429,14992,REVIEW,low,"Could not auto-classify - needs manual review"
1815,17,"Poetry-RHI","COROLLARIES",456,3485,REVIEW,low,"Could not auto-classify - needs manual review"
1815,17,"Poetry-RHI","OAK PUCCERON",529,398,REVIEW,low,"Could not auto-classify - needs manual review"
1815,17,"Poetry-RHI","TERRA PUZZULANA",572,442,REVIEW,low,"Could not auto-classify - needs manual review"
1815,17,"Poetry-RHI","LITERALLY",578,10823,REVIEW,low,"Could not auto-classify - needs manual review"
1815,17,"Poetry-RHI","ROWLEY RAGG",674,32,KEEP,medium,"Short entry with valid definition structure"
1815,17,"Poetry-RHI","CITIES OF REFUGE",744,395,REVIEW,low,"Could not auto-classify - needs manual review"
1815,17,"Poetry-RHI","CREECH",828,1749,REVIEW,low,"Could not auto-classify - needs manual review"
1815,18,"RHI-Scripture","GALBA HAVING BEEN BROUGHT TO THE EMPIRE BY",219,48866,REVIEW,low,"Could not auto-classify - needs manual review"
1815,18,"RHI-Scripture","HIS CONDUCT AFTER THESE SUCCESSES BY NO",383,71102,REVIEW,low,"Could not auto-classify - needs manual review"
1815,18,"RHI-Scripture","TABLE II",493,566,REVIEW,low,"Could not auto-classify - needs manual review"
1815,18,"RHI-Scripture","OLD SARUM",525,736,REVIEW,low,"Could not auto-classify - needs manual review"
1815,18,"RHI-Scripture","HEPBURN IS SAID ALSO TO HAVE GAINED AN ASCENDANCY OVER THE REGENT BY",708,96477,REVIEW,low,"Could not auto-classify - needs manual review"
1815,18,"RHI-Scripture","ELIZABETH HAVING THUS FOUND",793,25688,REVIEW,low,"Could not auto-classify - needs manual review"
1815,18,"RHI-Scripture","ISAIAH BY",835,1809,REVIEW,low,"Could not auto-classify - needs manual review"
1815,20,"SUI-ZYM","ONE OF THE GREAT IMPROVEMENTS IN MODERN SURGERY IS THE SIMPLICITY OF THE MECHANICAL",104,14677,REVIEW,low,"Could not auto-classify - needs manual review"
1815,20,"SUI-ZYM","JONATHAN SWIFT",203,2193,REVIEW,low,"Could not auto-classify - needs manual review"
1815,20,"SUI-ZYM","NATURE AND CONSTRUCTION OF TRIGONOMETRICAL TABLES",535,6411,REVIEW,low,"Could not auto-classify - needs manual review"
1815,20,"SUI-ZYM","LIGHT THROWN UPON THE BAG BY",605,3246,REVIEW,low,"Could not auto-classify - needs manual review"
1815,20,"SUI-ZYM","SUFFOCATING THESE VERMIN BY",621,6186,REVIEW,low,"Could not auto-classify - needs manual review"
1815,20,"SUI-ZYM","ISLE OF WIGHT",849,296,KEEP,medium,"Geographic prefix "ISLE " - may be valid subdivision"
1823,2,"America-ASS","AM-KAS",155,23,KEEP,medium,"Short entry with valid definition structure"
1823,2,"America-ASS","AMELITES",161,281,REVIEW,low,"Could not auto-classify - needs manual review"
1823,2,"America-ASS","AMELUSIA",161,48,KEEP,medium,"Short entry with valid definition structure"
1823,2,"America-ASS","ALL THESE CARTILAGES ARE UNITED TO EACH OTHER BY",271,24390,REVIEW,low,"Could not auto-classify - needs manual review"
1823,2,"America-ASS","EXPLANATION
EXPLANATION OF PLATE XXX",280,3563,REVIEW,low,"Could not auto-classify - needs manual review"
1823,2,"America-ASS","THOUGH WE CAN BY NO",422,1665,REVIEW,low,"Could not auto-classify - needs manual review"
1823,2,"America-ASS","ABISTOXENUS",708,887,REVIEW,low,"Could not auto-classify - needs manual review"
1823,2,"America-ASS","THUS IO",710,13708,REVIEW,low,"Could not auto-classify - needs manual review"
1823,2,"America-ASS","ASTER",883,13,KEEP,medium,"Short entry with valid definition structure"
1823,3,"ASS-BOO","EXPLANATION",812,6460,REVIEW,low,"Could not auto-classify - needs manual review"
1823,4,"BOO-BUR","EXPLANATION OF SIGNS",93,224,REVIEW,low,"Could not auto-classify - needs manual review"
1823,4,"BOO-BUR","ZOSTERA",98,11624,REVIEW,low,"Could not auto-classify - needs manual review"
1823,4,"BOO-BUR","AUCUBA",288,7046,REVIEW,low,"Could not auto-classify - needs manual review"
1823,4,"BOO-BUR","PALMS",308,23787,REVIEW,low,"Could not auto-classify - needs manual review"
1823,4,"BOO-BUR","HISTORY OF BOTANY",309,37529,REVIEW,low,"Could not auto-classify - needs manual review"
1823,4,"BOO-BUR","LORD CHATHAM WAS BY NO",623,1831,REVIEW,low,"Could not auto-classify - needs manual review"
1823,4,"BOO-BUR","BADDENSDALE",861,82,REVIEW,low,"Could not auto-classify - needs manual review"
1823,7,"CTE-Electricity","CARRIERS",31,14,KEEP,medium,"Cross-reference entry (contains "see" directive)"
1823,7,"CTE-Electricity","CIRCULATING DECIMALS",117,223,REVIEW,low,"Could not auto-classify - needs manual review"
1823,7,"CTE-Electricity","TIGHT",250,620,REVIEW,low,"Could not auto-classify - needs manual review"
1823,7,"CTE-Electricity","MOE",251,122,REVIEW,low,"Could not auto-classify - needs manual review"
1823,7,"CTE-Electricity","THIR",251,698,REVIEW,low,"Could not auto-classify - needs manual review"
1823,7,"CTE-Electricity","APHORISMS",267,509,REVIEW,low,"Could not auto-classify - needs manual review"
1823,7,"CTE-Electricity","ENTERTAINING EXPERIMENTS",268,7488,REVIEW,low,"Could not auto-classify - needs manual review"
1823,7,"CTE-Electricity","ISLANDS OF DISAPPOINTMENT",282,118,REVIEW,low,"Could not auto-classify - needs manual review"
1823,7,"CTE-Electricity","ARCHITECTO ROBERTO ADAM",578,11456,REVIEW,low,"Could not auto-classify - needs manual review"
1823,7,"CTE-Electricity","ET JAM POST DUO SECULA",578,10,MERGE,medium,"Very short entry, likely fragment"
1823,7,"CTE-Electricity","VIR NOBILISSIMUS
FRANCISCUS DOMINUS NAPEL",578,16,MERGE,medium,"Very short entry, likely fragment"
1823,7,"CTE-Electricity","LET US GIVE YET ANOTHER INSTANCE OF THE",603,15307,REVIEW,low,"Could not auto-classify - needs manual review"
1823,7,"CTE-Electricity","AEGERIA",637,111,REVIEW,low,"Could not auto-classify - needs manual review"
1823,7,"CTE-Electricity","PHYSCON HAVING BY THIS",647,36866,REVIEW,low,"Could not auto-classify - needs manual review"
1823,7,"CTE-Electricity","THEY MADE SEVERAL EXPERIMENTS TO GIVE THE ELECTRIC SHOCK BY",773,3803,REVIEW,low,"Could not auto-classify - needs manual review"
1823,7,"CTE-Electricity","MOST OF THE",777,2803,REVIEW,low,"Could not auto-classify - needs manual review"
1823,7,"CTE-Electricity","AMAUROSIS HAS SOMETIMES BEEN SUCCESSFULLY TREATED BY THE SAME",884,762,REVIEW,low,"Could not auto-classify - needs manual review"
1823,8,"ELE-FOR","EDSHEIMER",38,116,REVIEW,low,"Could not auto-classify - needs manual review"
1823,8,"ELE-FOR","HAROLD IN THE MEAN TIME INCREASED HIS POPULARITY BY ALL POSSIBLE",79,71115,REVIEW,low,"Could not auto-classify - needs manual review"
1823,8,"ELE-FOR","CHARACTERS OF INSECTS",163,1034,REVIEW,low,"Could not auto-classify - needs manual review"
1823,8,"ELE-FOR","BUPRESTIS",182,20755,REVIEW,low,"Could not auto-classify - needs manual review"
1823,8,"ELE-FOR","CICINDELA",182,446,REVIEW,low,"Could not auto-classify - needs manual review"
1823,8,"ELE-FOR","HISTORY OF ENTOMOLOGY",254,2827,REVIEW,low,"Could not auto-classify - needs manual review"
1823,8,"ELE-FOR","ABDOMEN",266,526,REVIEW,low,"Could not auto-classify - needs manual review"
1823,8,"ELE-FOR","MONEY TABLE",396,3706,REVIEW,low,"Could not auto-classify - needs manual review"
1823,8,"ELE-FOR","LETTERS OF EXCULPATION",407,41,KEEP,medium,"Short entry with valid definition structure"
1823,8,"ELE-FOR","DRENCHES ARE USUALLY ADMINISTERED BY",509,68970,REVIEW,low,"Could not auto-classify - needs manual review"
1823,8,"ELE-FOR","PROVIDED THE PROPER",574,34826,REVIEW,low,"Could not auto-classify - needs manual review"
1823,8,"ELE-FOR","WATER IS FREED FROM VARIOUS IMPURITIES BY",673,2895,REVIEW,low,"Could not auto-classify - needs manual review"
1823,8,"ELE-FOR","OUR AUTHOR",716,168,REVIEW,low,"Could not auto-classify - needs manual review"
1823,9,"FOR-GOT","PERHAPS NO MAN EVER EXCEEDED DR FRANKLIN IN THAT SOLID PRACTICAL WISDOM WHICH CONSISTS IN PURSUING VALUABLE ENDS BY THE MOST APPROPRIATE",234,8582,REVIEW,low,"Could not auto-classify - needs manual review"
1823,9,"FOR-GOT","JANUARY",439,10596,REVIEW,low,"Could not auto-classify - needs manual review"
1823,9,"FOR-GOT","FEBRUARY",448,13603,REVIEW,low,"Could not auto-classify - needs manual review"
1823,9,"FOR-GOT","AUGUST",470,3654,REVIEW,low,"Could not auto-classify - needs manual review"
1823,9,"FOR-GOT","ANIMALS",477,348,REVIEW,low,"Could not auto-classify - needs manual review"
1823,9,"FOR-GOT","SERPENTINE IS BY NO",605,10643,REVIEW,low,"Could not auto-classify - needs manual review"
1823,9,"FOR-GOT","PAINTING ON GLASS BY",830,818,REVIEW,low,"Could not auto-classify - needs manual review"
1823,9,"FOR-GOT","SCHLUTTER RECOMMENDS MECHANICAL",849,7579,REVIEW,low,"Could not auto-classify - needs manual review"
1823,10,"GOT-Hydrodynamics","ASSES",19,10314,REVIEW,low,"Could not auto-classify - needs manual review"
1823,10,"GOT-Hydrodynamics","CONVEYS TO THE MIND OF THE READER THE VERY SAME SENTIMENT WHICH THE POET",31,3171,REVIEW,low,"Could not auto-classify - needs manual review"
1823,10,"GOT-Hydrodynamics","ME",35,25998,REVIEW,low,"Could not auto-classify - needs manual review"
1823,10,"GOT-Hydrodynamics","SHE",35,146,REVIEW,low,"Could not auto-classify - needs manual review"
1823,10,"GOT-Hydrodynamics","THOU",35,736,REVIEW,low,"Could not auto-classify - needs manual review"
1823,10,"GOT-Hydrodynamics","INSULTARE SOLO",58,3103,REVIEW,low,"Could not auto-classify - needs manual review"
1823,10,"GOT-Hydrodynamics","TRISTIOR",61,1680,REVIEW,low,"Could not auto-classify - needs manual review"
1823,10,"GOT-Hydrodynamics","AGO",62,6880,REVIEW,low,"Could not auto-classify - needs manual review"
1823,10,"GOT-Hydrodynamics","LES",68,5679,REVIEW,low,"Could not auto-classify - needs manual review"
1823,10,"GOT-Hydrodynamics","FIRE-GRAPPLING",91,61,REVIEW,low,"Could not auto-classify - needs manual review"
1823,10,"GOT-Hydrodynamics","GAJACUM",135,30,KEEP,medium,"Cross-reference entry (contains "see" directive)"
1823,10,"GOT-Hydrodynamics","LINNAEUS",351,268,REVIEW,low,"Could not auto-classify - needs manual review"
1823,10,"GOT-Hydrodynamics","ANOMIA",352,49,REVIEW,low,"Could not auto-classify - needs manual review"
1823,10,"GOT-Hydrodynamics","ARGONAUTA",352,24,REVIEW,low,"Could not auto-classify - needs manual review"
1823,10,"GOT-Hydrodynamics","ASCIDIA",352,23,REVIEW,low,"Could not auto-classify - needs manual review"
1823,10,"GOT-Hydrodynamics","BULLA",352,16,MERGE,medium,"Very short entry, likely fragment"
1823,10,"GOT-Hydrodynamics","OVULA",352,37,REVIEW,low,"Could not auto-classify - needs manual review"
1823,10,"GOT-Hydrodynamics","SEGARETUS",352,30,REVIEW,low,"Could not auto-classify - needs manual review"
1823,10,"GOT-Hydrodynamics","AMPHITRITE",353,17,MERGE,medium,"Very short entry, likely fragment"
1823,10,"GOT-Hydrodynamics","GENERIC CHARACTERS",354,794,REVIEW,low,"Could not auto-classify - needs manual review"
1823,10,"GOT-Hydrodynamics","EXPLANATION OF FIGURES",391,340,REVIEW,low,"Could not auto-classify - needs manual review"
1823,10,"GOT-Hydrodynamics","ACTINIA",392,344,REVIEW,low,"Could not auto-classify - needs manual review"
1823,10,"GOT-Hydrodynamics","WHAT THIS LEARNED AND JUDICIOUS HERALD",451,2065,REVIEW,low,"Could not auto-classify - needs manual review"
1823,10,"GOT-Hydrodynamics","DEFINITION",757,7441,REVIEW,low,"Could not auto-classify - needs manual review"
1823,10,"GOT-Hydrodynamics","DIRECTIONS FOR PLACING THE PLATES",838,20,REVIEW,low,"Could not auto-classify - needs manual review"
1823,11,"HYD-LIE","YPHEN",30,47,KEEP,medium,"Short entry with valid definition structure"
1823,11,"HYD-LIE","STOCK-JOBBING",334,75,REVIEW,low,"Could not auto-classify - needs manual review"
1823,11,"HYD-LIE","CONCERNING HIS RESIDENCE IN THE UNIVERSITY AND THE",337,6016,REVIEW,low,"Could not auto-classify - needs manual review"
1823,11,"HYD-LIE","POET LAUREATE",617,879,REVIEW,low,"Could not auto-classify - needs manual review"
1823,11,"HYD-LIE","LIGINIUS STOLO",847,77,REVIEW,low,"Could not auto-classify - needs manual review"
1823,12,"LIE-Materia","REPARATION IS PERFORMED BY",18,3230,REVIEW,low,"Could not auto-classify - needs manual review"
1823,12,"LIE-Materia","LET US NOW SUPPOSE ANY NUMBER OF GEOMETRICAL",80,231,REVIEW,low,"Could not auto-classify - needs manual review"
1823,12,"LIE-Materia","MULTIPLICATION BY LOGARITHMS",98,120,REVIEW,low,"Could not auto-classify - needs manual review"
1823,12,"LIE-Materia","PROPORTION BY LOGARITHMS",99,283,REVIEW,low,"Could not auto-classify - needs manual review"
1823,12,"LIE-Materia","EVOLUTION BY LOGARITHMS",100,86,REVIEW,low,"Could not auto-classify - needs manual review"
1823,12,"LIE-Materia","EXAMPLES",100,4581,REVIEW,low,"Could not auto-classify - needs manual review"
1823,12,"LIE-Materia","INVOLUTION BY LOGARITHMS",100,84,REVIEW,low,"Could not auto-classify - needs manual review"
1823,12,"LIE-Materia","REFLECTIONS ON THE UTILITY OF LOGIC",177,2093,REVIEW,low,"Could not auto-classify - needs manual review"
1823,12,"LIE-Materia","MEANDER",358,122,REVIEW,low,"Could not auto-classify - needs manual review"
1823,12,"LIE-Materia","MECENAS",358,1515,REVIEW,low,"Could not auto-classify - needs manual review"
1823,12,"LIE-Materia","GENERIC
MAMMALIA",475,222,REVIEW,low,"Could not auto-classify - needs manual review"
1823,12,"LIE-Materia","NIANS",637,60,REVIEW,low,"Could not auto-classify - needs manual review"
1823,12,"LIE-Materia","IS",822,110,REVIEW,low,"Could not auto-classify - needs manual review"
1823,12,"LIE-Materia","PELLUS",822,145,REVIEW,low,"Could not auto-classify - needs manual review"
1823,12,"LIE-Materia","PULEGI",822,45,KEEP,medium,"Cross-reference entry (contains "see" directive)"
1823,12,"LIE-Materia","BENEDICTUS",826,15,KEEP,medium,"Cross-reference entry (contains "see" directive)"
1823,12,"LIE-Materia","EA",826,192,REVIEW,low,"Could not auto-classify - needs manual review"
1823,12,"LIE-Materia","TARIA VIRGINIANA",826,39,KEEP,medium,"Cross-reference entry (contains "see" directive)"
1823,12,"LIE-Materia","TINCTURA SERPENTARIAE",826,524,REVIEW,low,"Could not auto-classify - needs manual review"
1823,12,"LIE-Materia","UM VULGARE",826,81,REVIEW,low,"Could not auto-classify - needs manual review"
1823,12,"LIE-Materia","OLEUM VOLATILE PINI PURISSIMUM",827,787,REVIEW,low,"Could not auto-classify - needs manual review"
1823,12,"LIE-Materia","ELECTARIUM MIMOSAE CATECHU COMPOSITUM",830,12,KEEP,medium,"Cross-reference entry (contains "see" directive)"
1823,12,"LIE-Materia","FICUS CARICA",830,22,KEEP,medium,"Cross-reference entry (contains "see" directive)"
1823,12,"LIE-Materia","FRAXINUS ORNUS",830,35,REVIEW,low,"Could not auto-classify - needs manual review"
1823,12,"LIE-Materia","GUMMI ARABICI CUM",830,121,REVIEW,low,"Could not auto-classify - needs manual review"
1823,12,"LIE-Materia","INFUSUM MIMOSAE CATECHU",830,55,REVIEW,low,"Could not auto-classify - needs manual review"
1823,12,"LIE-Materia","MIMOSA CATECHU",830,46,KEEP,medium,"Cross-reference entry (contains "see" directive)"
1823,12,"LIE-Materia","POLYPODIUM FILIX MAS",830,6021,REVIEW,low,"Could not auto-classify - needs manual review"
1823,12,"LIE-Materia","SYRUPUS MANNAE",830,76,REVIEW,low,"Could not auto-classify - needs manual review"
1823,12,"LIE-Materia","TINCTURA MIMOSAE CATECHU",830,51,REVIEW,low,"Could not auto-classify - needs manual review"
1823,12,"LIE-Materia","TROCHISCI GUMMOSI",830,49,KEEP,medium,"Cross-reference entry (contains "see" directive)"
1823,12,"LIE-Materia","CRETA",837,1463,REVIEW,low,"Could not auto-classify - needs manual review"
1823,12,"LIE-Materia","STIBIATUM RUFUM",839,733,REVIEW,low,"Could not auto-classify - needs manual review"
1823,12,"LIE-Materia","CALOMELAS",840,77,REVIEW,low,"Could not auto-classify - needs manual review"
1823,12,"LIE-Materia","DRARGYRUS MURIATUS",840,121,REVIEW,low,"Could not auto-classify - needs manual review"
1823,12,"LIE-Materia","GYRUS PURIFICATUS",840,30,REVIEW,low,"Could not auto-classify - needs manual review"
1823,12,"LIE-Materia","HYDRARGYRUS MURIATUS MITE",840,178,REVIEW,low,"Could not auto-classify - needs manual review"
1823,12,"LIE-Materia","PULVIS HYDRARGYRI CINEREUS",840,60,REVIEW,low,"Could not auto-classify - needs manual review"
1823,12,"LIE-Materia","ADDENDUM",847,136,REVIEW,low,"Could not auto-classify - needs manual review"
1823,13,"MAT-MIC","SCHOLIUM",69,6950,REVIEW,low,"Could not auto-classify - needs manual review"
1823,13,"MAT-MIC","LET THE WHEEL CD DRIVE THE WHEEL AB BY",123,6179,REVIEW,low,"Could not auto-classify - needs manual review"
1823,13,"MAT-MIC","IMMEDIATE",230,23,KEEP,medium,"Short entry with valid definition structure"
1823,13,"MAT-MIC","WHETHER THERE BE ANY OTHER",365,1161,REVIEW,low,"Could not auto-classify - needs manual review"
1823,13,"MAT-MIC","EXERCISE AND ABSTINENCE ARE THE",366,8673,REVIEW,low,"Could not auto-classify - needs manual review"
1823,13,"MAT-MIC","LUCAS PEPYS",376,12,MERGE,medium,"Very short entry, likely fragment"
1823,13,"MAT-MIC","JAMES HENTHORN",379,334,REVIEW,low,"Could not auto-classify - needs manual review"
1823,13,"MAT-MIC","CHICKENPOX",380,1074,REVIEW,low,"Could not auto-classify - needs manual review"
1823,13,"MAT-MIC","SCARLET FEVER",385,3585,REVIEW,low,"Could not auto-classify - needs manual review"
1823,13,"MAT-MIC","NETTLE-RASH",388,3730,REVIEW,low,"Could not auto-classify - needs manual review"
1823,13,"MAT-MIC","SPITTING OF BLOOD",393,1738,REVIEW,low,"Could not auto-classify - needs manual review"
1823,13,"MAT-MIC","HEMATEMESIS",409,15,MERGE,medium,"Very short entry, likely fragment"
1823,13,"MAT-MIC","HEMATURIA",409,1759,REVIEW,low,"Could not auto-classify - needs manual review"
1823,13,"MAT-MIC","STOMACE",409,14,MERGE,medium,"Very short entry, likely fragment"
1823,13,"MAT-MIC","GREEN SICKNESS",425,8259,REVIEW,low,"Could not auto-classify - needs manual review"
1823,13,"MAT-MIC","HYPOCHONDRIAC AFFECTION",425,7769,REVIEW,low,"Could not auto-classify - needs manual review"
1823,13,"MAT-MIC","FALLING-SICKNESS",433,29971,REVIEW,low,"Could not auto-classify - needs manual review"
1823,13,"MAT-MIC","DROPSY OF THE ABDOMEN",461,4366,REVIEW,low,"Could not auto-classify - needs manual review"
1823,13,"MAT-MIC","AMONG OTHER",476,170,REVIEW,low,"Could not auto-classify - needs manual review"
1823,13,"MAT-MIC","EXCESSIVE SWEATING",490,64,REVIEW,low,"Could not auto-classify - needs manual review"
1823,13,"MAT-MIC","FLUX OF BLOOD",490,110,REVIEW,low,"Could not auto-classify - needs manual review"
1823,13,"MAT-MIC","FLUX OF THE LACHRYMAL HUMOUR",490,170,REVIEW,low,"Could not auto-classify - needs manual review"
1823,13,"MAT-MIC","COSTIVENESS",495,707,REVIEW,low,"Could not auto-classify - needs manual review"
1823,13,"MAT-MIC","SUPPRESSION OF URINE",496,10381,REVIEW,low,"Could not auto-classify - needs manual review"
1823,13,"MAT-MIC","DIFFICULTY OF DISCHARGING URINE",498,138,REVIEW,low,"Could not auto-classify - needs manual review"
1823,13,"MAT-MIC","STONE IN THE BLADDER",498,3827,REVIEW,low,"Could not auto-classify - needs manual review"
1823,13,"MAT-MIC","MNEMONICA",549,684,REVIEW,low,"Could not auto-classify - needs manual review"
1823,13,"MAT-MIC","MORE THAN THREE-FOURTHS OF THE SILVER OBTAINED FROM AMERICA IS EXTRACTED FROM THE ORE BY",826,3483,REVIEW,low,"Could not auto-classify - needs manual review"
1823,14,"MIC-NIC","ABCDEF",23,2443,REVIEW,low,"Could not auto-classify - needs manual review"
1823,14,"MIC-NIC","QRSTVX",25,2506,RENAME,medium,"Headword appears garbled (OCR error): ^[^AEIOU]{5,}$"
1823,14,"MIC-NIC","WATER-FOWL",117,691,REVIEW,low,"Could not auto-classify - needs manual review"
1823,14,"MIC-NIC","FINNED-FOOTED WATER BIRDS",118,44,REVIEW,low,"Could not auto-classify - needs manual review"
1823,14,"MIC-NIC","WEB-FOOTED BIRDS",118,8753,REVIEW,low,"Could not auto-classify - needs manual review"
1823,14,"MIC-NIC","DIAMONDS ARE CUT AND POLISHED BY",188,168,REVIEW,low,"Could not auto-classify - needs manual review"
1823,14,"MIC-NIC","ONE GREAT",309,6689,REVIEW,low,"Could not auto-classify - needs manual review"
1823,14,"MIC-NIC","PRELIMINARY DISCOURSE",549,6837,REVIEW,low,"Could not auto-classify - needs manual review"
1823,14,"MIC-NIC","DEFINITIONS",555,37609,REVIEW,low,"Could not auto-classify - needs manual review"
1823,14,"MIC-NIC","ACCORDING TO SOME AUTHORS THE WORD MUSSULMAN",619,112,REVIEW,low,"Could not auto-classify - needs manual review"
1823,14,"MIC-NIC","AMPUTATION IS NOT THE ONLY",620,329,REVIEW,low,"Could not auto-classify - needs manual review"
1823,14,"MIC-NIC","EXPLANATION OF THE TABLES",801,8410,REVIEW,low,"Could not auto-classify - needs manual review"
1823,14,"MIC-NIC","BECAUSE THE EQUABLE DESCRIPTION OF AREAS",868,7000,REVIEW,low,"Could not auto-classify - needs manual review"
1823,15,"NIC-PAR","MONTE NUOVO",111,224,REVIEW,low,"Could not auto-classify - needs manual review"
1823,15,"NIC-PAR","AOB",282,589,REVIEW,low,"Could not auto-classify - needs manual review"
1823,15,"NIC-PAR","BA",282,15059,REVIEW,low,"Could not auto-classify - needs manual review"
1823,15,"NIC-PAR","EH",295,17871,REVIEW,low,"Could not auto-classify - needs manual review"
1823,15,"NIC-PAR","INVENTION",355,52720,REVIEW,low,"Could not auto-classify - needs manual review"
1823,15,"NIC-PAR","WITHOUT THE",526,2916,REVIEW,low,"Could not auto-classify - needs manual review"
1823,15,"NIC-PAR","MARCVS",807,11,MERGE,medium,"Very short entry, likely fragment"
1823,15,"NIC-PAR","RESTITVERUNT",807,1669,REVIEW,low,"Could not auto-classify - needs manual review"
1823,16,"PAR-Poetry","FEWER ERRORS HAVE BEEN COMMITTED IN THE",242,2412,REVIEW,low,"Could not auto-classify - needs manual review"
1823,16,"PAR-Poetry","INDEED THE SPANIARDS APPEAR BY NO",307,1356,REVIEW,low,"Could not auto-classify - needs manual review"
1823,16,"PAR-Poetry","OPHIC",441,18,KEEP,medium,"Cross-reference entry (contains "see" directive)"
1823,16,"PAR-Poetry","STAHL REGARDS THE EXCRETIONS AS THE",492,18932,REVIEW,low,"Could not auto-classify - needs manual review"
1823,16,"PAR-Poetry","ARMSTRONG",510,8580,REVIEW,low,"Could not auto-classify - needs manual review"
1823,16,"PAR-Poetry","THERE ARE SEVERAL KINDS OF ANIMALS WHICH LEAP BY THE",517,1289,REVIEW,low,"Could not auto-classify - needs manual review"
1823,16,"PAR-Poetry","MASTICATION IS PERFORMED BY",520,44418,REVIEW,low,"Could not auto-classify - needs manual review"
1823,16,"PAR-Poetry","EXPLANATION
EXPLANATION OF PLATE CCCCXVIII",563,440,REVIEW,low,"Could not auto-classify - needs manual review"
1823,16,"PAR-Poetry","EXPERIMENTS ON THIS SUBJECT ARE BY NO",775,6455,REVIEW,low,"Could not auto-classify - needs manual review"
1823,17,"Poetry-RHI","ARGUMENT",17,4489,REVIEW,low,"Could not auto-classify - needs manual review"
1823,17,"Poetry-RHI","PERSISTED",48,11729,REVIEW,low,"Could not auto-classify - needs manual review"
1823,17,"Poetry-RHI","BOTANY INDEX",140,40,REVIEW,low,"Could not auto-classify - needs manual review"
1823,17,"Poetry-RHI","ANGLICE LIBERTATIS LEGE
ASSERTORIS",276,15,MERGE,medium,"Very short entry, likely fragment"
1823,17,"Poetry-RHI","GULIELMO BRIDGEN",276,535,REVIEW,low,"Could not auto-classify - needs manual review"
1823,17,"Poetry-RHI","PEEPRATION",313,1352,REVIEW,low,"Could not auto-classify - needs manual review"
1823,17,"Poetry-RHI","PEPUCUE",315,20,KEEP,medium,"Cross-reference entry (contains "see" directive)"
1823,17,"Poetry-RHI","INDEX
INDEX",363,521,REVIEW,low,"Could not auto-classify - needs manual review"
1823,17,"Poetry-RHI","AMONG THE ROMANISTS PROFESSION",415,217,REVIEW,low,"Could not auto-classify - needs manual review"
1823,17,"Poetry-RHI","THUS MAY THE CHIEF CIRCUMSTANCES OF THIS MOTION BE DETERMINED BY",430,656,REVIEW,low,"Could not auto-classify - needs manual review"
1823,17,"Poetry-RHI","HENCE IT FOLLOWS THAT QL",431,11327,REVIEW,low,"Could not auto-classify - needs manual review"
1823,17,"Poetry-RHI","SONS OF THE PROPHETS",494,83,REVIEW,low,"Could not auto-classify - needs manual review"
1823,17,"Poetry-RHI","OAK PUCERON",533,398,REVIEW,low,"Could not auto-classify - needs manual review"
1823,17,"Poetry-RHI","CAECINIAE DIGNAE",567,1445,REVIEW,low,"Could not auto-classify - needs manual review"
1823,17,"Poetry-RHI","TERRA PUZZULANA",576,364,REVIEW,low,"Could not auto-classify - needs manual review"
1823,17,"Poetry-RHI","ROWLEY RAGG",678,32,KEEP,medium,"Short entry with valid definition structure"
1823,17,"Poetry-RHI","CITIES OF REFUGE",748,397,REVIEW,low,"Could not auto-classify - needs manual review"
1823,17,"Poetry-RHI","CREECH",831,119,REVIEW,low,"Could not auto-classify - needs manual review"
1823,18,"RHI-Scripture","GALBA HAVING BEEN BROUGHT TO THE EMPIRE BY",219,48735,REVIEW,low,"Could not auto-classify - needs manual review"
1823,18,"RHI-Scripture","HIS CONDUCT AFTER THESE SUCCESSES BY NO",383,71376,REVIEW,low,"Could not auto-classify - needs manual review"
1823,18,"RHI-Scripture","TABLE II",493,665,REVIEW,low,"Could not auto-classify - needs manual review"
1823,18,"RHI-Scripture","HEPBURN IS SAID ALSO TO HAVE GAINED AN ASCENDENCY OVER THE REGENT BY",708,73079,REVIEW,low,"Could not auto-classify - needs manual review"
1823,18,"RHI-Scripture","ELIZABETH HAVING THUS FOUND",793,25731,REVIEW,low,"Could not auto-classify - needs manual review"
1823,18,"RHI-Scripture","ISAIAH BY",835,5747,REVIEW,low,"Could not auto-classify - needs manual review"
1823,19,"Scripture-SUG","DRYDEN",176,62,REVIEW,low,"Could not auto-classify - needs manual review"
1823,19,"Scripture-SUG","ACT OF SETTLEMENT",210,68,REVIEW,low,"Could not auto-classify - needs manual review"
1823,19,"Scripture-SUG","CONCERNING THE DECOMPOSITION OF SOAP BY",483,1441,REVIEW,low,"Could not auto-classify - needs manual review"
1823,19,"Scripture-SUG","ROBERT STEPHENS",764,2433,REVIEW,low,"Could not auto-classify - needs manual review"
1823,19,"Scripture-SUG","THEIR ONLY",784,165,REVIEW,low,"Could not auto-classify - needs manual review"
1823,19,"Scripture-SUG","ANALYSIS OF",797,1172,REVIEW,low,"Could not auto-classify - needs manual review"
1823,19,"Scripture-SUG","SABADAR",872,23,KEEP,medium,"Short entry with valid definition structure"
1823,19,"Scripture-SUG","SABAH",872,32,KEEP,medium,"Short entry with valid definition structure"
1823,19,"Scripture-SUG","SABALTERN",872,31,KEEP,medium,"Short entry with valid definition structure"
1823,19,"Scripture-SUG","SABIA",872,327,REVIEW,low,"Could not auto-classify - needs manual review"
1823,19,"Scripture-SUG","SAURES",872,147,REVIEW,low,"Could not auto-classify - needs manual review"
1823,20,"SUI-ZYM","ONE OF THE GREAT IMPROVEMENTS IN MODERN SURGERY IS THE SIMPLICITY OF THE MECHANICAL",104,15133,REVIEW,low,"Could not auto-classify - needs manual review"
1823,20,"SUI-ZYM","JONATHAN SWIFT",203,2189,REVIEW,low,"Could not auto-classify - needs manual review"
1823,20,"SUI-ZYM","NATURE AND CONSTRUCTION OF TRIGONOMETRICAL TABLES",535,9683,REVIEW,low,"Could not auto-classify - needs manual review"
1823,20,"SUI-ZYM","LIGHT THROWN UPON THE BAG BY",605,3230,REVIEW,low,"Could not auto-classify - needs manual review"
1823,20,"SUI-ZYM","SUFFOCATING THESE VERMIN BY",621,6186,REVIEW,low,"Could not auto-classify - needs manual review"
1823,20,"SUI-ZYM","ISLE OF WIGHT",849,297,KEEP,medium,"Geographic prefix "ISLE " - may be valid subdivision"
1823,20,"SUI-ZYM","MECHANICS INDEX",857,655,REVIEW,low,"Could not auto-classify - needs manual review"
1842,2,"A-Anatomy","WHY THIS BARBARY STATE SHOULD BE DIGNIFIED WITH THE NAME OF EMPIRE IS BY NO",244,5845,REVIEW,low,"Could not auto-classify - needs manual review"
1842,2,"A-Anatomy","ARABLE LAND",275,1762,REVIEW,low,"Could not auto-classify - needs manual review"
1842,2,"A-Anatomy","VERY LARGE BLOCKS OF STONE ARE CLEARED AWAY BY",323,4602,REVIEW,low,"Could not auto-classify - needs manual review"
1842,2,"A-Anatomy","BURGOS",383,26,KEEP,medium,"Short entry with valid definition structure"
1842,2,"A-Anatomy","NEW ALBION",394,87,KEEP,medium,"Geographic prefix "NEW " - may be valid subdivision"
1842,2,"A-Anatomy","SURDS MAY BE DENOTED BY",447,3458,REVIEW,low,"Could not auto-classify - needs manual review"
1842,2,"A-Anatomy","HERE THE RADICAL NUMBER IS EXPRESSED BY",483,8107,REVIEW,low,"Could not auto-classify - needs manual review"
1842,2,"A-Anatomy","HUMAN ANATOMY",714,4395,REVIEW,low,"Could not auto-classify - needs manual review"
1842,2,"A-Anatomy","GENERAL ANATOMY",721,5507,REVIEW,low,"Could not auto-classify - needs manual review"
1842,2,"A-Anatomy","CONNECTED BEFORE AND ON THE OUTSIDE TO THE STRIATED BODY BY",819,5284,REVIEW,low,"Could not auto-classify - needs manual review"
1842,3,"Anatomy-Astronomy","CINQUECENTO",434,7877,REVIEW,low,"Could not auto-classify - needs manual review"
1842,3,"Anatomy-Astronomy","ELEMENTS OF BEAUTY IN ARCHITECTURE",467,2065,REVIEW,low,"Could not auto-classify - needs manual review"
1842,3,"Anatomy-Astronomy","GLOSSARY OF NAMES AND TERMS USED IN ARCHITECTURE",473,91,REVIEW,low,"Could not auto-classify - needs manual review"
1842,3,"Anatomy-Astronomy","ACROTERIUM",474,165,REVIEW,low,"Could not auto-classify - needs manual review"
1842,3,"Anatomy-Astronomy","ATTIC",475,103,REVIEW,low,"Could not auto-classify - needs manual review"
1842,3,"Anatomy-Astronomy","BALUSTER",475,152,REVIEW,low,"Could not auto-classify - needs manual review"
1842,3,"Anatomy-Astronomy","BATTLEMENT",475,30,KEEP,medium,"Short entry with valid definition structure"
1842,3,"Anatomy-Astronomy","BED-MOULD",475,26,KEEP,medium,"Short entry with valid definition structure"
1842,3,"Anatomy-Astronomy","BLOCKING-COURSE",475,27,KEEP,medium,"Cross-reference entry (contains "see" directive)"
1842,3,"Anatomy-Astronomy","BUTTRESS",475,59,REVIEW,low,"Could not auto-classify - needs manual review"
1842,3,"Anatomy-Astronomy","CANOPY",475,34,KEEP,medium,"Short entry with valid definition structure"
1842,3,"Anatomy-Astronomy","CAPITAL",475,78,REVIEW,low,"Could not auto-classify - needs manual review"
1842,3,"Anatomy-Astronomy","CASOON",475,74,REVIEW,low,"Could not auto-classify - needs manual review"
1842,3,"Anatomy-Astronomy","CAULICULUS",475,35,KEEP,medium,"Short entry with valid definition structure"
1842,3,"Anatomy-Astronomy","CAVETTO",475,12,KEEP,medium,"Short entry with valid definition structure"
1842,3,"Anatomy-Astronomy","CELLA",475,61,REVIEW,low,"Could not auto-classify - needs manual review"
1842,3,"Anatomy-Astronomy","CINQUEFOIL",475,75,REVIEW,low,"Could not auto-classify - needs manual review"
1842,3,"Anatomy-Astronomy","COLUMN",475,129,REVIEW,low,"Could not auto-classify - needs manual review"
1842,3,"Anatomy-Astronomy","COPING",475,30,KEEP,medium,"Short entry with valid definition structure"
1842,3,"Anatomy-Astronomy","CORBEL",475,37,KEEP,medium,"Short entry with valid definition structure"
1842,3,"Anatomy-Astronomy","CORNICHE",475,3587,REVIEW,low,"Could not auto-classify - needs manual review"
1842,3,"Anatomy-Astronomy","PERIBOLUS",479,119,REVIEW,low,"Could not auto-classify - needs manual review"
1842,3,"Anatomy-Astronomy","PERISTYLE",479,108,REVIEW,low,"Could not auto-classify - needs manual review"
1842,3,"Anatomy-Astronomy","PILASTER",479,37,KEEP,medium,"Short entry with valid definition structure"
1842,3,"Anatomy-Astronomy","PILLAR",479,48,KEEP,medium,"Short entry with valid definition structure"
1842,3,"Anatomy-Astronomy","PINNACLE",479,20,KEEP,medium,"Short entry with valid definition structure"
1842,3,"Anatomy-Astronomy","PLAN",479,144,REVIEW,low,"Could not auto-classify - needs manual review"
1842,3,"Anatomy-Astronomy","PORTICO",479,144,REVIEW,low,"Could not auto-classify - needs manual review"
1842,3,"Anatomy-Astronomy","PROPYLEUM",479,168,REVIEW,low,"Could not auto-classify - needs manual review"
1842,3,"Anatomy-Astronomy","PSUEDO-DIPTERAL",479,61,REVIEW,low,"Could not auto-classify - needs manual review"
1842,3,"Anatomy-Astronomy","PSUEDO-PERIPERIAL",479,1782,REVIEW,low,"Could not auto-classify - needs manual review"
1842,3,"Anatomy-Astronomy","DESCRIPTIONS AND EXPLANATIONS OF THE PLATES",481,4263,REVIEW,low,"Could not auto-classify - needs manual review"
1842,3,"Anatomy-Astronomy","REDUCTION",557,9793,REVIEW,low,"Could not auto-classify - needs manual review"
1842,3,"Anatomy-Astronomy","FIELD ARTILLERY",643,28088,REVIEW,low,"Could not auto-classify - needs manual review"
1842,3,"Anatomy-Astronomy","HISTORY OF ASTRONOMY",731,13764,REVIEW,low,"Could not auto-classify - needs manual review"
1842,4,"Astronomy-BOR","ASSYMETRY",122,41,KEEP,medium,"Short entry with valid definition structure"
1842,5,"BOR-CAL","FUNDAMENTAL ORGANS",41,9518,REVIEW,low,"Could not auto-classify - needs manual review"
1842,5,"BOR-CAL","NATURAL CLASSIFICATION OF PLANTS",98,7513,REVIEW,low,"Could not auto-classify - needs manual review"
1842,5,"BOR-CAL","ARRANGEMENT AND CHARACTERS OF THE NATURAL ORDERS",104,1124,REVIEW,low,"Could not auto-classify - needs manual review"
1842,5,"BOR-CAL","AMONG THE OTHER WORKS WHICH BY THIS",176,2142,REVIEW,low,"Could not auto-classify - needs manual review"
1842,5,"BOR-CAL","TK",227,7882,REVIEW,low,"Could not auto-classify - needs manual review"
1842,5,"BOR-CAL","HISTORY OF BREWING",240,1834,REVIEW,low,"Could not auto-classify - needs manual review"
1842,5,"BOR-CAL","REIGN OF CHARLES II",351,17464,REVIEW,low,"Could not auto-classify - needs manual review"
1842,5,"BOR-CAL","REIGN OF JAMES II",365,10457,REVIEW,low,"Could not auto-classify - needs manual review"
1842,5,"BOR-CAL","REIGN OF QUEEN ANNE",377,3944,REVIEW,low,"Could not auto-classify - needs manual review"
1842,5,"BOR-CAL","REIGN OF GEORGE II",388,9159,REVIEW,low,"Could not auto-classify - needs manual review"
1842,5,"BOR-CAL","REIGN OF GEORGE III",395,2670,REVIEW,low,"Could not auto-classify - needs manual review"
1842,5,"BOR-CAL","REIGN OF GEORGE IV",557,8499,REVIEW,low,"Could not auto-classify - needs manual review"
1842,5,"BOR-CAL","REIGN OF WILLIAM IV",589,6464,REVIEW,low,"Could not auto-classify - needs manual review"
1842,5,"BOR-CAL","CELIUS",780,118,REVIEW,low,"Could not auto-classify - needs manual review"
1842,6,"CAL-Clock","SOME PHILOSOPHERS ACCOUNT FOR CAPILLARY ACTION BY",124,9506,REVIEW,low,"Could not auto-classify - needs manual review"
1842,6,"CAL-Clock","EQUIANGULAR OR SIMILAR
EQUILATERAL
AN ANGLE
RIGHT ANGLE
PERPENDICULAR",333,1238,REVIEW,low,"Could not auto-classify - needs manual review"
1842,6,"CAL-Clock","BROTHERS OF CHARITY ALSO",339,2541,REVIEW,low,"Could not auto-classify - needs manual review"
1842,6,"CAL-Clock","HISTORY",351,17756,REVIEW,low,"Could not auto-classify - needs manual review"
1842,6,"CAL-Clock","AMMONIA MAY BE OBTAINED IN THE STATE OF GAS BY",377,28003,REVIEW,low,"Could not auto-classify - needs manual review"
1842,6,"CAL-Clock","MORPHIN HAS BEEN REPEATEDLY ANALYSED BY",471,24792,REVIEW,low,"Could not auto-classify - needs manual review"
1842,6,"CAL-Clock","BERZELIUS ANALYSED IT BY CONSUMING TANNATE OF LEAD BY",493,24624,REVIEW,low,"Could not auto-classify - needs manual review"
1842,7,"CLO-Dialling","CELOSYRIA",27,53,REVIEW,low,"Could not auto-classify - needs manual review"
1842,7,"CLO-Dialling","CELUS",27,118,REVIEW,low,"Could not auto-classify - needs manual review"
1842,7,"CLO-Dialling","CENOBITE",27,160,REVIEW,low,"Could not auto-classify - needs manual review"
1842,7,"CLO-Dialling","CENOBIUM",27,97,REVIEW,low,"Could not auto-classify - needs manual review"
1842,7,"CLO-Dialling","HIS EARLY EDUCATION WAS BY NO",210,3439,REVIEW,low,"Could not auto-classify - needs manual review"
1842,7,"CLO-Dialling","HP",242,355,REVIEW,low,"Could not auto-classify - needs manual review"
1842,7,"CLO-Dialling","DIHYOLE",766,39,KEEP,medium,"Short entry with valid definition structure"
1842,7,"CLO-Dialling","DIEETELE",767,75,REVIEW,low,"Could not auto-classify - needs manual review"
1842,7,"CLO-Dialling","DIERESIS",767,27,KEEP,medium,"Short entry with valid definition structure"
1842,8,"DIA-England","GREAT",20,3342,REVIEW,low,"Could not auto-classify - needs manual review"
1842,8,"DIA-England","IMMEDIATELY",20,49,KEEP,medium,"Cross-reference entry (contains "see" directive)"
1842,8,"DIA-England","MOE",23,3038,REVIEW,low,"Could not auto-classify - needs manual review"
1842,8,"DIA-England","WOOD",23,387,REVIEW,low,"Could not auto-classify - needs manual review"
1842,8,"DIA-England","ST DOMINGO",111,7380,KEEP,medium,"Geographic prefix "ST " - may be valid subdivision"
1842,8,"DIA-England","LIGHT AND SHADE ARE THE",193,2376,REVIEW,low,"Could not auto-classify - needs manual review"
1842,8,"DIA-England","MANY OTHER CIRCUMSTANCES MIGHT BE ADDUCED TO SHOW THE ADVANTAGES OF SUPPLYING THE NATURAL",204,4557,REVIEW,low,"Could not auto-classify - needs manual review"
1842,8,"DIA-England","PROTESTANT DISSENTERS ARE BY NO",251,8618,REVIEW,low,"Could not auto-classify - needs manual review"
1842,8,"DIA-England","FOSTER",264,807,REVIEW,low,"Could not auto-classify - needs manual review"
1842,8,"DIA-England","D'URFEY",299,246,REVIEW,low,"Could not auto-classify - needs manual review"
1842,8,"DIA-England","HISTORY OF DYEING",305,3274,REVIEW,low,"Could not auto-classify - needs manual review"
1842,8,"DIA-England","SAXON GREEN IS PRODUCED BY",344,947,REVIEW,low,"Could not auto-classify - needs manual review"
1842,8,"DIA-England","FIRST LAW OF MOTION",359,3697,REVIEW,low,"Could not auto-classify - needs manual review"
1842,8,"DIA-England","LET US THEREFORE EXAMINE THE PROPOSITION BY",362,894,REVIEW,low,"Could not auto-classify - needs manual review"
1842,8,"DIA-England","ACCELERATION",383,1497,REVIEW,low,"Could not auto-classify - needs manual review"
1842,8,"DIA-England","AD",388,1411,REVIEW,low,"Could not auto-classify - needs manual review"
1842,8,"DIA-England","BE",388,389,REVIEW,low,"Could not auto-classify - needs manual review"
1842,8,"DIA-England","AEGERIA",466,92,REVIEW,low,"Could not auto-classify - needs manual review"
1842,8,"DIA-England","HISTORY OF ANCIENT EGYPT",469,16434,REVIEW,low,"Could not auto-classify - needs manual review"
1842,8,"DIA-England","PHYSCON HAVING BY THIS",482,5205,REVIEW,low,"Could not auto-classify - needs manual review"
1842,8,"DIA-England","MONUMENTAL AND OTHER ANTIQUITIES OF EGYPT",540,24319,REVIEW,low,"Could not auto-classify - needs manual review"
1842,8,"DIA-England","HISTORY OF ELECTRICITY",575,12764,REVIEW,low,"Could not auto-classify - needs manual review"
1842,8,"DIA-England","MURIATIC GENUS",643,78,REVIEW,low,"Could not auto-classify - needs manual review"
1842,8,"DIA-England","COMBUSTIBLES",644,7393,REVIEW,low,"Could not auto-classify - needs manual review"
1842,8,"DIA-England","SILICEOUS GENUS",644,131,REVIEW,low,"Could not auto-classify - needs manual review"
1842,8,"DIA-England","STRONTIAN GENUS",644,15,MERGE,medium,"Very short entry, likely fragment"
1842,8,"DIA-England","HISTORY",711,10923,REVIEW,low,"Could not auto-classify - needs manual review"
1842,8,"DIA-England","THERE IS ALSO EVERY REASON TO BELIEVE THAT IT WAS THE PRINCIPAL",719,64,REVIEW,low,"Could not auto-classify - needs manual review"
1842,8,"DIA-England","WILLIAM NOW SET BUSILY TO WORK IN PREPARING THE",719,104675,REVIEW,low,"Could not auto-classify - needs manual review"
1842,9,"England-FRA","RADIATA",104,1269,REVIEW,low,"Could not auto-classify - needs manual review"
1842,9,"England-FRA","ONE GREAT PRINCIPLE OF CREATION BEING TO COMBINE VARIETY IN THE",106,5201,REVIEW,low,"Could not auto-classify - needs manual review"
1842,9,"England-FRA","OUR KNOWLEDGE OF THE INSECTS OF THE SOUTH-EAST OF EUROPE IS BY NO",112,11152,REVIEW,low,"Could not auto-classify - needs manual review"
1842,9,"England-FRA","PENTAMERA",121,4874,REVIEW,low,"Could not auto-classify - needs manual review"
1842,9,"England-FRA","TETRAMERA",180,4804,REVIEW,low,"Could not auto-classify - needs manual review"
1842,9,"England-FRA","TRIMERA",195,13573,REVIEW,low,"Could not auto-classify - needs manual review"
1842,9,"England-FRA","HETEROPTERA",205,2561,REVIEW,low,"Could not auto-classify - needs manual review"
1842,9,"England-FRA","IST",211,69309,REVIEW,low,"Could not auto-classify - needs manual review"
1842,9,"England-FRA","BRITAIN",422,1042,REVIEW,low,"Could not auto-classify - needs manual review"
1842,9,"England-FRA","OUR LIMITS DO NOT PERMIT US TO ENTER INTO DETAILS RESPECTING THE NUMEROUS EXPERIMENTS THAT HAVE BEEN MADE OF LATE YEARS TO DETERMINE THE FIGURE OF THE EARTH BY MEASURING THE VARIATIONS OF GRAVITY AT DIFFERENT PLACES BY",561,448,REVIEW,low,"Could not auto-classify - needs manual review"
1842,9,"England-FRA","OUR AUTHOR",625,167,REVIEW,low,"Could not auto-classify - needs manual review"
1842,9,"England-FRA","AMONGST THE",646,4581,REVIEW,low,"Could not auto-classify - needs manual review"
1842,9,"England-FRA","BT",673,15799,REVIEW,low,"Could not auto-classify - needs manual review"
1842,9,"England-FRA","PRESERVATION",737,2750,REVIEW,low,"Could not auto-classify - needs manual review"
1842,9,"England-FRA","VITRIFIED FORTS",770,2484,REVIEW,low,"Could not auto-classify - needs manual review"
1842,9,"England-FRA","ARMAMENT OF FORTRESSES",785,820,REVIEW,low,"Could not auto-classify - needs manual review"
1842,9,"England-FRA","ATTACK AND DEFENCE OF FORTIFIED PLACES",786,9740,REVIEW,low,"Could not auto-classify - needs manual review"
1842,10,"France-GRO","PERHAPS NO MAN EVER EXCEEDED DR FRANKLIN IN THAT SOLID PRACTICAL WISDOM WHICH CONSISTS IN PURSUING VALUABLE ENDS BY THE MOST APPROPRIATE",231,276,REVIEW,low,"Could not auto-classify - needs manual review"
1842,10,"France-GRO","ALL THE OBJECTIONS OF DR HAMILTON ARE BY THESE",256,9889,REVIEW,low,"Could not auto-classify - needs manual review"
1842,10,"France-GRO","CA",419,461,REVIEW,low,"Could not auto-classify - needs manual review"
1842,10,"France-GRO","PASB",419,8705,REVIEW,low,"Could not auto-classify - needs manual review"
1842,10,"France-GRO","SCHOLIUM",451,3657,REVIEW,low,"Could not auto-classify - needs manual review"
1842,10,"France-GRO","ABE",455,19250,REVIEW,low,"Could not auto-classify - needs manual review"
1842,10,"France-GRO","BAC",455,199,REVIEW,low,"Could not auto-classify - needs manual review"
1842,10,"France-GRO","DF",455,200,REVIEW,low,"Could not auto-classify - needs manual review"
1842,10,"France-GRO","GUZNI",503,627,REVIEW,low,"Could not auto-classify - needs manual review"
1842,10,"France-GRO","MANUFACTURE OF BRITISH SHEET-GLASS",575,3385,REVIEW,low,"Could not auto-classify - needs manual review"
1842,10,"France-GRO","MANUFACTURE OF FLINT-GLASS OR CRYSTAL",583,4510,REVIEW,low,"Could not auto-classify - needs manual review"
1842,10,"France-GRO","ALL THE DIFFICULT QUESTIONS OF GOVERNMENT RELATE TO THE",629,3353,REVIEW,low,"Could not auto-classify - needs manual review"
1842,10,"France-GRO","THERE ARE TWO CLASSES OF",631,1849,REVIEW,low,"Could not auto-classify - needs manual review"
1842,10,"France-GRO","ACCORDING TO THE FIRST OF THESE",635,4419,REVIEW,low,"Could not auto-classify - needs manual review"
1842,10,"France-GRO","CONVEYS TO THE MIND OF THE READER THE VERY SAME SENTIMENT WHICH THE POET",652,7524,REVIEW,low,"Could not auto-classify - needs manual review"
1842,10,"France-GRO","NOW IT WILL BE FOUND THAT IT IS ONLY WHEN THE RELATIVE CLAUSE",658,23642,REVIEW,low,"Could not auto-classify - needs manual review"
1842,10,"France-GRO","THUS WE SEE THAT MANY OF THE RELATIONS SUBSISTING BETWEEN OUR IDEAS MAY BE CLEARLY EXPRESSED BY",679,9503,REVIEW,low,"Could not auto-classify - needs manual review"
1842,10,"France-GRO","HERE OVER",687,2694,REVIEW,low,"Could not auto-classify - needs manual review"
1842,10,"France-GRO","STATISTICAL VIEW OF INDEPENDENT GREECE",758,2537,REVIEW,low,"Could not auto-classify - needs manual review"
1842,11,"Grotius-HYD","FB",80,20988,REVIEW,low,"Could not auto-classify - needs manual review"
1842,11,"Grotius-HYD","ATHIOPO",319,11563,REVIEW,low,"Could not auto-classify - needs manual review"
1842,11,"Grotius-HYD","GODDESS",328,889,REVIEW,low,"Could not auto-classify - needs manual review"
1842,11,"Grotius-HYD","AMMON",329,178,REVIEW,low,"Could not auto-classify - needs manual review"
1842,11,"Grotius-HYD","PHRE",329,321,REVIEW,low,"Could not auto-classify - needs manual review"
1842,11,"Grotius-HYD","ARUERIS",330,311,REVIEW,low,"Could not auto-classify - needs manual review"
1842,11,"Grotius-HYD","OSIRIS",330,265,REVIEW,low,"Could not auto-classify - needs manual review"
1842,11,"Grotius-HYD","THOTH",330,239,REVIEW,low,"Could not auto-classify - needs manual review"
1842,11,"Grotius-HYD","MACEDO",332,262,REVIEW,low,"Could not auto-classify - needs manual review"
1842,11,"Grotius-HYD","MISPHRAGMUTHOSIS",332,2757,REVIEW,low,"Could not auto-classify - needs manual review"
1842,11,"Grotius-HYD","PLATYPTERUS",332,143,REVIEW,low,"Could not auto-classify - needs manual review"
1842,11,"Grotius-HYD","ALEXANDER",335,41,REVIEW,low,"Could not auto-classify - needs manual review"
1842,11,"Grotius-HYD","BERENICE",335,644,REVIEW,low,"Could not auto-classify - needs manual review"
1842,11,"Grotius-HYD","PTOLEBERIUS",335,73,REVIEW,low,"Could not auto-classify - needs manual review"
1842,11,"Grotius-HYD","PTOLEMY",335,557,REVIEW,low,"Could not auto-classify - needs manual review"
1842,11,"Grotius-HYD","EPIPHANES",336,857,REVIEW,low,"Could not auto-classify - needs manual review"
1842,11,"Grotius-HYD","AREIA",337,29176,REVIEW,low,"Could not auto-classify - needs manual review"
1842,11,"Grotius-HYD","AMN",362,16121,REVIEW,low,"Could not auto-classify - needs manual review"
1842,11,"Grotius-HYD","GENERAL TREATMENT OF HORSES",607,12902,REVIEW,low,"Could not auto-classify - needs manual review"
1842,11,"Grotius-HYD","FRUIT AND KITCHEN GARDEN",641,4314,REVIEW,low,"Could not auto-classify - needs manual review"
1842,11,"Grotius-HYD","FRUIT GARDEN",644,6151,REVIEW,low,"Could not auto-classify - needs manual review"
1842,11,"Grotius-HYD","CULTURE OF HARDY FRUITS",649,14000,REVIEW,low,"Could not auto-classify - needs manual review"
1842,11,"Grotius-HYD","KITCHEN GARDEN",677,11346,REVIEW,low,"Could not auto-classify - needs manual review"
1842,11,"Grotius-HYD","BOTANICAL STRUCTURES",695,2468,REVIEW,low,"Could not auto-classify - needs manual review"
1842,11,"Grotius-HYD","CALENDAR",697,4809,REVIEW,low,"Could not auto-classify - needs manual review"
1842,12,"Hydrodynamics-KYR","PHILOSOPHERS ARE BY NO",136,13387,REVIEW,low,"Could not auto-classify - needs manual review"
1842,12,"Hydrodynamics-KYR","FIRST GREAT SERIES OF THE CLASS OF FISHES",175,16858,REVIEW,low,"Could not auto-classify - needs manual review"
1842,12,"Hydrodynamics-KYR","HISTORY",359,41601,REVIEW,low,"Could not auto-classify - needs manual review"
1842,12,"Hydrodynamics-KYR","WHILST THE IRISH PARLIAMENT WERE THUS VIGILANT IN CUTTING OFF FROM THE CATHOLICS ALL",390,11685,REVIEW,low,"Could not auto-classify - needs manual review"
1842,12,"Hydrodynamics-KYR","STATISTICS",399,25927,REVIEW,low,"Could not auto-classify - needs manual review"
1842,12,"Hydrodynamics-KYR","ADVANTAGES OF WATER-MEADOWS AND WARPING",461,6944,REVIEW,low,"Could not auto-classify - needs manual review"
1842,12,"Hydrodynamics-KYR","STOCK-JOBBING",598,73,REVIEW,low,"Could not auto-classify - needs manual review"
1842,12,"Hydrodynamics-KYR","FRAMING",621,2596,REVIEW,low,"Could not auto-classify - needs manual review"
1842,12,"Hydrodynamics-KYR","BLAST ENGINE",853,15,MERGE,medium,"Very short entry, likely fragment"
1842,12,"Hydrodynamics-KYR","CROSS SECTION",853,66,REVIEW,low,"Could not auto-classify - needs manual review"
1842,12,"Hydrodynamics-KYR","SCALE",853,22,REVIEW,low,"Could not auto-classify - needs manual review"
1842,13,"LAB-Magnetism","LA CHARITE",18,56,REVIEW,low,"Could not auto-classify - needs manual review"
1842,13,"LAB-Magnetism","L'AIGLE",30,52,REVIEW,low,"Could not auto-classify - needs manual review"
1842,13,"LAB-Magnetism","LA MOTTA",50,7320,REVIEW,low,"Could not auto-classify - needs manual review"
1842,13,"LAB-Magnetism","LA TOUR DU PIN",129,80,REVIEW,low,"Could not auto-classify - needs manual review"
1842,13,"LAB-Magnetism","POET-LAUREATE",135,867,REVIEW,low,"Could not auto-classify - needs manual review"
1842,13,"LAB-Magnetism","L'ESTRANGE",262,383,REVIEW,low,"Could not auto-classify - needs manual review"
1842,13,"LAB-Magnetism","PERU",357,226,REVIEW,low,"Could not auto-classify - needs manual review"
1842,13,"LAB-Magnetism","WORDS THE",444,14778,REVIEW,low,"Could not auto-classify - needs manual review"
1842,13,"LAB-Magnetism","METER",600,21,KEEP,medium,"Cross-reference entry (contains "see" directive)"
1842,13,"LAB-Magnetism","UDOLPH",603,253,REVIEW,low,"Could not auto-classify - needs manual review"
1842,13,"LAB-Magnetism","ULLI",604,116,REVIEW,low,"Could not auto-classify - needs manual review"
1842,13,"LAB-Magnetism","ULLY",604,138,REVIEW,low,"Could not auto-classify - needs manual review"
1842,13,"LAB-Magnetism","HENCE WE MAY FIND THE DIP BY",779,5698,REVIEW,low,"Could not auto-classify - needs manual review"
1842,14,"Magnetism-Mexico","FLAX",227,10933,REVIEW,low,"Could not auto-classify - needs manual review"
1842,14,"Magnetism-Mexico","HISTORY",359,9023,REVIEW,low,"Could not auto-classify - needs manual review"
1842,14,"Magnetism-Mexico","DEFINITIONS",366,379,REVIEW,low,"Could not auto-classify - needs manual review"
1842,14,"Magnetism-Mexico","SCHOLIUM",370,1644,REVIEW,low,"Could not auto-classify - needs manual review"
1842,14,"Magnetism-Mexico","HISTORY OF LEGAL MEDICINE",500,11160,REVIEW,low,"Could not auto-classify - needs manual review"
1842,14,"Magnetism-Mexico","POISONINGS",517,1620,REVIEW,low,"Could not auto-classify - needs manual review"
1842,14,"Magnetism-Mexico","OUR INFORMATION CONCERNING THE ENCEPHALIC PORTION OF THE ENCEPHALIC SYSTEM IS BY NO",593,6907,REVIEW,low,"Could not auto-classify - needs manual review"
1842,15,"MEY-Navigation","METALLIC COLOURS",137,3869,REVIEW,low,"Could not auto-classify - needs manual review"
1842,15,"MEY-Navigation","SYSTEM OF ARRANGEMENT OF SIMPLE MINERALS",142,27836,REVIEW,low,"Could not auto-classify - needs manual review"
1842,15,"MEY-Navigation","OBJECTS OF GEOLOGICAL SCIENCE",183,534,REVIEW,low,"Could not auto-classify - needs manual review"
1842,15,"MEY-Navigation","PROGRESS OF GEOLOGY",183,1711,REVIEW,low,"Could not auto-classify - needs manual review"
1842,15,"MEY-Navigation","TEMPERATURE OF THE GLOBE",185,3637,REVIEW,low,"Could not auto-classify - needs manual review"
1842,15,"MEY-Navigation","GEOLOGICAL DATA",188,567,REVIEW,low,"Could not auto-classify - needs manual review"
1842,15,"MEY-Navigation","DISTRIBUTION OF ORGANIC REMAINS IN THE EARTH",194,1430,REVIEW,low,"Could not auto-classify - needs manual review"
1842,15,"MEY-Navigation","EXTINCT GENERA AND SPECIES",194,229,REVIEW,low,"Could not auto-classify - needs manual review"
1842,15,"MEY-Navigation","COMPARISON OF THE STRATIFIED AND UNSTRATIFIED ROCKS",195,9539,REVIEW,low,"Could not auto-classify - needs manual review"
1842,15,"MEY-Navigation","GENERAL VIEWS CONCERNING PRIMARY STRATA",203,4005,REVIEW,low,"Could not auto-classify - needs manual review"
1842,15,"MEY-Navigation","SYMMETRICAL STRUCTURES",207,963,REVIEW,low,"Could not auto-classify - needs manual review"
1842,15,"MEY-Navigation","DISTURBANCES OF THE CARBONIFEROUS SYSTEM",208,831,REVIEW,low,"Could not auto-classify - needs manual review"
1842,15,"MEY-Navigation","STATE OF THE GLOBE DURING THE CARBONIFEROUS PERIOD",209,1285,REVIEW,low,"Could not auto-classify - needs manual review"
1842,15,"MEY-Navigation","NEW RED SANDSTONE SYSTEM",210,2030,KEEP,medium,"Geographic prefix "NEW " - may be valid subdivision"
1842,15,"MEY-Navigation","DISTURBANCES OF THE RED SANDSTONE SYSTEM",212,265,REVIEW,low,"Could not auto-classify - needs manual review"
1842,15,"MEY-Navigation","OOLITIC SYSTEM",212,4211,REVIEW,low,"Could not auto-classify - needs manual review"
1842,15,"MEY-Navigation","STATE OF THE GLOBE DURING THE FORMATION OF THE NEW RED SANDSTONES",212,267,REVIEW,low,"Could not auto-classify - needs manual review"
1842,15,"MEY-Navigation","GENERAL VIEW OF CIRCUMSTANCES ATTENDING THE DEPOSITION OF THE OOLITIC SYSTEM",216,894,REVIEW,low,"Could not auto-classify - needs manual review"
1842,15,"MEY-Navigation","CRETACEOUS SYSTEM",217,2695,REVIEW,low,"Could not auto-classify - needs manual review"
1842,15,"MEY-Navigation","BRITISH FRESH-WATER DEPOSITS",222,273,REVIEW,low,"Could not auto-classify - needs manual review"
1842,15,"MEY-Navigation","FOREIGN TERTIARY STRATA",223,4052,REVIEW,low,"Could not auto-classify - needs manual review"
1842,15,"MEY-Navigation","RELATION OF TERTIARY TO HISTORICAL PERIODS",226,1300,REVIEW,low,"Could not auto-classify - needs manual review"
1842,15,"MEY-Navigation","SUPERFICIAL AQUEOUS DEPOSITS",227,14404,REVIEW,low,"Could not auto-classify - needs manual review"
1842,15,"MEY-Navigation","HYPOTHESES OF VOLCANIC ACTION",239,6474,REVIEW,low,"Could not auto-classify - needs manual review"
1842,15,"MEY-Navigation","ORIGIN OF MINERAL VEINS",245,3501,REVIEW,low,"Could not auto-classify - needs manual review"
1842,15,"MEY-Navigation","REFRIGERATION OF THE GLOBE",248,562,REVIEW,low,"Could not auto-classify - needs manual review"
1842,15,"MEY-Navigation","SUCCESSION OF ORGANIC LIFE ON THE GLOBE",248,2837,REVIEW,low,"Could not auto-classify - needs manual review"
1842,15,"MEY-Navigation","ONE GREAT",283,2517,REVIEW,low,"Could not auto-classify - needs manual review"
1842,15,"MEY-Navigation","TABLE IV",554,20204,REVIEW,low,"Could not auto-classify - needs manual review"
1842,15,"MEY-Navigation","NOT UNFREQUENTLY WE MEET WITH MODULATIONS INTO RELATIVE KEYS BROUGHT ABOUT BY",645,7494,REVIEW,low,"Could not auto-classify - needs manual review"
1842,15,"MEY-Navigation","ABOUT SIX WEEKS WERE PASSED IN ASSEMBLING THE FORCE AND",722,24098,REVIEW,low,"Could not auto-classify - needs manual review"
1842,15,"MEY-Navigation","NAYACOTT",752,25,KEEP,medium,"Short entry with valid definition structure"
1842,15,"MEY-Navigation","HISTORY",755,8368,REVIEW,low,"Could not auto-classify - needs manual review"
1842,15,"MEY-Navigation","MARINER'S COMPASS",761,351,REVIEW,low,"Could not auto-classify - needs manual review"
1842,16,"Navigation-PAN","EGYPT",11,17656,REVIEW,low,"Could not auto-classify - needs manual review"
1842,16,"Navigation-PAN","CHINA",13,283,REVIEW,low,"Could not auto-classify - needs manual review"
1842,16,"Navigation-PAN","INDIA",13,1005,REVIEW,low,"Could not auto-classify - needs manual review"
1842,16,"Navigation-PAN","CEYLON",14,174,REVIEW,low,"Could not auto-classify - needs manual review"
1842,16,"Navigation-PAN","EUROPE",14,25447,REVIEW,low,"Could not auto-classify - needs manual review"
1842,16,"Navigation-PAN","CONSTRUCTION OF CANALS",38,9362,REVIEW,low,"Could not auto-classify - needs manual review"
1842,16,"Navigation-PAN","SOUTH AMERICA",38,920,REVIEW,low,"Could not auto-classify - needs manual review"
1842,16,"Navigation-PAN","BRIDGES",45,717,REVIEW,low,"Could not auto-classify - needs manual review"
1842,16,"Navigation-PAN","BOATS",46,5868,REVIEW,low,"Could not auto-classify - needs manual review"
1842,16,"Navigation-PAN","IT MAY WELL BE QUESTIONED WHETHER THIS NEHEMIAH BE THE SAME THAT IS MENTIONED IN EZRA",91,144,REVIEW,low,"Could not auto-classify - needs manual review"
1842,16,"Navigation-PAN","WE READ IN THE BOOKS OF THE MACCABEES THAT NEHEMIAH SENT TO SEARCH FOR THE HOLY FIRE",91,187,REVIEW,low,"Could not auto-classify - needs manual review"
1842,16,"Navigation-PAN","MDCCXXVII",189,2992,REVIEW,low,"Could not auto-classify - needs manual review"
1842,16,"Navigation-PAN","ECONOMICS",334,33,KEEP,medium,"Short entry with valid definition structure"
1842,16,"Navigation-PAN","ECUMENICAL",334,15,MERGE,medium,"Very short entry, likely fragment"
1842,16,"Navigation-PAN","CENOPOE",335,23,KEEP,medium,"Short entry with valid definition structure"
1842,16,"Navigation-PAN","CERE BRO",335,249,REVIEW,low,"Could not auto-classify - needs manual review"
1842,16,"Navigation-PAN","HISTORY",358,36131,REVIEW,low,"Could not auto-classify - needs manual review"
1842,16,"Navigation-PAN","GALLINACEOUS OR RASORIAL BIRDS",614,45165,REVIEW,low,"Could not auto-classify - needs manual review"
1842,16,"Navigation-PAN","WULLER LAKE",686,27,KEEP,medium,"Short entry with valid definition structure"
1842,16,"Navigation-PAN","PEAN",701,132,REVIEW,low,"Could not auto-classify - needs manual review"
1842,16,"Navigation-PAN","MICHEL ANGELO'S LINE IS BY NO",722,22535,REVIEW,low,"Could not auto-classify - needs manual review"
1842,16,"Navigation-PAN","CONSTANTINOPOLITAN HISTORY",746,131,REVIEW,low,"Could not auto-classify - needs manual review"
1842,17,"PAN-Plastic","COMMERCE AND MANUFACTURES HAVE BY NO",90,3478,REVIEW,low,"Could not auto-classify - needs manual review"
1842,17,"PAN-Plastic","USE OF THE PENDULUM IN DETERMINING THE OBLATENESS OF THE EARTH",208,16140,REVIEW,low,"Could not auto-classify - needs manual review"
1842,17,"PAN-Plastic","GRAHAM HAD PROPOSED TO INCREASE THE EFFECT OF THE DIFFERENCE BETWEEN THE EXPANSIONS OF TWO METALS BY",224,4744,REVIEW,low,"Could not auto-classify - needs manual review"
1842,17,"PAN-Plastic","INSTANCES OF VOLCANIC ERUPTIONS ARE BY NO",523,38599,REVIEW,low,"Could not auto-classify - needs manual review"
1842,17,"PAN-Plastic","OLD WORLD",560,7173,REVIEW,low,"Could not auto-classify - needs manual review"
1842,17,"PAN-Plastic","NEW WORLD",561,5322,KEEP,medium,"Geographic prefix "NEW " - may be valid subdivision"
1842,17,"PAN-Plastic","EXPLANATIONS OF REFERENCES TO TABLES OF MOUNTAINS",566,2032,REVIEW,low,"Could not auto-classify - needs manual review"
1842,17,"PAN-Plastic","MANY ANATOMISTS HAVE ATTEMPTED THE INVESTIGATION OF THE MINUTE STRUCTURE OF NERVOUS FIBRILS BY",671,15365,REVIEW,low,"Could not auto-classify - needs manual review"
1842,17,"PAN-Plastic","ALPHABET",837,46,REVIEW,low,"Could not auto-classify - needs manual review"
1842,17,"PAN-Plastic","POSTEA AD HORTOS FARNESIANOS TRADUCTA EST",839,41,REVIEW,low,"Could not auto-classify - needs manual review"
1842,18,"PLA-QUI","EDUCATION IS THE",49,9122,REVIEW,low,"Could not auto-classify - needs manual review"
1842,18,"PLA-QUI","EXPERIMENTS ON THIS SUBJECT ARE BY NO",125,5236,REVIEW,low,"Could not auto-classify - needs manual review"
1842,18,"PLA-QUI","PESTUM",149,46560,REVIEW,low,"Could not auto-classify - needs manual review"
1842,18,"PLA-QUI","THERE ARE NO",261,1278,REVIEW,low,"Could not auto-classify - needs manual review"
1842,18,"PLA-QUI","ONE OF THE INDIRECT",262,6041,REVIEW,low,"Could not auto-classify - needs manual review"
1842,18,"PLA-QUI","GENERAL OBJECTIONS TO PUBLIC RELIEF AND TO PRIVATE ALMS-GIVING",375,1062,REVIEW,low,"Could not auto-classify - needs manual review"
1842,18,"PLA-QUI","EVEN THESE EVILS MIGHT BE AGGRAVATED BY PARCELLING THE COUNTRY OUT INTO DISTRICTS TOO SMALL TO ALLOW OF THE PROCUR- ING OF THE NECESSARY",376,2541,REVIEW,low,"Could not auto-classify - needs manual review"
1842,18,"PLA-QUI","TOGA PRETEXTA",543,52,REVIEW,low,"Could not auto-classify - needs manual review"
1842,18,"PLA-QUI","STATISTICS",701,1361,REVIEW,low,"Could not auto-classify - needs manual review"
1842,18,"PLA-QUI","MOST OF THE RIVERS OF PRUSSIA ARE SO ADVANTAGEOUSLY CONNECTED WITH EACH OTHER BY",705,2456,REVIEW,low,"Could not auto-classify - needs manual review"
1842,18,"PLA-QUI","NOTHING HAS GIVEN RISE TO GREATER DISCONTENT AND HEART-BURNINGS THAN THE PROVISION MADE FOR THE SUPPORT OF THE CHURCH BY",798,1309,REVIEW,low,"Could not auto-classify - needs manual review"
1842,18,"PLA-QUI","QUOIN",812,44,KEEP,medium,"Short entry with valid definition structure"
1842,18,"PLA-QUI","QUOINS",812,41,KEEP,medium,"Short entry with valid definition structure"
1842,18,"PLA-QUI","QUORUM",812,75,REVIEW,low,"Could not auto-classify - needs manual review"
1842,18,"PLA-QUI","QUOTIENT",812,66,REVIEW,low,"Could not auto-classify - needs manual review"
1842,19,"RAB-SCU","SEVERAL OF THEIR RAILROADS ARE CARRIED ACROSS VALLEYS BY",61,3258,REVIEW,low,"Could not auto-classify - needs manual review"
1842,19,"RAB-SCU","SUCCESS IN GENERAL WILL BE PROPORTIONED TO THE",123,1009,REVIEW,low,"Could not auto-classify - needs manual review"
1842,19,"RAB-SCU","STATISTICS OF ROME",434,12337,REVIEW,low,"Could not auto-classify - needs manual review"
1842,19,"RAB-SCU","HIS CONDUCT AFTER THESE SUCCESSES BY NO",542,75501,REVIEW,low,"Could not auto-classify - needs manual review"
1842,19,"RAB-SCU","ST ANTONIO",627,10,KEEP,medium,"Cross-reference entry (contains "see" directive)"
1842,19,"RAB-SCU","ST BARBES ISLE",627,23,KEEP,medium,"Short entry with valid definition structure"
1842,19,"RAB-SCU","ST IAGO",627,11,KEEP,medium,"Cross-reference entry (contains "see" directive)"
1842,19,"RAB-SCU","ST NICHOLAS",627,50,KEEP,medium,"Geographic prefix "ST " - may be valid subdivision"
1842,19,"RAB-SCU","ST SERVAN",627,105,KEEP,medium,"Geographic prefix "ST " - may be valid subdivision"
1842,19,"RAB-SCU","ST SEVER",627,66,KEEP,medium,"Geographic prefix "ST " - may be valid subdivision"
1842,19,"RAB-SCU","ST THOME",627,207,KEEP,medium,"Geographic prefix "ST " - may be valid subdivision"
1842,19,"RAB-SCU","ST TROPEZ",627,69,KEEP,medium,"Geographic prefix "ST " - may be valid subdivision"
1842,19,"RAB-SCU","HISTORY OF SCOTLAND",708,67590,REVIEW,low,"Could not auto-classify - needs manual review"
1842,20,"Sculpture-SUR","BER THAT",119,10394,REVIEW,low,"Could not auto-classify - needs manual review"
1842,20,"Sculpture-SUR","OPHIDIAN REPTILES",134,39442,REVIEW,low,"Could not auto-classify - needs manual review"
1842,20,"Sculpture-SUR","CONCERNING THE DECOMPOSITION OF SOAP BY",442,787,REVIEW,low,"Could not auto-classify - needs manual review"
1842,20,"Sculpture-SUR","KINGDOM OF LEON AND CASTILLE UNITED",504,99,REVIEW,low,"Could not auto-classify - needs manual review"
1842,20,"Sculpture-SUR","KINGDOM OF ARAGON",505,190,REVIEW,low,"Could not auto-classify - needs manual review"
1842,20,"Sculpture-SUR","KINGDOM OF NAVARRE",505,261,REVIEW,low,"Could not auto-classify - needs manual review"
1842,20,"Sculpture-SUR","WHETHER AN OBSERVER HAVE OR HAVE NOT THE",585,13965,REVIEW,low,"Could not auto-classify - needs manual review"
1842,20,"Sculpture-SUR","AD
AE",649,12687,REVIEW,low,"Could not auto-classify - needs manual review"
1842,20,"Sculpture-SUR","ROBERT STEPHANUS",729,2283,REVIEW,low,"Could not auto-classify - needs manual review"
1842,20,"Sculpture-SUR","OUR OWN COUNTRY WAS AT THIS TIME BY NO",840,8308,REVIEW,low,"Could not auto-classify - needs manual review"
1842,21,"Surveying-ZYM","STATISTICS",39,2115,REVIEW,low,"Could not auto-classify - needs manual review"
1842,21,"Surveying-ZYM","RELATIVELY TO ITS",41,1443,REVIEW,low,"Could not auto-classify - needs manual review"
1842,21,"Surveying-ZYM","PROPHETIC",193,25798,REVIEW,low,"Could not auto-classify - needs manual review"
1842,21,"Surveying-ZYM","RECEIPTS OR",454,3140,REVIEW,low,"Could not auto-classify - needs manual review"
1842,21,"Surveying-ZYM","SCOTISH UNIVERSITIES",484,8098,REVIEW,low,"Could not auto-classify - needs manual review"
1842,21,"Surveying-ZYM","ALLADOLID",525,185,REVIEW,low,"Could not auto-classify - needs manual review"
1842,21,"Surveying-ZYM","AR",533,647,REVIEW,low,"Could not auto-classify - needs manual review"
1842,21,"Surveying-ZYM","EGETIUS RENATUS",564,350,REVIEW,low,"Could not auto-classify - needs manual review"
1842,21,"Surveying-ZYM","EGETIUS RENATUS",565,114,REVIEW,low,"Could not auto-classify - needs manual review"
1842,21,"Surveying-ZYM","EGLIA",565,140,REVIEW,low,"Could not auto-classify - needs manual review"
1842,21,"Surveying-ZYM","ERDUN",575,77,REVIEW,low,"Could not auto-classify - needs manual review"
1842,21,"Surveying-ZYM","ERMICELLI",575,35,KEEP,medium,"Short entry with valid definition structure"
1842,21,"Surveying-ZYM","SUFFOCATING THESE VERMIN BY",576,1709,REVIEW,low,"Could not auto-classify - needs manual review"
1842,21,"Surveying-ZYM","LEG EVIL",597,2023,REVIEW,low,"Could not auto-classify - needs manual review"
1842,21,"Surveying-ZYM","PERITONITIS",601,1948,REVIEW,low,"Could not auto-classify - needs manual review"
1842,21,"Surveying-ZYM","BIBLIOGRAPHY",613,317,REVIEW,low,"Could not auto-classify - needs manual review"
1842,21,"Surveying-ZYM","CHEMISTS AND NATURAL PHILOSOPHERS HAD IN VAIN ENDEAVOURED TO PRODUCE CHEMICAL EFFECTS BY",649,5062,REVIEW,low,"Could not auto-classify - needs manual review"
1842,21,"Surveying-ZYM","ATERLAND",789,23,KEEP,medium,"Short entry with valid definition structure"
1842,21,"Surveying-ZYM","ATERLAND",789,135,REVIEW,low,"Could not auto-classify - needs manual review"
1842,21,"Surveying-ZYM","ATERLOO",789,38,KEEP,medium,"Cross-reference entry (contains "see" directive)"
1842,21,"Surveying-ZYM","ATFORD",789,97,REVIEW,low,"Could not auto-classify - needs manual review"
1842,21,"Surveying-ZYM","ATLINGTON",789,53,REVIEW,low,"Could not auto-classify - needs manual review"
1842,21,"Surveying-ZYM","ATSON",789,3567,REVIEW,low,"Could not auto-classify - needs manual review"
1842,21,"Surveying-ZYM","ELL",833,100,REVIEW,low,"Could not auto-classify - needs manual review"
1842,21,"Surveying-ZYM","ELLESLEY'S ISLANDS",833,40,KEEP,medium,"Short entry with valid definition structure"
1842,21,"Surveying-ZYM","ELLINGBOROUGH",833,87,REVIEW,low,"Could not auto-classify - needs manual review"
1842,21,"Surveying-ZYM","ELLINGTON",833,100,REVIEW,low,"Could not auto-classify - needs manual review"
1842,21,"Surveying-ZYM","ELLINGTON",833,76,REVIEW,low,"Could not auto-classify - needs manual review"
1842,21,"Surveying-ZYM","ELLS",833,324,REVIEW,low,"Could not auto-classify - needs manual review"
1842,21,"Surveying-ZYM","INDLASS",869,122,REVIEW,low,"Could not auto-classify - needs manual review"
1842,21,"Surveying-ZYM","ABARKULSKAIA",933,782,REVIEW,low,"Could not auto-classify - needs manual review"
1842,21,"Surveying-ZYM","O-TCHEOU",943,54,REVIEW,low,"Could not auto-classify - needs manual review"
1842,21,"Surveying-ZYM","OUGANE",943,31,KEEP,medium,"Short entry with valid definition structure"
1842,21,"Surveying-ZYM","OUGHAL",943,230,REVIEW,low,"Could not auto-classify - needs manual review"
1842,21,"Surveying-ZYM","PRES",949,117,REVIEW,low,"Could not auto-classify - needs manual review"
1842,21,"Surveying-ZYM","ISKA",965,313,REVIEW,low,"Could not auto-classify - needs manual review"
1842,21,"Surveying-ZYM","OL XXI",969,3760,REVIEW,low,"Could not auto-classify - needs manual review"
1860,2,"A-Anatomy","ARGAU",13,478,REVIEW,low,"Could not auto-classify - needs manual review"
1860,2,"A-Anatomy","ATYLI",14,25,KEEP,medium,"Short entry with valid definition structure"
1860,2,"A-Anatomy","LET US LOOK NOW AT THE",275,995,REVIEW,low,"Could not auto-classify - needs manual review"
1860,2,"A-Anatomy","MACHINES AND IMPLEMENTS OF HUSBANDRY",280,920,REVIEW,low,"Could not auto-classify - needs manual review"
1860,2,"A-Anatomy","GRUBBERS",281,1173,REVIEW,low,"Could not auto-classify - needs manual review"
1860,2,"A-Anatomy","IMPLEMENTS FOR SOWING",284,1394,REVIEW,low,"Could not auto-classify - needs manual review"
1860,2,"A-Anatomy","HORSE-HOES",285,380,REVIEW,low,"Could not auto-classify - needs manual review"
1860,2,"A-Anatomy","HARVESTING IMPLEMENTS",286,5485,REVIEW,low,"Could not auto-classify - needs manual review"
1860,2,"A-Anatomy","THRASHING-MACHINE",292,596,REVIEW,low,"Could not auto-classify - needs manual review"
1860,2,"A-Anatomy","WINNOWING MACHINES",293,381,REVIEW,low,"Could not auto-classify - needs manual review"
1860,2,"A-Anatomy","STEAMING APPARATUS FOR COOKING CATTLE FOOD",294,79,REVIEW,low,"Could not auto-classify - needs manual review"
1860,2,"A-Anatomy","TURNIP-CUTTER",294,346,REVIEW,low,"Could not auto-classify - needs manual review"
1860,2,"A-Anatomy","WEIGHING MACHINES",294,151,REVIEW,low,"Could not auto-classify - needs manual review"
1860,2,"A-Anatomy","MANURES",304,26688,REVIEW,low,"Could not auto-classify - needs manual review"
1860,2,"A-Anatomy","LEGUMINOUS CROPS",322,2211,REVIEW,low,"Could not auto-classify - needs manual review"
1860,2,"A-Anatomy","LIVE STOCK",347,13971,REVIEW,low,"Could not auto-classify - needs manual review"
1860,2,"A-Anatomy","GENERAL MANAGEMENT",357,9716,REVIEW,low,"Could not auto-classify - needs manual review"
1860,2,"A-Anatomy","GOATS",364,2821,REVIEW,low,"Could not auto-classify - needs manual review"
1860,2,"A-Anatomy","POULTRY",366,2080,REVIEW,low,"Could not auto-classify - needs manual review"
1860,2,"A-Anatomy","RABBITS",366,116,REVIEW,low,"Could not auto-classify - needs manual review"
1860,2,"A-Anatomy","EXPENSES OF PARING",370,5708,REVIEW,low,"Could not auto-classify - needs manual review"
1860,2,"A-Anatomy","SPECIFICATION FOR STEADING OF FARM-OFFICES",381,2153,REVIEW,low,"Could not auto-classify - needs manual review"
1860,2,"A-Anatomy","CHLORINE IS BY NO",398,13634,REVIEW,low,"Could not auto-classify - needs manual review"
1860,2,"A-Anatomy","CONCLUDING REMARKS",430,426,REVIEW,low,"Could not auto-classify - needs manual review"
1860,2,"A-Anatomy","SURDS MAY BE DENOTED BY",509,3428,REVIEW,low,"Could not auto-classify - needs manual review"
1860,2,"A-Anatomy","HERE THE RADICAL NUMBER IS EXPRESSED BY",545,18908,REVIEW,low,"Could not auto-classify - needs manual review"
1860,2,"A-Anatomy","CONSIDERABLE ATTENTION IS PAID TO EDUCATION BY THE ESTABLISHMENT OF SCHOOLS AND OTHER",586,1177,REVIEW,low,"Could not auto-classify - needs manual review"
1860,2,"A-Anatomy","HUMAN ANATOMY",781,7579,REVIEW,low,"Could not auto-classify - needs manual review"
1860,2,"A-Anatomy","GENERAL ANATOMY",787,57166,REVIEW,low,"Could not auto-classify - needs manual review"
1860,3,"Anatomy-Astronomy","TABLE II",259,4557,REVIEW,low,"Could not auto-classify - needs manual review"
1860,3,"Anatomy-Astronomy","A-PEAK",299,29,KEEP,medium,"Short entry with valid definition structure"
1860,3,"Anatomy-Astronomy","ALPHABETICAL INDEX TO THE GENERA OF ARACHNIDES",398,315,REVIEW,low,"Could not auto-classify - needs manual review"
1860,3,"Anatomy-Astronomy","ELEMENTS OF BEAUTY IN ARCHITECTURE",491,2062,REVIEW,low,"Could not auto-classify - needs manual review"
1860,3,"Anatomy-Astronomy","GLOSSARY OF NAMES AND TERMS USED IN ARCHITECTURE",514,91,REVIEW,low,"Could not auto-classify - needs manual review"
1860,3,"Anatomy-Astronomy","ACROTERION",515,160,REVIEW,low,"Could not auto-classify - needs manual review"
1860,3,"Anatomy-Astronomy","ATTIC",515,113,REVIEW,low,"Could not auto-classify - needs manual review"
1860,3,"Anatomy-Astronomy","BALUSTER",515,22,KEEP,medium,"Short entry with valid definition structure"
1860,3,"Anatomy-Astronomy","BAND OF TENNA",515,233,REVIEW,low,"Could not auto-classify - needs manual review"
1860,3,"Anatomy-Astronomy","BATTLEMENT",515,62,REVIEW,low,"Could not auto-classify - needs manual review"
1860,3,"Anatomy-Astronomy","BED-MOULD",515,26,KEEP,medium,"Short entry with valid definition structure"
1860,3,"Anatomy-Astronomy","BLOCKING-COURSE",516,140,REVIEW,low,"Could not auto-classify - needs manual review"
1860,3,"Anatomy-Astronomy","CAPITAL",516,78,REVIEW,low,"Could not auto-classify - needs manual review"
1860,3,"Anatomy-Astronomy","CASCOON",516,74,REVIEW,low,"Could not auto-classify - needs manual review"
1860,3,"Anatomy-Astronomy","CAULICULUS",516,35,KEEP,medium,"Short entry with valid definition structure"
1860,3,"Anatomy-Astronomy","CAYETTO",516,12,KEEP,medium,"Short entry with valid definition structure"
1860,3,"Anatomy-Astronomy","CELLA",516,137,REVIEW,low,"Could not auto-classify - needs manual review"
1860,3,"Anatomy-Astronomy","COLUMN",516,130,REVIEW,low,"Could not auto-classify - needs manual review"
1860,3,"Anatomy-Astronomy","COPING",516,69,REVIEW,low,"Could not auto-classify - needs manual review"
1860,3,"Anatomy-Astronomy","CORNICHE",516,186,REVIEW,low,"Could not auto-classify - needs manual review"
1860,3,"Anatomy-Astronomy","CUPOLA",516,98,REVIEW,low,"Could not auto-classify - needs manual review"
1860,3,"Anatomy-Astronomy","CYMA",516,92,REVIEW,low,"Could not auto-classify - needs manual review"
1860,3,"Anatomy-Astronomy","CYRTOSTYLE",516,57,REVIEW,low,"Could not auto-classify - needs manual review"
1860,3,"Anatomy-Astronomy","DECASTYLE",516,6220,REVIEW,low,"Could not auto-classify - needs manual review"
1860,3,"Anatomy-Astronomy","DESCRIPTIONS AND EXPLANATIONS OF THE PLATES",522,4025,REVIEW,low,"Could not auto-classify - needs manual review"
1860,3,"Anatomy-Astronomy","NOR DID THE EGYPTIAN KING CONTENT HIMSELF WITH INFLUENCING OPINION IN HIS FAVOUR BY",629,61350,REVIEW,low,"Could not auto-classify - needs manual review"
1860,3,"Anatomy-Astronomy","FIELD ARTILLERY",696,8560,REVIEW,low,"Could not auto-classify - needs manual review"
1860,3,"Anatomy-Astronomy","COAST DEFENCES",703,12291,REVIEW,low,"Could not auto-classify - needs manual review"
1860,3,"Anatomy-Astronomy","A-STERN",787,24,KEEP,medium,"Short entry with valid definition structure"
1860,3,"Anatomy-Astronomy","HISTORY OF ASTRONOMY",789,11878,REVIEW,low,"Could not auto-classify - needs manual review"
1860,3,"Anatomy-Astronomy","PUBLISHED BY

ADAM AND CHARLES BLACK",1039,512,REVIEW,low,"Could not auto-classify - needs manual review"
1860,3,"Anatomy-Astronomy","NEW WORKS JUST PUBLISHED",1040,291,KEEP,medium,"Geographic prefix "NEW " - may be valid subdivision"
1860,3,"Anatomy-Astronomy","LAST EDITIONS",1042,533,REVIEW,low,"Could not auto-classify - needs manual review"
1860,3,"Anatomy-Astronomy","EACH NOVEL MAY BE HAD SEPARATELY AT THE FOLLOWING PRICES",1045,215,REVIEW,low,"Could not auto-classify - needs manual review"
1860,3,"Anatomy-Astronomy","BLACK'S TRAVELLING MAPS",1052,112,REVIEW,low,"Could not auto-classify - needs manual review"
1860,3,"Anatomy-Astronomy","CHEAP EDITIONS ON PAPER",1053,180,REVIEW,low,"Could not auto-classify - needs manual review"
1860,3,"Anatomy-Astronomy","BLACK'S PICTURESQUE TOURISTS' GUIDES",1054,154,REVIEW,low,"Could not auto-classify - needs manual review"
1860,3,"Anatomy-Astronomy","MISCELLANEOUS WORKS",1055,1154,REVIEW,low,"Could not auto-classify - needs manual review"
1860,3,"Anatomy-Astronomy","BARTON JUSTUS VON LIEBIG",1061,11,MERGE,medium,"Very short entry, likely fragment"
1860,3,"Anatomy-Astronomy","BOOKS FOR CHRISTMAS",1061,75,REVIEW,low,"Could not auto-classify - needs manual review"
1860,3,"Anatomy-Astronomy","CHARLES MACLAIRN",1061,18,MERGE,medium,"Very short entry, likely fragment"
1860,3,"Anatomy-Astronomy","DAVID CRAIGIE",1061,24,REVIEW,low,"Could not auto-classify - needs manual review"
1860,3,"Anatomy-Astronomy","EDITED BY
THOMAS STEWART TRAILL",1061,11,MERGE,medium,"Very short entry, likely fragment"
1860,3,"Anatomy-Astronomy","EDWARD TROTTON",1061,11,MERGE,medium,"Very short entry, likely fragment"
1860,3,"Anatomy-Astronomy","EMERIC SZABAD",1061,66,REVIEW,low,"Could not auto-classify - needs manual review"
1860,3,"Anatomy-Astronomy","GEORGE FARQUHAR GRAHAM",1061,26,REVIEW,low,"Could not auto-classify - needs manual review"
1860,3,"Anatomy-Astronomy","JOHN HILL BURTON",1061,29,REVIEW,low,"Could not auto-classify - needs manual review"
1860,3,"Anatomy-Astronomy","JOHN HUTTON BALFOUR",1061,19,MERGE,medium,"Very short entry, likely fragment"
1860,3,"Anatomy-Astronomy","JOHN WILSON",1061,18,MERGE,medium,"Very short entry, likely fragment"
1860,3,"Anatomy-Astronomy","RICHARD WHATELY",1061,11,MERGE,medium,"Very short entry, likely fragment"
1860,3,"Anatomy-Astronomy","SPECIMENS AND PROSPECTUSES MAY BE HAD OF ANY BOOKSELLER",1061,28,REVIEW,low,"Could not auto-classify - needs manual review"
1860,3,"Anatomy-Astronomy","THOMAS ANDERSON",1061,16,MERGE,medium,"Very short entry, likely fragment"
1860,3,"Anatomy-Astronomy","WILLIAM HOSKING",1061,49,REVIEW,low,"Could not auto-classify - needs manual review"
1860,3,"Anatomy-Astronomy","EXTRA CLOTH",1062,345,REVIEW,low,"Could not auto-classify - needs manual review"
1860,4,"Astronomy-BOM","MEDICAL AND SCIENTIFIC WORKS",18,1248,REVIEW,low,"Could not auto-classify - needs manual review"
1860,4,"Astronomy-BOM","CHEAP EDITIONS ON PAPER",23,4651,REVIEW,low,"Could not auto-classify - needs manual review"
1860,4,"Astronomy-BOM","GENERAL PHENOMENA OF THE HEAVENS",27,8016,REVIEW,low,"Could not auto-classify - needs manual review"
1860,4,"Astronomy-BOM","NOW THE SERIES WHICH",140,22798,REVIEW,low,"Could not auto-classify - needs manual review"
1860,4,"Astronomy-BOM","SCOURING IS PERFORMED BY",795,2933,REVIEW,low,"Could not auto-classify - needs manual review"
1860,4,"Astronomy-BOM","LAST EDITIONS",1001,341,REVIEW,low,"Could not auto-classify - needs manual review"
1860,4,"Astronomy-BOM","GLOBES",1002,1006,REVIEW,low,"Could not auto-classify - needs manual review"
1860,4,"Astronomy-BOM","NEW WORKS IN THE PRESS",1002,516,KEEP,medium,"Geographic prefix "NEW " - may be valid subdivision"
1860,4,"Astronomy-BOM","NEW WORKS JUST PUBLISHED",1004,151,KEEP,medium,"Geographic prefix "NEW " - may be valid subdivision"
1860,4,"Astronomy-BOM","EACH NOVEL MAY BE HAD SEPARATELY AT THE FOLLOWING PRICES",1007,380,REVIEW,low,"Could not auto-classify - needs manual review"
1860,4,"Astronomy-BOM","UNIVERSITY AND SCHOOL CLASS-BOOKS",1009,6767,REVIEW,low,"Could not auto-classify - needs manual review"
1860,4,"Astronomy-BOM","MISCELLANEOUS WORKS",1017,1152,REVIEW,low,"Could not auto-classify - needs manual review"
1860,4,"Astronomy-BOM","ASSISTED BY NUMEROUS CONTRIBUTORS",1023,126,REVIEW,low,"Could not auto-classify - needs manual review"
1860,4,"Astronomy-BOM","EDITED BY

THOMAS STEWART TRAILL",1023,11,MERGE,medium,"Very short entry, likely fragment"
1860,4,"Astronomy-BOM","LIST OF SOME OF THE CONTRIBUTORS TO THE EIGHTH EDITION",1023,407,REVIEW,low,"Could not auto-classify - needs manual review"
1860,4,"Astronomy-BOM","SPECIMENS AND PROSPECTUSES MAY BE HAD OF ANY BOOKSELLER",1023,28,REVIEW,low,"Could not auto-classify - needs manual review"
1860,4,"Astronomy-BOM","EXTRA CLOTH",1024,43,REVIEW,low,"Could not auto-classify - needs manual review"
1860,4,"Astronomy-BOM","EXTRA CLOTH",1024,341,REVIEW,low,"Could not auto-classify - needs manual review"
1860,5,"Bombay-BUR","ELEMENTARY TISSUES OF PLANTS",75,5676,REVIEW,low,"Could not auto-classify - needs manual review"
1860,5,"Bombay-BUR","VEGETABLE ORGANOGRAPHY AND PHYSIOLOGY",75,65,REVIEW,low,"Could not auto-classify - needs manual review"
1860,5,"Bombay-BUR","FOSSIL PLANTS ARE BY NO",242,7040,REVIEW,low,"Could not auto-classify - needs manual review"
1860,5,"Bombay-BUR","THERE IS NO",305,6482,REVIEW,low,"Could not auto-classify - needs manual review"
1860,5,"Bombay-BUR","TK",314,8093,REVIEW,low,"Could not auto-classify - needs manual review"
1860,5,"Bombay-BUR","REIGN OF CHARLES II",430,17471,REVIEW,low,"Could not auto-classify - needs manual review"
1860,5,"Bombay-BUR","REIGN OF JAMES II",444,11072,REVIEW,low,"Could not auto-classify - needs manual review"
1860,5,"Bombay-BUR","REIGN OF QUEEN ANNE",456,12578,REVIEW,low,"Could not auto-classify - needs manual review"
1860,5,"Bombay-BUR","REIGN OF GEORGE II",467,9798,REVIEW,low,"Could not auto-classify - needs manual review"
1860,5,"Bombay-BUR","REIGN OF GEORGE III",474,2671,REVIEW,low,"Could not auto-classify - needs manual review"
1860,5,"Bombay-BUR","REIGN OF GEORGE IV",636,18525,REVIEW,low,"Could not auto-classify - needs manual review"
1860,5,"Bombay-BUR","BEUNX",706,248,REVIEW,low,"Could not auto-classify - needs manual review"
1860,6,"Burning","BURHLOW",31,173,REVIEW,low,"Could not auto-classify - needs manual review"
1860,6,"Burning","BURGESS",33,76,REVIEW,low,"Could not auto-classify - needs manual review"
1860,6,"Burning","BROTHERS OF CHARITY ALSO",433,254,REVIEW,low,"Could not auto-classify - needs manual review"
1860,7,"CLI-DIA","PENDULUM",11,4184,REVIEW,low,"Could not auto-classify - needs manual review"
1860,7,"CLI-DIA","PENDULUM REGULATION",13,432,REVIEW,low,"Could not auto-classify - needs manual review"
1860,7,"CLI-DIA","PENDULUM SUSPENSION",13,807,REVIEW,low,"Could not auto-classify - needs manual review"
1860,7,"CLI-DIA","ESCAPEMENTS",15,453,REVIEW,low,"Could not auto-classify - needs manual review"
1860,7,"CLI-DIA","ESCAPEMENTS",17,8933,REVIEW,low,"Could not auto-classify - needs manual review"
1860,7,"CLI-DIA","GOING BARRELS",24,4898,REVIEW,low,"Could not auto-classify - needs manual review"
1860,7,"CLI-DIA","SPRING CLOCKS",28,3955,REVIEW,low,"Could not auto-classify - needs manual review"
1860,7,"CLI-DIA","TURRET CLOCKS",28,1359,REVIEW,low,"Could not auto-classify - needs manual review"
1860,7,"CLI-DIA","ELECTRICAL CLOCKS",35,5898,REVIEW,low,"Could not auto-classify - needs manual review"
1860,7,"CLI-DIA","SECONDARY COMPENSATION",40,2301,REVIEW,low,"Could not auto-classify - needs manual review"
1860,7,"CLI-DIA","CELUS",63,61,REVIEW,low,"Could not auto-classify - needs manual review"
1860,7,"CLI-DIA","CENOBITE",63,75,REVIEW,low,"Could not auto-classify - needs manual review"
1860,7,"CLI-DIA","ANOTHER PRE-EMINENT ADVANTAGE WE HAVE ACQUIRED BY",79,36782,REVIEW,low,"Could not auto-classify - needs manual review"
1860,7,"CLI-DIA","VITTORIA COLONNA",144,115,REVIEW,low,"Could not auto-classify - needs manual review"
1860,7,"CLI-DIA","WHAT ARE THE BEST",148,16311,REVIEW,low,"Could not auto-classify - needs manual review"
1860,7,"CLI-DIA","HIS EARLY EDUCATION WAS BY NO",239,2333,REVIEW,low,"Could not auto-classify - needs manual review"
1860,7,"CLI-DIA","THERE ARE NO CANALS OR EXTENDED",381,71,REVIEW,low,"Could not auto-classify - needs manual review"
1860,7,"CLI-DIA","EXPLANATION OF THE CORRECTIONS",425,706,REVIEW,low,"Could not auto-classify - needs manual review"
1860,7,"CLI-DIA","LAWS OF CRICKET",511,1691,REVIEW,low,"Could not auto-classify - needs manual review"
1860,7,"CLI-DIA","LAWS FOR SINGLE-WICKET",512,298,REVIEW,low,"Could not auto-classify - needs manual review"
1860,7,"CLI-DIA","PHYSIOLOGY OF THE CRUSTACEA",547,4302,REVIEW,low,"Could not auto-classify - needs manual review"
1860,7,"CLI-DIA","GARNET",572,2643,REVIEW,low,"Could not auto-classify - needs manual review"
1860,7,"CLI-DIA","ENCYCLOPEDIA",617,36,KEEP,medium,"Short entry with valid definition structure"
1860,7,"CLI-DIA","METEOROLOGY",780,206,REVIEW,low,"Could not auto-classify - needs manual review"
1860,8,"Diamond-Entail","GREAT",15,2718,REVIEW,low,"Could not auto-classify - needs manual review"
1860,8,"Diamond-Entail","IMMEDIATELY",15,49,KEEP,medium,"Cross-reference entry (contains "see" directive)"
1860,8,"Diamond-Entail","PRESENTLY",15,80,REVIEW,low,"Could not auto-classify - needs manual review"
1860,8,"Diamond-Entail","MOE",18,4015,REVIEW,low,"Could not auto-classify - needs manual review"
1860,8,"Diamond-Entail","WOOD",18,387,REVIEW,low,"Could not auto-classify - needs manual review"
1860,8,"Diamond-Entail","DIAMBUS",34,1741,REVIEW,low,"Could not auto-classify - needs manual review"
1860,8,"Diamond-Entail","LIGHT AND SHADE ARE THE",183,1919,REVIEW,low,"Could not auto-classify - needs manual review"
1860,8,"Diamond-Entail","D'URFEY",275,203,REVIEW,low,"Could not auto-classify - needs manual review"
1860,8,"Diamond-Entail","HISTORY OF DYEING",282,2858,REVIEW,low,"Could not auto-classify - needs manual review"
1860,8,"Diamond-Entail","SAXON GREEN IS PRODUCED BY",320,940,REVIEW,low,"Could not auto-classify - needs manual review"
1860,8,"Diamond-Entail","BEAUTIFUL REDS AND PINKS ARE PRODUCED BY",328,634,REVIEW,low,"Could not auto-classify - needs manual review"
1860,8,"Diamond-Entail","NOT ONLY THE MOST ANCIENT BUT ALSO THE MOST GENERAL",328,1969,REVIEW,low,"Could not auto-classify - needs manual review"
1860,8,"Diamond-Entail","FIRST LAW OF MOTION",336,551,REVIEW,low,"Could not auto-classify - needs manual review"
1860,8,"Diamond-Entail","LET US THEREFORE EXAMINE THE PROPOSITION BY",339,1811,REVIEW,low,"Could not auto-classify - needs manual review"
1860,8,"Diamond-Entail","HISTORY OF ELECTRICITY",533,28290,REVIEW,low,"Could not auto-classify - needs manual review"
1860,8,"Diamond-Entail","HISTORY",666,11044,REVIEW,low,"Could not auto-classify - needs manual review"
1860,8,"Diamond-Entail","WILLIAM NOW SET BUSILY TO WORK IN PREPARING THE",674,77018,REVIEW,low,"Could not auto-classify - needs manual review"
1860,9,"Entomology-FRA","MDCCCLV",7,195,RENAME,medium,"Headword appears garbled (OCR error): ^[^AEIOU]{5,}$"
1860,9,"Entomology-FRA","GESNER",12,163,REVIEW,low,"Could not auto-classify - needs manual review"
1860,9,"Entomology-FRA","NOTICES REGARDING THE PRINCIPAL AUTHORS IN ENTOMOLOGY AND THEIR WORKS",12,216,REVIEW,low,"Could not auto-classify - needs manual review"
1860,9,"Entomology-FRA","THOMAS MOUFFET",12,23202,REVIEW,low,"Could not auto-classify - needs manual review"
1860,9,"Entomology-FRA","ULYSSES ALDOYANUS",12,234,REVIEW,low,"Could not auto-classify - needs manual review"
1860,9,"Entomology-FRA","RADIATA",70,1321,REVIEW,low,"Could not auto-classify - needs manual review"
1860,9,"Entomology-FRA","ONE GREAT PRINCIPLE OF CREATION BEING TO COMBINE VARIETY IN THE",72,1880,REVIEW,low,"Could not auto-classify - needs manual review"
1860,9,"Entomology-FRA","OUR KNOWLEDGE OF THE INSECTS OF THE SOUTH-EAST OF EUROPE IS BY NO",78,18695,REVIEW,low,"Could not auto-classify - needs manual review"
1860,9,"Entomology-FRA","PENTAMERA",87,9522,REVIEW,low,"Could not auto-classify - needs manual review"
1860,9,"Entomology-FRA","HETEROMERA",138,9868,REVIEW,low,"Could not auto-classify - needs manual review"
1860,9,"Entomology-FRA","TETRAMERA",146,17458,REVIEW,low,"Could not auto-classify - needs manual review"
1860,9,"Entomology-FRA","TRIMERA",161,89681,REVIEW,low,"Could not auto-classify - needs manual review"
1860,9,"Entomology-FRA","CENTRAL AND SOUTHERN EUROPEANS",359,1990,REVIEW,low,"Could not auto-classify - needs manual review"
1860,9,"Entomology-FRA","AFRICANS AND SOUTH-WESTERN ASIATICS",361,4532,REVIEW,low,"Could not auto-classify - needs manual review"
1860,9,"Entomology-FRA","HISTORY AND INFLUENCE OF BILLS OF EXCHANGE",452,1368,REVIEW,low,"Could not auto-classify - needs manual review"
1860,9,"Entomology-FRA","INLAND BILL OF EXCHANGE",453,2246,REVIEW,low,"Could not auto-classify - needs manual review"
1860,9,"Entomology-FRA","LAW OF BILLS OF EXCHANGE",455,4200,REVIEW,low,"Could not auto-classify - needs manual review"
1860,9,"Entomology-FRA","CISM",464,143,REVIEW,low,"Could not auto-classify - needs manual review"
1860,9,"Entomology-FRA","PARM",493,220,REVIEW,low,"Could not auto-classify - needs manual review"
1860,9,"Entomology-FRA","OUR LIMITS DO NOT PERMIT US TO ENTER INTO DETAILS RESPECTING THE NUMEROUS EXPERIMENTS THAT HAVE BEEN MADE OF LATE YEARS TO DETERMINE THE FIGURE OF THE EARTH BY MEASURING THE VARIATIONS OF GRAVITY AT DIFFERENT PLACES BY",562,469,REVIEW,low,"Could not auto-classify - needs manual review"
1860,9,"Entomology-FRA","AMONGST THE",685,4204,REVIEW,low,"Could not auto-classify - needs manual review"
1860,9,"Entomology-FRA","BT",712,31829,REVIEW,low,"Could not auto-classify - needs manual review"
1860,9,"Entomology-FRA","ELEMENTARY FORTIFICATION",807,3047,REVIEW,low,"Could not auto-classify - needs manual review"
1860,9,"Entomology-FRA","APPLICATION OF THE PARAPET IN COMBINED OR RECIPROCAL DEFENCE",815,8810,REVIEW,low,"Could not auto-classify - needs manual review"
1860,9,"Entomology-FRA","RAMPART OR TOWN FORTIFICATION",823,5324,REVIEW,low,"Could not auto-classify - needs manual review"
1860,9,"Entomology-FRA","ARMAMENT OF FORTRESSES",832,868,REVIEW,low,"Could not auto-classify - needs manual review"
1860,9,"Entomology-FRA","ATTACK AND DEFENCE OF FORTIFIED PLACES",832,1654,REVIEW,low,"Could not auto-classify - needs manual review"
1860,9,"Entomology-FRA","BASTIONED SYSTEMS OF THE NETHERLANDS",841,1683,REVIEW,low,"Could not auto-classify - needs manual review"
1860,9,"Entomology-FRA","BOUSMARD",842,5784,REVIEW,low,"Could not auto-classify - needs manual review"
1860,10,"France-GRA","TELEGRAPHIC COMMUNICATIONS ARE PRINCIPALLY MADE BY",253,38648,REVIEW,low,"Could not auto-classify - needs manual review"
1860,10,"France-GRA","FIARIS OBSERVANT",316,163,REVIEW,low,"Could not auto-classify - needs manual review"
1860,10,"France-GRA","NEFITS HE SECURES BY THIS",317,2861,REVIEW,low,"Could not auto-classify - needs manual review"
1860,10,"France-GRA","ULTA",335,64,REVIEW,low,"Could not auto-classify - needs manual review"
1860,10,"France-GRA","ALL THE OBJECTIONS OF DR HAMILTON ARE BY THESE",342,9272,REVIEW,low,"Could not auto-classify - needs manual review"
1860,10,"France-GRA","ABE",532,2896,REVIEW,low,"Could not auto-classify - needs manual review"
1860,10,"France-GRA","BAC",532,199,REVIEW,low,"Could not auto-classify - needs manual review"
1860,10,"France-GRA","DF",532,202,REVIEW,low,"Could not auto-classify - needs manual review"
1860,10,"France-GRA","APB",540,11212,REVIEW,low,"Could not auto-classify - needs manual review"
1860,10,"France-GRA","ANALYTICAL GEOMETRY",550,168,REVIEW,low,"Could not auto-classify - needs manual review"
1860,10,"France-GRA","ANALYTICAL GEOMETRY OF TWO DIMENSIONS",550,23128,REVIEW,low,"Could not auto-classify - needs manual review"
1860,10,"France-GRA","MENTAL CULTIVATION AND THE GENERAL DIFFUSION OF KNOWLEDGE ARE LARGELY PROMOTED BY",600,2520,REVIEW,low,"Could not auto-classify - needs manual review"
1860,10,"France-GRA","MANUFACTURE OF BRITISH SHEET-GLASS",672,3393,REVIEW,low,"Could not auto-classify - needs manual review"
1860,10,"France-GRA","CAPE OF GOOD HOPE",718,7031,KEEP,medium,"Geographic prefix "CAPE " - may be valid subdivision"
1860,10,"France-GRA","POSSESSING CONSIDERABLE",747,899,REVIEW,low,"Could not auto-classify - needs manual review"
1860,10,"France-GRA","CONVEYS TO THE MIND OF THE READER THE VERY SAME SENTIMENT WHICH THE POET",760,8554,REVIEW,low,"Could not auto-classify - needs manual review"
1860,10,"France-GRA","NOW IT WILL BE FOUND THAT IT IS ONLY WHEN THE RELATIVE CLAUSE",766,27705,REVIEW,low,"Could not auto-classify - needs manual review"
1860,10,"France-GRA","THUS WE SEE THAT MANY OF THE RELATIONS SUBSISTING BETWEEN OUR IDEAS MAY BE CLEARLY EXPRESSED BY",787,10942,REVIEW,low,"Could not auto-classify - needs manual review"
1860,10,"France-GRA","HERE OVER",795,2697,REVIEW,low,"Could not auto-classify - needs manual review"
1860,11,"GRA-HUM","NARRATIVE OF THE GREEK REVOLUTION",32,13362,REVIEW,low,"Could not auto-classify - needs manual review"
1860,11,"GRA-HUM","MANAGEMENT OF GUNS",148,6288,REVIEW,low,"Could not auto-classify - needs manual review"
1860,11,"GRA-HUM","MEMORANDUM OF RANGES OF GUNS",157,15429,REVIEW,low,"Could not auto-classify - needs manual review"
1860,11,"GRA-HUM","FUNERALS OF THE NOBILITY AND GENTRY DURING THE MIDDLE AGES WERE THE",351,1052,REVIEW,low,"Could not auto-classify - needs manual review"
1860,11,"GRA-HUM","OBSERVATIONS ON DR YOUNG'S ANALYSIS",417,5781,REVIEW,low,"Could not auto-classify - needs manual review"
1860,11,"GRA-HUM","STEE",429,2559,REVIEW,low,"Could not auto-classify - needs manual review"
1860,11,"GRA-HUM","TSHA",429,65,REVIEW,low,"Could not auto-classify - needs manual review"
1860,11,"GRA-HUM","AFFIXED PERSONAL PRONOUNS",432,134,REVIEW,low,"Could not auto-classify - needs manual review"
1860,11,"GRA-HUM","ISOLATED PERSONAL PRONOUNS",432,56,REVIEW,low,"Could not auto-classify - needs manual review"
1860,11,"GRA-HUM","POSSESSIVE PRONOUNS",432,335,REVIEW,low,"Could not auto-classify - needs manual review"
1860,11,"GRA-HUM","RELATIVE PRONOUNS",432,25,REVIEW,low,"Could not auto-classify - needs manual review"
1860,11,"GRA-HUM","UN-NEB",432,6047,REVIEW,low,"Could not auto-classify - needs manual review"
1860,11,"GRA-HUM","NETERU",438,268,REVIEW,low,"Could not auto-classify - needs manual review"
1860,11,"GRA-HUM","WHAT HERODOTUS RELATES OF THE SONG OF MANEROS",438,712,REVIEW,low,"Could not auto-classify - needs manual review"
1860,11,"GRA-HUM","COMPOSITION",555,4361,REVIEW,low,"Could not auto-classify - needs manual review"
1860,11,"GRA-HUM","GENERAL TREATMENT OF HORSES",672,12228,REVIEW,low,"Could not auto-classify - needs manual review"
1860,11,"GRA-HUM","CLOSELY CONNECTED WITH THE PROPER SEASON IS THE BEST",706,1715,REVIEW,low,"Could not auto-classify - needs manual review"
1860,11,"GRA-HUM","FRUIT AND KITCHEN GARDEN",707,6280,REVIEW,low,"Could not auto-classify - needs manual review"
1860,11,"GRA-HUM","PROPAGATION",712,5528,REVIEW,low,"Could not auto-classify - needs manual review"
1860,11,"GRA-HUM","CULTURE OF HARDY FRUITS",717,1025,REVIEW,low,"Could not auto-classify - needs manual review"
1860,11,"GRA-HUM","KITCHEN GARDEN",746,10497,REVIEW,low,"Could not auto-classify - needs manual review"
1860,11,"GRA-HUM","CALENDAR",768,4458,REVIEW,low,"Could not auto-classify - needs manual review"
1860,12,"Hume-JOM","EXAMINER",10,11,MERGE,medium,"Very short entry, likely fragment"
1860,12,"Hume-JOM","NORTH BRITISH REVIEW",10,73,REVIEW,low,"Could not auto-classify - needs manual review"
1860,12,"Hume-JOM","SPECTATOR",10,26,REVIEW,low,"Could not auto-classify - needs manual review"
1860,12,"Hume-JOM","MDCCCLVI",13,10217,REVIEW,low,"Could not auto-classify - needs manual review"
1860,12,"Hume-JOM","HISTORY",83,9289,REVIEW,low,"Could not auto-classify - needs manual review"
1860,12,"Hume-JOM","RESINS",102,23544,REVIEW,low,"Could not auto-classify - needs manual review"
1860,12,"Hume-JOM","PIPES OR OPEN CANALS OR RIVERS",125,34010,REVIEW,low,"Could not auto-classify - needs manual review"
1860,12,"Hume-JOM","CLASSIFICATION OF FISHES",240,923,REVIEW,low,"Could not auto-classify - needs manual review"
1860,12,"Hume-JOM","SESSING THE POWER OF EXTRACTING AIR FROM WATER BY",240,337,REVIEW,low,"Could not auto-classify - needs manual review"
1860,12,"Hume-JOM","AUSONIUS",270,8260,REVIEW,low,"Could not auto-classify - needs manual review"
1860,12,"Hume-JOM","GONIODONTS",277,2783,REVIEW,low,"Could not auto-classify - needs manual review"
1860,12,"Hume-JOM","CYCLO-LABROIDS",279,541,REVIEW,low,"Could not auto-classify - needs manual review"
1860,12,"Hume-JOM","OVID",280,20051,REVIEW,low,"Could not auto-classify - needs manual review"
1860,12,"Hume-JOM","MUGIL FAMILY",304,1509,REVIEW,low,"Could not auto-classify - needs manual review"
1860,12,"Hume-JOM","GANOIDAE",328,2752,REVIEW,low,"Could not auto-classify - needs manual review"
1860,12,"Hume-JOM","SIRENOIDS",329,1276,REVIEW,low,"Could not auto-classify - needs manual review"
1860,12,"Hume-JOM","CHONDROPTERYGIANS",330,2630,REVIEW,low,"Could not auto-classify - needs manual review"
1860,12,"Hume-JOM","SHARKS",333,6116,REVIEW,low,"Could not auto-classify - needs manual review"
1860,12,"Hume-JOM","RAYS",337,4360,REVIEW,low,"Could not auto-classify - needs manual review"
1860,12,"Hume-JOM","FOSSIL ICHTHYOLOGY",343,1374,REVIEW,low,"Could not auto-classify - needs manual review"
1860,12,"Hume-JOM","FOSSIL ICHTHYOLOGY",345,1165,REVIEW,low,"Could not auto-classify - needs manual review"
1860,12,"Hume-JOM","FOSSIL ICHTHYOLOGY",346,1016,REVIEW,low,"Could not auto-classify - needs manual review"
1860,12,"Hume-JOM","FOSSIL ICHTHYOLOGY",347,1175,REVIEW,low,"Could not auto-classify - needs manual review"
1860,12,"Hume-JOM","FOSSIL ICHTHYOLOGY",348,1715,REVIEW,low,"Could not auto-classify - needs manual review"
1860,12,"Hume-JOM","FOSSIL ICHTHYOLOGY",350,1214,REVIEW,low,"Could not auto-classify - needs manual review"
1860,12,"Hume-JOM","FOSSIL ICHTHYOLOGY",351,1224,REVIEW,low,"Could not auto-classify - needs manual review"
1860,12,"Hume-JOM","FOSSIL ICHTHYOLOGY",352,3360,REVIEW,low,"Could not auto-classify - needs manual review"
1860,12,"Hume-JOM","FOSSIL ICHTHYOLOGY",355,960,REVIEW,low,"Could not auto-classify - needs manual review"
1860,12,"Hume-JOM","FOSSIL ICHTHYOLOGY",356,2751,REVIEW,low,"Could not auto-classify - needs manual review"
1860,12,"Hume-JOM","GEOLOGICAL FORMATIONS IN WHICH FOSSIL FISHES ARE FOUND",359,520,REVIEW,low,"Could not auto-classify - needs manual review"
1860,12,"Hume-JOM","FOSSIL ICHTHYOLOGY",360,339,REVIEW,low,"Could not auto-classify - needs manual review"
1860,12,"Hume-JOM","FOSSIL ICHTHYOLOGY",361,657,REVIEW,low,"Could not auto-classify - needs manual review"
1860,12,"Hume-JOM","FOSSIL ICHTHYOLOGY",362,668,REVIEW,low,"Could not auto-classify - needs manual review"
1860,12,"Hume-JOM","FOSSIL ICHTHYOLOGY",363,734,REVIEW,low,"Could not auto-classify - needs manual review"
1860,12,"Hume-JOM","FOSSIL ICHTHYOLOGY",364,629,REVIEW,low,"Could not auto-classify - needs manual review"
1860,12,"Hume-JOM","FOSSIL ICHTHYOLOGY",365,650,REVIEW,low,"Could not auto-classify - needs manual review"
1860,12,"Hume-JOM","FOSSIL ICHTHYOLOGY",366,635,REVIEW,low,"Could not auto-classify - needs manual review"
1860,12,"Hume-JOM","LIFE ASSURANCE OFFICES",416,5814,REVIEW,low,"Could not auto-classify - needs manual review"
1860,12,"Hume-JOM","MARINE INSURANCE",431,5160,REVIEW,low,"Could not auto-classify - needs manual review"
1860,12,"Hume-JOM","WHAT THE POLITICAL RELATIONS OF THE TWELVE CITIES WERE TO
EACH OTHER WE HAVE NO",455,732,REVIEW,low,"Could not auto-classify - needs manual review"
1860,12,"Hume-JOM","HISTORY",474,34204,REVIEW,low,"Could not auto-classify - needs manual review"
1860,12,"Hume-JOM","WHILST THE IRISH PARLIAMENT WERE THUS VIGILANT IN CUTTING OFF FROM THE CATHOLICS ALL",505,43866,REVIEW,low,"Could not auto-classify - needs manual review"
1860,12,"Hume-JOM","NORTHERN PROVINCE",542,36,REVIEW,low,"Could not auto-classify - needs manual review"
1860,12,"Hume-JOM","MACHINERY OF THE MANUFACTURE",569,1911,REVIEW,low,"Could not auto-classify - needs manual review"
1860,12,"Hume-JOM","MR BICKFORD'S IMPROVED DEVONSHIRE SYSTEM",626,4090,REVIEW,low,"Could not auto-classify - needs manual review"
1860,12,"Hume-JOM","MANAGEMENT OF WATER-MEADOWS",628,1521,REVIEW,low,"Could not auto-classify - needs manual review"
1860,12,"Hume-JOM","ADVANTAGES OF WATER-MEADOWS AND WARPING",631,2101,REVIEW,low,"Could not auto-classify - needs manual review"
1860,12,"Hume-JOM","SKETCH OF THE HISTORY OF THE ORDER",766,4157,REVIEW,low,"Could not auto-classify - needs manual review"
1860,13,"Jonah-MAG","NEW WORKS",11,994,KEEP,medium,"Geographic prefix "NEW " - may be valid subdivision"
1860,13,"Jonah-MAG","NEW EDITION",12,122,KEEP,medium,"Geographic prefix "NEW " - may be valid subdivision"
1860,13,"Jonah-MAG","STONES ARE USUALLY CUT OR POLISHED BY",245,708,REVIEW,low,"Could not auto-classify - needs manual review"
1860,13,"Jonah-MAG","INTERNAL",453,2895,REVIEW,low,"Could not auto-classify - needs manual review"
1860,13,"Jonah-MAG","EXTERNAL",455,35869,REVIEW,low,"Could not auto-classify - needs manual review"
1860,13,"Jonah-MAG","VERY LARGE QUANTITIES OF COALS NOW REACH LONDON BY",676,25171,REVIEW,low,"Could not auto-classify - needs manual review"
1860,13,"Jonah-MAG","MEANDER",820,95,REVIEW,low,"Could not auto-classify - needs manual review"
1860,13,"Jonah-MAG","MECENAS",820,1076,REVIEW,low,"Could not auto-classify - needs manual review"
1860,14,"Magnetism-MIH","FRASER",253,63,REVIEW,low,"Could not auto-classify - needs manual review"
1860,14,"Magnetism-MIH","GOULD",253,12,MERGE,medium,"Very short entry, likely fragment"
1860,14,"Magnetism-MIH","HARRIS",253,10,MERGE,medium,"Very short entry, likely fragment"
1860,14,"Magnetism-MIH","HORSFIELD",253,13,MERGE,medium,"Very short entry, likely fragment"
1860,14,"Magnetism-MIH","KLAUSZ",253,53,REVIEW,low,"Could not auto-classify - needs manual review"
1860,14,"Magnetism-MIH","LE CONTE",253,18,MERGE,medium,"Very short entry, likely fragment"
1860,14,"Magnetism-MIH","LEWIS",253,12,MERGE,medium,"Very short entry, likely fragment"
1860,14,"Magnetism-MIH","OWEN",253,109,REVIEW,low,"Could not auto-classify - needs manual review"
1860,14,"Magnetism-MIH","PETERS",253,28,REVIEW,low,"Could not auto-classify - needs manual review"
1860,14,"Magnetism-MIH","PICTET",253,32,REVIEW,low,"Could not auto-classify - needs manual review"
1860,14,"Magnetism-MIH","PRIVATE WORKS DISTRIBUTED BY THE KING OF DENMARK AND DR GRAY",253,181,REVIEW,low,"Could not auto-classify - needs manual review"
1860,14,"Magnetism-MIH","PUCHERAN",253,14,MERGE,medium,"Very short entry, likely fragment"
1860,14,"Magnetism-MIH","RICHARDSON",253,46,REVIEW,low,"Could not auto-classify - needs manual review"
1860,14,"Magnetism-MIH","SCHINZ",253,17,KEEP,medium,"Cross-reference entry (contains "see" directive)"
1860,14,"Magnetism-MIH","SCHLEGEL",253,23,REVIEW,low,"Could not auto-classify - needs manual review"
1860,14,"Magnetism-MIH","SCHNEIDER",253,12,MERGE,medium,"Very short entry, likely fragment"
1860,14,"Magnetism-MIH","SMITH",253,38,REVIEW,low,"Could not auto-classify - needs manual review"
1860,14,"Magnetism-MIH","ST HILAIRE",253,32,KEEP,medium,"Geographic prefix "ST " - may be valid subdivision"
1860,14,"Magnetism-MIH","STRAUS-DUCELLIER",253,18,MERGE,medium,"Very short entry, likely fragment"
1860,14,"Magnetism-MIH","SUNDBY",253,15,MERGE,medium,"Very short entry, likely fragment"
1860,14,"Magnetism-MIH","TEMMINCK",253,23,REVIEW,low,"Could not auto-classify - needs manual review"
1860,14,"Magnetism-MIH","TOMLIN",253,18,MERGE,medium,"Very short entry, likely fragment"
1860,14,"Magnetism-MIH","TURNER",253,16,MERGE,medium,"Very short entry, likely fragment"
1860,14,"Magnetism-MIH","VAN DER HOVEN",253,15,MERGE,medium,"Very short entry, likely fragment"
1860,14,"Magnetism-MIH","WAGNER",253,40,REVIEW,low,"Could not auto-classify - needs manual review"
1860,14,"Magnetism-MIH","WAVERHOUSE",253,23,REVIEW,low,"Could not auto-classify - needs manual review"
1860,14,"Magnetism-MIH","MIXED MATHEMATICS",365,595,REVIEW,low,"Could not auto-classify - needs manual review"
1860,14,"Magnetism-MIH","PA",397,5982,REVIEW,low,"Could not auto-classify - needs manual review"
1860,14,"Magnetism-MIH","HISTORY OF LEGAL MEDICINE",434,24866,REVIEW,low,"Could not auto-classify - needs manual review"
1860,14,"Magnetism-MIH","GAUGING",536,1757,REVIEW,low,"Could not auto-classify - needs manual review"
1860,14,"Magnetism-MIH","EDUCATION IS CARRIED ON BY",556,498,REVIEW,low,"Could not auto-classify - needs manual review"
1860,14,"Magnetism-MIH","LET IT BE GRANTED THAT EVERY PHENOMENON",616,2085,REVIEW,low,"Could not auto-classify - needs manual review"
1860,14,"Magnetism-MIH","VARIOUS METHODS HAVE BEEN DESCRIBED FOR FINDING THE OBJECT BY",795,4224,REVIEW,low,"Could not auto-classify - needs manual review"
1860,14,"Magnetism-MIH","NOTICE",824,13,MERGE,medium,"Very short entry, likely fragment"
1860,15,"Milan-NAV","LIST OF

NEW WORKS AND NEW EDITIONS",8,66,REVIEW,low,"Could not auto-classify - needs manual review"
1860,15,"Milan-NAV","MDCCCCLVIII",13,4075,REVIEW,low,"Could not auto-classify - needs manual review"
1860,15,"Milan-NAV","ALPHABETICAL INDEX OF MINERAL SPECIES",139,2224,REVIEW,low,"Could not auto-classify - needs manual review"
1860,15,"Milan-NAV","DISTRIBUTION OF THE SUBJECT",143,38335,REVIEW,low,"Could not auto-classify - needs manual review"
1860,15,"Milan-NAV","GEOLOGY",174,11441,REVIEW,low,"Could not auto-classify - needs manual review"
1860,15,"Milan-NAV","INVERSION OF BEDS IS OCCASIONALLY TO BE DETECTED BY",184,21562,REVIEW,low,"Could not auto-classify - needs manual review"
1860,15,"Milan-NAV","PROFESSOR PHILLIPS HAS REMARKED THAT THE FACT OF INTERNAL HEAT BY NO",206,1236,REVIEW,low,"Could not auto-classify - needs manual review"
1860,15,"Milan-NAV","PRELIMINARY OBSERVATIONS",208,1496,REVIEW,low,"Could not auto-classify - needs manual review"
1860,15,"Milan-NAV","LOWER OR CAMBRO-SILURIAN PERIOD",210,1473,REVIEW,low,"Could not auto-classify - needs manual review"
1860,15,"Milan-NAV","PRIMARY OR PALEOZOIC EPOCH",210,296,REVIEW,low,"Could not auto-classify - needs manual review"
1860,15,"Milan-NAV","UPPER SILURIAN PERIOD",211,1481,REVIEW,low,"Could not auto-classify - needs manual review"
1860,15,"Milan-NAV","GEOLOGY",212,290,REVIEW,low,"Could not auto-classify - needs manual review"
1860,15,"Milan-NAV","DEVONIAN PERIOD",213,3493,REVIEW,low,"Could not auto-classify - needs manual review"
1860,15,"Milan-NAV","UPPER CARBONIFEROUS ROCKS",216,1281,REVIEW,low,"Could not auto-classify - needs manual review"
1860,15,"Milan-NAV","PERMIAN PERIOD",219,687,REVIEW,low,"Could not auto-classify - needs manual review"
1860,15,"Milan-NAV","TRIASSIC PERIOD",219,1167,REVIEW,low,"Could not auto-classify - needs manual review"
1860,15,"Milan-NAV","GEOLOGY",222,557,REVIEW,low,"Could not auto-classify - needs manual review"
1860,15,"Milan-NAV","CRETACEOUS PERIOD",223,5351,REVIEW,low,"Could not auto-classify - needs manual review"
1860,15,"Milan-NAV","PLIOCENE PERIOD",228,529,REVIEW,low,"Could not auto-classify - needs manual review"
1860,15,"Milan-NAV","PLEISTOCENE PERIOD",229,4929,REVIEW,low,"Could not auto-classify - needs manual review"
1860,15,"Milan-NAV","GOLD",244,9522,REVIEW,low,"Could not auto-classify - needs manual review"
1860,15,"Milan-NAV","MERCURY OR QUICKSILVER",251,4743,REVIEW,low,"Could not auto-classify - needs manual review"
1860,15,"Milan-NAV","TIN",254,1591,REVIEW,low,"Could not auto-classify - needs manual review"
1860,15,"Milan-NAV","LEAD",255,9236,REVIEW,low,"Could not auto-classify - needs manual review"
1860,15,"Milan-NAV","TABLES RELATIVE TO THE MONEY OF GREAT BRITAIN AND OTHER COUNTRIES",451,40821,REVIEW,low,"Could not auto-classify - needs manual review"
1860,15,"Milan-NAV","ALEXANDER",554,82,REVIEW,low,"Could not auto-classify - needs manual review"
1860,15,"Milan-NAV","BEATTIE",554,11,MERGE,medium,"Very short entry, likely fragment"
1860,15,"Milan-NAV","BENTHAM",554,28,REVIEW,low,"Could not auto-classify - needs manual review"
1860,15,"Milan-NAV","BROWN",554,29,REVIEW,low,"Could not auto-classify - needs manual review"
1860,15,"Milan-NAV","BUTLER",554,14,MERGE,medium,"Very short entry, likely fragment"
1860,15,"Milan-NAV","CHALMERS",554,16,MERGE,medium,"Very short entry, likely fragment"
1860,15,"Milan-NAV","CLARKE",554,11,MERGE,medium,"Very short entry, likely fragment"
1860,15,"Milan-NAV","DAMION",554,12,MERGE,medium,"Very short entry, likely fragment"
1860,15,"Milan-NAV","FERGUSON",554,18,MERGE,medium,"Very short entry, likely fragment"
1860,15,"Milan-NAV","FICHTE",554,30,REVIEW,low,"Could not auto-classify - needs manual review"
1860,15,"Milan-NAV","FIDDES",554,15,MERGE,medium,"Very short entry, likely fragment"
1860,15,"Milan-NAV","HUTCHISON",554,76,REVIEW,low,"Could not auto-classify - needs manual review"
1860,15,"Milan-NAV","INNES",554,12,MERGE,medium,"Very short entry, likely fragment"
1860,15,"Milan-NAV","MANDEVILLE",554,17,MERGE,medium,"Very short entry, likely fragment"
1860,15,"Milan-NAV","PALEY",554,22,REVIEW,low,"Could not auto-classify - needs manual review"
1860,15,"Milan-NAV","PAYNE",554,12,MERGE,medium,"Very short entry, likely fragment"
1860,15,"Milan-NAV","PRICE",554,13,MERGE,medium,"Very short entry, likely fragment"
1860,15,"Milan-NAV","SCHLEMMERMACHER",554,25,REVIEW,low,"Could not auto-classify - needs manual review"
1860,15,"Milan-NAV","SHATTESBURY",554,18,MERGE,medium,"Very short entry, likely fragment"
1860,15,"Milan-NAV","STEWART",554,14,MERGE,medium,"Very short entry, likely fragment"
1860,15,"Milan-NAV","WARBLAND",554,16,MERGE,medium,"Very short entry, likely fragment"
1860,15,"Milan-NAV","WAYLAND",554,46,REVIEW,low,"Could not auto-classify - needs manual review"
1860,15,"Milan-NAV","WHEWELL",554,15,MERGE,medium,"Very short entry, likely fragment"
1860,15,"Milan-NAV","WHITE",554,10,MERGE,medium,"Very short entry, likely fragment"
1860,15,"Milan-NAV","RECTITUDE DEFINED",555,1187,REVIEW,low,"Could not auto-classify - needs manual review"
1860,15,"Milan-NAV","NOT UNFREQUENTLY WE MEET WITH MODULATIONS INTO RELATIVE KEYS BROUGHT ABOUT BY",745,7637,REVIEW,low,"Could not auto-classify - needs manual review"
1860,15,"Milan-NAV","EDUCATION IS IMPARTED TO THE PEOPLE BY",815,603,REVIEW,low,"Could not auto-classify - needs manual review"
1860,15,"Milan-NAV","ALL THIS",821,4895,REVIEW,low,"Could not auto-classify - needs manual review"
1860,16,"Navigation-Ornithology","ASSISTANT-SURGEONS",122,92,REVIEW,low,"Could not auto-classify - needs manual review"
1860,16,"Navigation-Ornithology","MATES",122,92,REVIEW,low,"Could not auto-classify - needs manual review"
1860,16,"Navigation-Ornithology","NAVAL INSTRUCTORS",122,52,REVIEW,low,"Could not auto-classify - needs manual review"
1860,16,"Navigation-Ornithology","PAYMASTERS",122,150,REVIEW,low,"Could not auto-classify - needs manual review"
1860,16,"Navigation-Ornithology","RATES OF PENSION TO BE GRANTED TO INSPECTORS OF MACHINERY AFOAT",122,299,REVIEW,low,"Could not auto-classify - needs manual review"
1860,16,"Navigation-Ornithology","SECOND MASTERS",122,3956,REVIEW,low,"Could not auto-classify - needs manual review"
1860,16,"Navigation-Ornithology","SECRETARIES",122,18,MERGE,medium,"Very short entry, likely fragment"
1860,16,"Navigation-Ornithology","SURGEONS",122,66,REVIEW,low,"Could not auto-classify - needs manual review"
1860,16,"Navigation-Ornithology","PENSIONS TO THE MOTHERS AND SISTERS OF OFFICERS KILLED IN ACTION",125,4014,REVIEW,low,"Could not auto-classify - needs manual review"
1860,16,"Navigation-Ornithology","ROYAL MARINES",125,59,REVIEW,low,"Could not auto-classify - needs manual review"
1860,16,"Navigation-Ornithology","GALILEO AND THE PHILOSOPHERS OF THE ACADEMIA DEL CIMENTO HAD PROPOSED TO MEASURE THE VELOCITY OF LIGHT BY",542,40597,REVIEW,low,"Could not auto-classify - needs manual review"
1860,16,"Navigation-Ornithology","GALLINACEOUS OR RASORIAL BIRDS",792,43982,REVIEW,low,"Could not auto-classify - needs manual review"
1860,16,"Navigation-Ornithology","AGASSIZ",836,11,MERGE,medium,"Very short entry, likely fragment"
1860,16,"Navigation-Ornithology","AUDUBON",836,20,REVIEW,low,"Could not auto-classify - needs manual review"
1860,16,"Navigation-Ornithology","BONAPARTE",836,64,REVIEW,low,"Could not auto-classify - needs manual review"
1860,16,"Navigation-Ornithology","BOUCIERES",836,17,MERGE,medium,"Very short entry, likely fragment"
1860,16,"Navigation-Ornithology","BRANDT",836,15,MERGE,medium,"Very short entry, likely fragment"
1860,16,"Navigation-Ornithology","BURMESTER",836,28,REVIEW,low,"Could not auto-classify - needs manual review"
1860,16,"Navigation-Ornithology","CARANIS",836,11,MERGE,medium,"Very short entry, likely fragment"
1860,16,"Navigation-Ornithology","CASSIN",836,38,REVIEW,low,"Could not auto-classify - needs manual review"
1860,16,"Navigation-Ornithology","D'ORIONY",836,29,REVIEW,low,"Could not auto-classify - needs manual review"
1860,16,"Navigation-Ornithology","D'URVILLE",836,27,REVIEW,low,"Could not auto-classify - needs manual review"
1860,16,"Navigation-Ornithology","DU BOC",836,24,REVIEW,low,"Could not auto-classify - needs manual review"
1860,16,"Navigation-Ornithology","DU BOIS",836,12,MERGE,medium,"Very short entry, likely fragment"
1860,16,"Navigation-Ornithology","FRASER",836,34,REVIEW,low,"Could not auto-classify - needs manual review"
1860,16,"Navigation-Ornithology","GIRARD",836,11,MERGE,medium,"Very short entry, likely fragment"
1860,16,"Navigation-Ornithology","GOULD",836,73,REVIEW,low,"Could not auto-classify - needs manual review"
1860,16,"Navigation-Ornithology","HAMEL",836,10,MERGE,medium,"Very short entry, likely fragment"
1860,16,"Navigation-Ornithology","HARTLAU",836,11,MERGE,medium,"Very short entry, likely fragment"
1860,16,"Navigation-Ornithology","HARTLAUB",836,30,REVIEW,low,"Could not auto-classify - needs manual review"
1860,16,"Navigation-Ornithology","HEWITSON",837,39,REVIEW,low,"Could not auto-classify - needs manual review"
1860,16,"Navigation-Ornithology","HODGSON",837,62,REVIEW,low,"Could not auto-classify - needs manual review"
1860,16,"Navigation-Ornithology","JARDINE",837,28,REVIEW,low,"Could not auto-classify - needs manual review"
1860,16,"Navigation-Ornithology","LEFEVRE",837,12,MERGE,medium,"Very short entry, likely fragment"
1860,16,"Navigation-Ornithology","MACGILLIVRAY",837,20,REVIEW,low,"Could not auto-classify - needs manual review"
1860,16,"Navigation-Ornithology","MALHERBE",837,22,KEEP,medium,"Cross-reference entry (contains "see" directive)"
1860,16,"Navigation-Ornithology","MEYER",837,13,MERGE,medium,"Very short entry, likely fragment"
1860,16,"Navigation-Ornithology","MUHLE",837,28,REVIEW,low,"Could not auto-classify - needs manual review"
1860,16,"Navigation-Ornithology","MURA",837,52,REVIEW,low,"Could not auto-classify - needs manual review"
1860,16,"Navigation-Ornithology","NAUMANN",837,19,MERGE,medium,"Very short entry, likely fragment"
1860,16,"Navigation-Ornithology","NAUMANN",837,10,MERGE,medium,"Very short entry, likely fragment"
1860,16,"Navigation-Ornithology","OWEN",837,50,REVIEW,low,"Could not auto-classify - needs manual review"
1860,16,"Navigation-Ornithology","PEALE",837,13,MERGE,medium,"Very short entry, likely fragment"
1860,16,"Navigation-Ornithology","PETERS",837,65,REVIEW,low,"Could not auto-classify - needs manual review"
1860,16,"Navigation-Ornithology","PUCHEAN",837,39,REVIEW,low,"Could not auto-classify - needs manual review"
1860,16,"Navigation-Ornithology","RUPEL",837,20,REVIEW,low,"Could not auto-classify - needs manual review"
1860,16,"Navigation-Ornithology","SCHLEGEL",837,10,KEEP,medium,"Cross-reference entry (contains "see" directive)"
1860,16,"Navigation-Ornithology","STRICKLAND",837,72,REVIEW,low,"Could not auto-classify - needs manual review"
1860,16,"Navigation-Ornithology","SUNDEVAHL",837,38,KEEP,medium,"Short entry with valid definition structure"
1860,16,"Navigation-Ornithology","THIENEMANN",837,11,MERGE,medium,"Very short entry, likely fragment"
1860,16,"Navigation-Ornithology","THOMPSON",837,12,MERGE,medium,"Very short entry, likely fragment"
1860,16,"Navigation-Ornithology","TSCHUDI",837,24,REVIEW,low,"Could not auto-classify - needs manual review"
1860,17,"ORO-Plato","JAMES PATERSON",6,172,REVIEW,low,"Could not auto-classify - needs manual review"
1860,17,"ORO-Plato","JAMES DONALDSON",7,93,REVIEW,low,"Could not auto-classify - needs manual review"
1860,17,"ORO-Plato","MDCCCLIX",13,15,MERGE,medium,"Very short entry, likely fragment"
1860,17,"ORO-Plato","MICHEL ANGELO'S LINE IS BY NO",79,32970,REVIEW,low,"Could not auto-classify - needs manual review"
1860,17,"ORO-Plato","PROTOZOA",106,26992,REVIEW,low,"Could not auto-classify - needs manual review"
1860,17,"ORO-Plato","THERE ARE FEW GENERA OF EXTINCT REPTILES OF WHICH IT IS MORE DESIRABLE TO OBTAIN THE",156,35810,REVIEW,low,"Could not auto-classify - needs manual review"
1860,17,"ORO-Plato","GEOGRAPHICAL DISTRIBUTION OF PLEISTOCENE MAMMALS",187,3362,REVIEW,low,"Could not auto-classify - needs manual review"
1860,17,"ORO-Plato","DEFINITIONS",248,347,REVIEW,low,"Could not auto-classify - needs manual review"
1860,17,"ORO-Plato","ACCORDING TO OBSERVATIONS MADE ON MOVING BODIES BY",392,600,REVIEW,low,"Could not auto-classify - needs manual review"
1860,17,"ORO-Plato","METRONOME PENDULUMS",400,333,REVIEW,low,"Could not auto-classify - needs manual review"
1860,17,"ORO-Plato","ATMOSPHERIC INFLUENCE",401,422,REVIEW,low,"Could not auto-classify - needs manual review"
1860,17,"ORO-Plato","COMPENSATION PENDULUMS",401,788,REVIEW,low,"Could not auto-classify - needs manual review"
1860,17,"ORO-Plato","CONICAL PENDULUM",402,776,REVIEW,low,"Could not auto-classify - needs manual review"
1860,17,"ORO-Plato","FOUCAULT'S EXPERIMENT",402,131,REVIEW,low,"Could not auto-classify - needs manual review"
1860,17,"ORO-Plato","CH",553,2910,REVIEW,low,"Could not auto-classify - needs manual review"
1860,17,"ORO-Plato","MOLECULE TISSUES",663,3618,REVIEW,low,"Could not auto-classify - needs manual review"
1860,17,"ORO-Plato","GENERAL PROPERTIES OF LIVING BEINGS",669,1450,REVIEW,low,"Could not auto-classify - needs manual review"
1860,17,"ORO-Plato","FUNCTION OF NUTRITION",670,25078,REVIEW,low,"Could not auto-classify - needs manual review"
1860,17,"ORO-Plato","FUNCTION OF REPRODUCTION",696,98,REVIEW,low,"Could not auto-classify - needs manual review"
1860,17,"ORO-Plato","FECUNDATION OF GERMS",697,770,REVIEW,low,"Could not auto-classify - needs manual review"
1860,17,"ORO-Plato","CHANGES IN THE OVUM WHICH FOLLOW FECUNDATION",698,577,REVIEW,low,"Could not auto-classify - needs manual review"
1860,17,"ORO-Plato","EXPLANATION OF THE FIGURES",698,3831,REVIEW,low,"Could not auto-classify - needs manual review"
1860,17,"ORO-Plato","DISEASES OF NUTRITION",703,9900,REVIEW,low,"Could not auto-classify - needs manual review"
1860,17,"ORO-Plato","GENERAL PATHOLOGY OF THE NERVOUS SYSTEM",712,2365,REVIEW,low,"Could not auto-classify - needs manual review"
1860,17,"ORO-Plato","EDUCATION IS THE",826,4532,REVIEW,low,"Could not auto-classify - needs manual review"
1860,18,"PLA-REI","BLACK'S GUIDE BOOKS",4,144,REVIEW,low,"Could not auto-classify - needs manual review"
1860,18,"PLA-REI","LIST OF

NEW WORKS",4,38,REVIEW,low,"Could not auto-classify - needs manual review"
1860,18,"PLA-REI","BLACK'S GUIDE TO THE LAKES OF CUMBERLAND",5,14,MERGE,medium,"Very short entry, likely fragment"
1860,18,"PLA-REI","GARDENING",5,86,REVIEW,low,"Could not auto-classify - needs manual review"
1860,18,"PLA-REI","GLENOE",5,23,REVIEW,low,"Could not auto-classify - needs manual review"
1860,18,"PLA-REI","LIPPS",5,53,REVIEW,low,"Could not auto-classify - needs manual review"
1860,18,"PLA-REI","NEILL'S FRUIT",6,529,REVIEW,low,"Could not auto-classify - needs manual review"
1860,18,"PLA-REI","EXPERIMENTS ON THIS SUBJECT ARE BY NO",79,1117,REVIEW,low,"Could not auto-classify - needs manual review"
1860,18,"PLA-REI","GREIPAR",175,22902,REVIEW,low,"Could not auto-classify - needs manual review"
1860,18,"PLA-REI","ANTARCTIC POLAR REGIONS",193,1227,REVIEW,low,"Could not auto-classify - needs manual review"
1860,18,"PLA-REI","SOUTHERN HEMISPHERE",285,14792,REVIEW,low,"Could not auto-classify - needs manual review"
1860,18,"PLA-REI","GENERAL OBJECTIONS TO PUBLIC RELIEF AND TO PRIVATE ALMS-GIVING",308,1677,REVIEW,low,"Could not auto-classify - needs manual review"
1860,18,"PLA-REI","EVEN THESE EVILS MIGHT BE AGGRAVATED BY PARCELLING THE COUNTRY OUT INTO DISTRICTS TOO SMALL TO ALLOW OF THE PROCURING OF THE NECESSARY",309,722,REVIEW,low,"Could not auto-classify - needs manual review"
1860,18,"PLA-REI","OTHER PROCESSES",566,412,REVIEW,low,"Could not auto-classify - needs manual review"
1860,18,"PLA-REI","BOTH SERIES OF TAPES ARE KEPT TIGHTLY STRETCHED BY",572,3116,REVIEW,low,"Could not auto-classify - needs manual review"
1860,18,"PLA-REI","BBW",606,2285,REVIEW,low,"Could not auto-classify - needs manual review"
1860,18,"PLA-REI","PERMANENT WAY",765,1414,REVIEW,low,"Could not auto-classify - needs manual review"
1860,18,"PLA-REI","EXTENT OF SIDINGS",786,478,REVIEW,low,"Could not auto-classify - needs manual review"
1860,18,"PLA-REI","LOCOMOTIVE-STATIONS",786,1054,REVIEW,low,"Could not auto-classify - needs manual review"
1860,18,"PLA-REI","LOCOMOTIVE POWER",791,5317,REVIEW,low,"Could not auto-classify - needs manual review"
1860,18,"PLA-REI","LENGTH OF RAILWAYS",796,862,REVIEW,low,"Could not auto-classify - needs manual review"
1860,18,"PLA-REI","MONEY INVESTED IN RAILWAYS",797,2554,REVIEW,low,"Could not auto-classify - needs manual review"
1860,18,"PLA-REI","GOODS TRAFFIC",800,1725,REVIEW,low,"Could not auto-classify - needs manual review"
1860,18,"PLA-REI","PASSENGER AND GOODS TRAFFIC",801,1471,REVIEW,low,"Could not auto-classify - needs manual review"
1860,18,"PLA-REI","MANAGEMENT OF RAILWAYS",810,564,REVIEW,low,"Could not auto-classify - needs manual review"
1860,19,"Reid-Scythia","AMPHISBENIDAE",48,909,REVIEW,low,"Could not auto-classify - needs manual review"
1860,19,"Reid-Scythia","CECILIAE",48,504,REVIEW,low,"Could not auto-classify - needs manual review"
1860,19,"Reid-Scythia","ANGUIDAE",49,948,REVIEW,low,"Could not auto-classify - needs manual review"
1860,19,"Reid-Scythia","SERPENTES",50,23006,REVIEW,low,"Could not auto-classify - needs manual review"
1860,19,"Reid-Scythia","BOAS ARE SAID TO BE BY NO",68,15174,REVIEW,low,"Could not auto-classify - needs manual review"
1860,19,"Reid-Scythia","RAZES",111,319,REVIEW,low,"Could not auto-classify - needs manual review"
1860,19,"Reid-Scythia","STATISTICS OF ROME",376,3023,REVIEW,low,"Could not auto-classify - needs manual review"
1860,19,"Reid-Scythia","ST ANTONIO",583,10,KEEP,medium,"Cross-reference entry (contains "see" directive)"
1860,19,"Reid-Scythia","ST CATHARINES",583,75,KEEP,medium,"Geographic prefix "ST " - may be valid subdivision"
1860,19,"Reid-Scythia","ST HYACINTH",583,119,KEEP,medium,"Geographic prefix "ST " - may be valid subdivision"
1860,19,"Reid-Scythia","ST IAGO",583,10,KEEP,medium,"Cross-reference entry (contains "see" directive)"
1860,19,"Reid-Scythia","ST NICHOLAS",583,10,KEEP,medium,"Cross-reference entry (contains "see" directive)"
1860,19,"Reid-Scythia","TERMINATION OF THE FRENCH SCHOOL IN SWEDEN",706,845,REVIEW,low,"Could not auto-classify - needs manual review"
1860,19,"Reid-Scythia","POETS BELONGING GENERALLY TO THE NEW SCHOOL",708,1133,REVIEW,low,"Could not auto-classify - needs manual review"
1860,19,"Reid-Scythia","HISTORY OF SCOTLAND",748,92727,REVIEW,low,"Could not auto-classify - needs manual review"
1860,19,"Reid-Scythia","HOLY SCRIPTURE",841,10122,REVIEW,low,"Could not auto-classify - needs manual review"
1860,20,"Seamanship-SZO","RISE AND PROGRESS OF NAVAL ARCHITECTURE",127,1234,REVIEW,low,"Could not auto-classify - needs manual review"
1860,20,"Seamanship-SZO","KINGDOM OF NAPLES",273,100,REVIEW,low,"Could not auto-classify - needs manual review"
1860,20,"Seamanship-SZO","KINGDOM OF SICILY",273,291,REVIEW,low,"Could not auto-classify - needs manual review"
1860,20,"Seamanship-SZO","KINGDOM OF LEON AND CASTILLE UNITED",471,99,REVIEW,low,"Could not auto-classify - needs manual review"
1860,20,"Seamanship-SZO","KINGDOM OF ARAGON",472,190,REVIEW,low,"Could not auto-classify - needs manual review"
1860,20,"Seamanship-SZO","KINGDOM OF NAVARRE",472,261,REVIEW,low,"Could not auto-classify - needs manual review"
1860,20,"Seamanship-SZO","EQUILIBRIUM OF TWO PRESSURES",548,900,REVIEW,low,"Could not auto-classify - needs manual review"
1860,20,"Seamanship-SZO","EQUILIBRIUM OF THREE PRESSURES",550,8684,REVIEW,low,"Could not auto-classify - needs manual review"
1860,20,"Seamanship-SZO","GENERAL CONDITION OF EQUILIBRIUM",557,49,REVIEW,low,"Could not auto-classify - needs manual review"
1860,20,"Seamanship-SZO","VIRTUAL VELOCITIES",558,7465,REVIEW,low,"Could not auto-classify - needs manual review"
1860,20,"Seamanship-SZO","LEGISLATORS ON THE",568,1066,REVIEW,low,"Could not auto-classify - needs manual review"
1860,20,"Seamanship-SZO","COKE",638,11375,REVIEW,low,"Could not auto-classify - needs manual review"
1860,20,"Seamanship-SZO","OUR OWN COUNTRY WAS AT THIS TIME BY NO",829,21224,REVIEW,low,"Could not auto-classify - needs manual review"
1860,20,"Seamanship-SZO","SZYRAN",922,63,REVIEW,low,"Could not auto-classify - needs manual review"
1860,20,"Seamanship-SZO","FRONT ELEVATION",1019,447,REVIEW,low,"Could not auto-classify - needs manual review"
1860,21,"T-ZWO","MINISTER OF CRIEFF",13,1518,REVIEW,low,"Could not auto-classify - needs manual review"
1860,21,"T-ZWO","ASSUMING THAT GOD AND THE THINGS OF GOD CAN BE KNOWN ONLY BY",198,3013,REVIEW,low,"Could not auto-classify - needs manual review"
1860,21,"T-ZWO","AD",357,5649,REVIEW,low,"Could not auto-classify - needs manual review"
1860,21,"T-ZWO","FIELD OPERATIONS",362,199,REVIEW,low,"Could not auto-classify - needs manual review"
1860,21,"T-ZWO","STATISTICS",392,13738,REVIEW,low,"Could not auto-classify - needs manual review"
1860,21,"T-ZWO","EXTENSIVE TRACTS OF MARSHY LAND HAVE BEEN RECLAIMED AND BROUGHT INTO CULTIVATION BY",410,4649,REVIEW,low,"Could not auto-classify - needs manual review"
1860,21,"T-ZWO","ENGLISH",419,89,REVIEW,low,"Could not auto-classify - needs manual review"
1860,21,"T-ZWO","MINION",419,4473,REVIEW,low,"Could not auto-classify - needs manual review"
1860,21,"T-ZWO","SPECIMEN OF TYPES",419,75,REVIEW,low,"Could not auto-classify - needs manual review"
1860,21,"T-ZWO","IRISH UNIVERSITIES",500,2396,REVIEW,low,"Could not auto-classify - needs manual review"
1860,21,"T-ZWO","FOREIGN UNIVERSITIES",506,5592,REVIEW,low,"Could not auto-classify - needs manual review"
1860,21,"T-ZWO","HIS INCESSANT ACTIVITY OF MIND WAS BY NO",676,1828,REVIEW,low,"Could not auto-classify - needs manual review"
1860,21,"T-ZWO","ONE OF THE MOST EFFICACIOUS",725,8186,REVIEW,low,"Could not auto-classify - needs manual review"
1860,21,"T-ZWO","CONSIDERING THE IMPERFECT",732,12627,REVIEW,low,"Could not auto-classify - needs manual review"
1860,21,"T-ZWO","JAMES WYATT",956,528,REVIEW,low,"Could not auto-classify - needs manual review"
1860,21,"T-ZWO","SAMUEL WYATT",956,3240,REVIEW,low,"Could not auto-classify - needs manual review"
