id,title,editions,max_wc,gaps,1771,1778,1797,1810,1815,1823,1842,1860
BRITAIN,BRITAIN,8,381204,,104,91243,167180,326150,325075,324248,359961,381204
CHEMISTRY,CHEMISTRY,8,358929,,127836,103414,281796,358547,358929,352835,185089,74627
AGRICULTURE,AGRICULTURE,8,296586,,31525,56150,93566,144061,291092,296586,136384,164286
FRANCE,FRANCE,8,271311,,124,30315,64037,175375,175315,174745,271311,1904
SCOTLAND,SCOTLAND,8,220481,,181,207850,10167,218570,220481,44232,75195,29464
ASTRONOMY,ASTRONOMY,8,217374,,75395,50241,217374,203751,204739,203142,1890,183451
OPTICS,OPTICS,8,203466,,29715,104915,155302,148020,149476,143753,192911,203466
PHYSIOLOGY,PHYSIOLOGY,8,194576,,53,60,55573,87854,87533,88004,194576,65260
BOTANY,BOTANY,8,194005,,25583,15549,22011,181472,179010,194005,95902,178022
ANATOMY,ANATOMY,8,176413,,112258,69851,93627,131394,132797,132225,176413,136756
ENGLAND,ENGLAND,8,167223,,88,82435,94064,95165,93404,94694,47077,167223
WAR,WAR,8,156148,,32,156148,121296,47906,48896,47799,17047,36941
METAPHYSICS,METAPHYSICS,8,149166,,33934,31496,140551,136001,149166,142633,135650,7824
SURGERY,SURGERY,8,147680,,46484,147680,131229,95210,98003,91710,34565,34490
LAW,LAW,8,145225,,85730,143359,143890,111591,145225,141667,27590,52202
ROMANCE,ROMANCE,8,129553,,94,1041,2209,2184,2229,2212,46385,129553
EGYPT,EGYPT,8,124041,,235,30023,47484,52481,52901,52152,47506,124041
PNEUMATICS,PNEUMATICS,8,100993,,22086,8541,100560,100710,100668,100993,83510,74696
POETRY,POETRY,8,97236,,454,50887,97236,51599,50244,1385,44964,47582
ALGEBRA,ALGEBRA,8,93647,,40252,16037,34076,69996,68592,72835,93647,91428
IRELAND,IRELAND,8,91490,,114,22603,36286,40190,39980,40166,91490,90532
MONEY,MONEY,8,91190,,15760,22096,25285,25226,25995,26106,36237,91190
RUSSIA,RUSSIA,8,86158,,114,16771,24479,14777,85184,86158,80599,45526
LOGIC,LOGIC,8,82259,,21563,6260,10768,34976,24224,32779,22501,82259
FLUXIONS,FLUXIONS,8,80262,,4559,450,675,72093,72443,71865,80262,6471
LONDON,LONDON,8,80084,,231,22249,43423,44923,45568,43798,80084,26716
GRAMMAR,GRAMMAR,8,79995,,19341,18793,60386,59091,65050,61412,79995,60716
PAINTING,PAINTING,8,78993,,1579,36616,45036,76102,78993,73892,52731,59903
GARDENING,GARDENING,8,78597,,23434,31282,26153,22414,78597,76683,32621,86
GENUS,GENUS,8,75310,,254,691,1502,396,395,75310,325,140
GEOMETRY,GEOMETRY,8,74123,,8563,386,18549,38274,38139,38030,44498,74123
FLUX,FLUX,8,73867,,35,5359,5456,927,924,925,134,73867
ABYSS,ABYSS,8,68056,,61,789,952,936,945,68056,278,311
PROBABILITY,PROBABILITY,8,68014,,103,103,628,710,649,644,66199,68014
ABYSSINIA,ABYSSINIA,8,66601,,299,1511,5229,65948,66601,15573,19319,4363
MUSIC,MUSIC,8,63813,,37751,63813,45749,37199,51687,19324,33494,40586
SCOT,SCOT,8,63395,,29,362,362,363,362,362,314,63395
GRANADA,GRANADA,8,61751,,140,748,2749,2746,2752,61751,3751,6340
WHITE,WHITE,8,61698,,26,35,34,653,191,191,61698,1224
RIVER,RIVER,8,60280,,89,8593,60280,59418,58921,76,56181,53838
GUNNERY,GUNNERY,8,59784,,8905,16704,47099,46877,48178,4562,59316,59784
LANGUAGE,LANGUAGE,8,58297,,18774,28687,34325,34109,34472,34663,38417,58297
HORSE,HORSE,8,56659,,4986,8012,9678,9950,7679,9914,56659,17913
MEXICO,MEXICO,8,54892,,139,20980,50940,45336,45564,44094,54892,41124
CHINA,CHINA,8,54471,,158,15150,48847,50511,50568,51500,51468,54471
ARMY,ARMY,8,54165,,290,552,2941,2821,2823,2826,45985,54165
MORAL_PHILOSOPHY,MORAL PHILOSOPHY,8,51566,,40509,41225,50798,48010,49961,49613,42124,51566
ANATHEMA,ANATHEMA,8,49282,,49282,284,74,271,74,74,197,197
SPA,SPA,8,48779,,158,252,1907,2866,1557,2832,395,48779
PRINTING,PRINTING,8,46814,,3761,14826,15697,20581,20729,19365,46814,45772
BUILDING,BUILDING,8,45007,,68,90,323,388,329,329,45007,44484
MORTALITY,MORTALITY,8,44597,,61,59,9215,9743,10920,7840,38313,44597
GUN,GUN,8,44242,,567,1730,1510,1649,1738,44242,771,992
CHRONOLOGY,CHRONOLOGY,8,43906,,64,10388,25143,28282,29627,29671,32913,43906
ARITHMETIC,ARITHMETIC,8,43489,,21607,16493,3592,30596,32244,43489,21165,21591
PENDULUM,PENDULUM,8,42516,,29,1464,5371,5738,5738,5681,42516,14093
GREECE,GREECE,8,42190,,40,3178,3178,3175,3179,33725,42190,15183
LOGARITHMS,LOGARITHMS,8,41305,,5085,29446,41305,28978,22016,20474,33120,16705
NAVY,NAVY,8,39782,,357,396,396,403,403,631,31020,39782
ITALY,ITALY,8,38677,,249,26630,26637,26858,26740,26714,30975,38677
PRUSSIA,PRUSSIA,8,38456,,32,16110,17204,18249,18187,18197,38456,37559
COINAGE,COINAGE,8,37953,,1662,1662,1659,1663,1664,30353,30777,37953
INSURANCE,INSURANCE,8,37093,,732,3854,5109,4294,5314,5286,13669,37093
GLASGOW,GLASGOW,8,35601,,57,8614,9900,10890,10938,10807,35601,16541
SWEDEN,SWEDEN,8,35402,,49,32325,35402,23950,347,649,25438,28118
EXCHANGE,EXCHANGE,8,34705,,7425,7332,7163,9183,8309,34705,28849,27387
LAUSANNE,LAUSANNE,8,34490,,28,145,491,34490,155,161,121,2638
CHIVALRY,CHIVALRY,8,32577,,85,3593,5766,5834,5833,32577,31923,32015
CARTHAGE,CARTHAGE,8,31462,,22,31056,31195,31462,30934,31349,30592,30640
BREWING,BREWING,8,31230,,531,7535,7807,8418,8414,8387,29399,31230
MASONRY,MASONRY,8,31013,,46,604,9440,29951,31013,29795,25822,2707
COMPANY,COMPANY,8,30642,,1286,23096,28270,30456,30642,29942,6268,161
HERALDRY,HERALDRY,8,30330,,337,8966,30151,24548,30330,29520,22843,20802
EDINBURGH,EDINBURGH,8,30284,,1154,14638,25665,29531,30284,29540,21747,22815
ROTATION,ROTATION,8,29608,,39,39,29036,28623,29608,28515,22603,22366
CLIMATE,CLIMATE,8,29215,,42,610,712,705,707,29215,25437,24188
CARPENTRY,CARPENTRY,8,29035,,87,87,86,93,95,29035,27026,26902
BRIDGE,BRIDGE,8,28848,,1486,3410,4068,14300,14405,26517,28848,20706
MILTON,MILTON,8,28728,,20,1350,1732,312,312,315,28728,20703
GERMANY,GERMANY,8,28509,,135,16323,20730,21494,21485,21010,20479,28509
SCIENCE,SCIENCE,8,28031,,15,280,276,27971,28031,26600,11,189
PORTUGAL,PORTUGAL,8,27884,,75,13418,15654,17093,17105,16085,27884,24464
BEAUTY,BEAUTY,8,27649,,1565,1560,9209,9375,9229,27578,27649,27578
SANHEDRIM,SANHEDRIM,8,27526,,212,214,1607,1605,1592,1593,1569,27526
CONSTABLE,CONSTABLE,8,26926,,1243,26926,1320,1326,1832,2637,3954,768
ARTILLERY,ARTILLERY,8,26576,,138,960,2719,2429,2720,3030,8134,26576
COMMON,COMMON,8,26478,,1094,1166,1237,26478,1228,2041,1147,940
COMMERCE,COMMERCE,8,26185,,11976,15111,18136,19156,19704,19682,26185,19780
AFRICA,AFRICA,8,25952,,464,2862,3282,24300,24338,24235,25952,25288
POPE,POPE,8,25594,,52,2933,7061,7039,7039,7046,22220,25594
TURKEY,TURKEY,8,25494,,79,10665,11200,6847,6810,6799,19160,25494
PERU,PERU,8,24991,,78,17533,24332,24991,24569,23768,20776,22697
HORSEMANSHIP,HORSEMANSHIP,8,24878,,4606,11619,12128,12927,15194,12332,24878,24460
ANGLING,ANGLING,8,24727,,7,905,904,904,904,904,23380,24727
GLASS,GLASS,8,24305,,6789,10259,23678,23593,24305,24272,19899,23155
PHYSICS,PHYSICS,8,24147,,7,1218,24144,23684,24147,24086,23014,238
DELUGE,DELUGE,8,24109,,106,4990,24091,24078,24109,24070,18248,17503
MICROMETER,MICROMETER,8,23595,,20,8709,17039,17365,16703,17449,20893,23595
HUNGARY,HUNGARY,8,23559,,153,3761,1383,1415,1413,1425,9409,23559
APIS,APIS,8,23255,,7474,23255,3143,2390,1711,2386,438,441
HERALD,HERALD,8,23062,,108,23062,359,357,356,355,1637,2469
ARCH,ARCH,8,23015,,106,236,22800,230,238,233,23015,4470
NORWAY,NORWAY,8,22407,,60,8085,9060,9095,9095,8640,18012,22407
HEAT,HEAT,8,22130,,2309,18355,14386,3684,3896,3640,22130,20361
EUROPE,EUROPE,8,21859,,169,670,670,2600,2602,21274,12955,21859
COLONY,COLONY,8,21681,,95,4333,2015,2032,2031,2035,19806,21681
DUBLIN,DUBLIN,8,21029,,84,630,7370,7532,7540,7543,19430,21029
HENRY,HENRY,8,21021,,20,2089,38,39,39,21021,6328,287
MOROCCO,MOROCCO,8,20503,,17,4550,20503,13843,13864,13811,11537,5353
RELIGION,RELIGION,8,20333,,15779,844,20286,20333,20331,20270,53,186
ATHENS,ATHENS,8,19797,,138,6389,6404,5900,6493,6378,19779,19797
POSTLIMINIUM,POSTLIMINIUM,8,19238,,28,5,28,28,28,28,99,19238
PONTUS,PONTUS,8,19142,,21,19063,19128,19142,19071,19055,5959,523
NEWTON,NEWTON,8,19009,,36,3194,3198,3198,3185,3184,7000,19009
PHARISEES,PHARISEES,8,17892,,104,17892,1025,1229,1059,1059,890,1290
PARLIAMENT,PARLIAMENT,8,17646,,3116,7819,8755,8727,8747,8764,7676,17646
SCANDINAVIA,SCANDINAVIA,8,17117,,29,1048,1638,1637,1636,1637,1639,17117
CANIS,CANIS,8,16878,,3635,7736,16878,145,145,145,255,42
LOCK,LOCK,8,16829,,14,14,4046,4056,4051,4053,4340,16829
THEATINES,THEATINES,8,16565,,139,140,139,143,143,143,142,16565
ROPE,ROPE,8,16203,,38,64,98,15583,97,97,16203,15765
WEAVING,WEAVING,8,15746,,26,31,1554,32,3299,32,9413,15746
SWIMMING,SWIMMING,8,15611,,414,1803,3185,3607,3395,3387,15611,3326
DIVING,DIVING,8,15534,,34,5053,5068,5848,5869,5858,15534,5553
DENMARK,DENMARK,8,15525,,44,7976,10725,11965,10750,10670,13119,15525
ALGIERS,ALGIERS,8,15430,,179,14052,876,14821,14720,14705,11438,15430
SPINNING,SPINNING,8,15240,,92,100,543,4425,4428,4424,15240,3308
COMMUNION,COMMUNION,8,15156,,177,178,617,640,520,619,623,15156
LAPLAND,LAPLAND,8,15150,,7,5655,5541,6140,6157,6121,13526,15150
GUINEA,GUINEA,8,14902,,53,2702,14615,96,14902,14860,1131,1613
DANCE,DANCE,8,14758,,362,5130,1487,12728,14758,12714,4273,2394
GIBRALTAR,GIBRALTAR,8,14431,,112,1305,11633,13795,14431,12947,1251,3108
SYRIA,SYRIA,8,14409,,58,7303,6849,4220,4154,4189,8491,14409
PROPERTY,PROPERTY,8,14293,,65,4888,13072,14293,14291,13939,4381,330
SARDINIA,SARDINIA,8,14249,,47,299,481,476,476,476,5980,14249
CEYLON,CEYLON,8,13985,,68,867,1752,5542,5539,5528,9705,13985
DUNBAR,DUNBAR,8,13841,,12,30,95,96,96,88,13841,8430
DOMESTIC,DOMESTIC,8,13775,,45,45,1528,13775,1530,1531,1524,19
CANNON,CANNON,8,13349,,1057,185,237,239,237,5881,6034,13349
COMPOSITION,COMPOSITION,8,13193,,13193,1358,1932,1937,1930,1730,1500,377
NILE,NILE,8,13000,,159,427,13000,12891,12913,12301,5898,4822
RHODES,RHODES,8,12927,,24,12156,12927,12353,12900,12807,2828,2091
REFORMATION,REFORMATION,8,12688,,46,12478,12688,12655,12634,12650,12409,12383
INTEREST,INTEREST,8,12678,,2095,1815,1813,1826,1826,1831,11732,12678
FORT,FORT,8,12642,,48,96,6382,6407,6373,12642,10806,3026
SUGAR,SUGAR,8,12608,,1117,8125,11923,11931,12608,11883,9299,10934
PREDESTINATION,PREDESTINATION,8,12603,,111,174,12603,11882,12181,11457,2979,3031
DISTILLATION,DISTILLATION,8,12590,,476,6067,9777,6734,6734,12590,12449,7307
QUAKERS,QUAKERS,8,12552,,2094,1755,5344,5318,5276,5308,12187,12552
PARIS,PARIS,8,12279,,106,3063,4926,4473,4462,4453,12279,10897
BIBLE,BIBLE,8,12138,,6970,7178,9482,9386,9575,9037,10345,12138
BLOOD,BLOOD,8,11889,,540,11373,11885,11889,11796,11769,1978,1428
WALES,WALES,8,11663,,104,1702,1053,1056,1056,1061,11663,697
THERMOMETER,THERMOMETER,8,11520,,34,6700,10261,11520,3361,8032,8279,5612
BREVIARY,BREVIARY,8,11385,,11385,379,655,651,380,379,1980,493
FURIES,FURIES,8,11124,,118,186,156,94,156,112,109,11124
SERGEANT,SERGEANT,8,11086,,197,214,5386,775,553,11086,300,268
NUMIDIA,NUMIDIA,8,10861,,48,10841,10770,10847,10849,10861,9960,633
WINCHESTER,WINCHESTER,8,10616,,15,10616,444,447,455,448,1350,1037
SMOKE,SMOKE,8,10600,,8728,8826,10600,10469,10505,10339,8898,8549
FEBRUARY,FEBRUARY,8,10463,,86,87,106,10463,106,587,153,129
BORING,BORING,8,10318,,66,305,329,338,335,10318,7625,7301
FLAX,FLAX,8,10170,,4793,7214,7816,10170,10102,10154,28,2867
CHESS,CHESS,8,10000,,551,1113,4758,7925,7923,7918,9937,10000
NEWFOUNDLAND,NEWFOUNDLAND,8,9944,,93,908,1733,1720,1716,1716,9944,5840
COMET,COMET,8,9557,,30,216,205,205,205,205,5773,9557
ALEXANDRIA,ALEXANDRIA,8,9545,,58,365,366,7785,7856,7846,6079,9545
ANCHOR,ANCHOR,8,9320,,467,1087,1977,2050,2057,4459,8098,9320
GENEVA,GENEVA,8,9188,,116,1307,7340,8681,8694,9188,471,1258
DRUIDS,DRUIDS,8,9020,,204,1606,8803,8820,8800,8827,8982,9020
SYRACUSE,SYRACUSE,8,8968,,38,8583,8968,5498,5461,5493,5301,2539
BOS,BOS,8,8897,,2281,4197,8897,385,386,382,145,53
BAKING,BAKING,8,8847,,258,1006,670,1006,1006,1003,8847,5189
METHODISTS,METHODISTS,8,8686,,175,176,8596,8359,8686,7967,4403,4662
PROVIDENCE,PROVIDENCE,8,8628,,16,331,8628,8166,8101,7984,5284,718
READING,READING,8,8535,,26,7918,8506,8535,8499,8509,1227,915
SOCAGE,SOCAGE,8,8499,,25,352,8499,8491,8492,8496,805,296
LEATHER,LEATHER,8,8382,,3091,2719,2845,2940,2937,2939,779,8382
CAPE,CAPE,8,8304,,63,39,819,8304,50,50,42,508
DWARF,DWARF,8,8282,,89,589,1315,1344,1322,1323,8282,1193
HALL,HALL,8,8280,,126,517,683,538,602,602,5342,8280
NICARAGUA,NICARAGUA,8,8233,,53,156,156,156,156,156,2323,8233
MILK,MILK,8,8074,,604,3817,8064,5515,8074,8047,5880,1376
INQUISITION,INQUISITION,8,8059,,518,516,517,519,519,522,8059,6084
NUBIA,NUBIA,8,8053,,36,81,657,749,748,750,8053,2796
DROWNING,DROWNING,8,8029,,533,5939,8009,8029,8023,6492,3060,3441
NIGER,NIGER,8,7848,,59,426,881,453,453,451,7848,2941
DISTANCE,DISTANCE,8,7772,,84,104,134,156,156,158,7772,122
MADAGASCAR,MADAGASCAR,8,7708,,63,1901,7036,6315,6407,6421,6064,7708
CHARCOAL,CHARCOAL,8,7666,,53,2074,7666,1965,1963,1964,878,923
TUSCANY,TUSCANY,8,7600,,43,547,783,449,450,460,1770,7600
NINEVEH,NINEVEH,8,7480,,23,77,828,517,831,709,431,7480
GRANDEE,GRANDEE,8,7470,,43,43,95,93,7460,7470,87,45
PANAMA,PANAMA,8,7451,,41,621,803,804,802,801,7451,592
SACRIFICE,SACRIFICE,8,7447,,1050,4725,6858,7444,7447,6880,7288,284
EPISCOPACY,EPISCOPACY,8,7445,,73,139,6556,7445,7423,7426,5938,5931
VENICE,VENICE,8,7361,,115,7361,6723,3811,3799,3801,1734,1826
BANK,BANK,8,7255,,391,7200,7255,7232,7233,7213,57,54
DIVORCE,DIVORCE,8,7209,,35,136,846,1415,1420,1417,2082,7209
HASTINGS,HASTINGS,8,7185,,26,1038,1236,1233,1234,1237,7185,2319
ADMIRAL,ADMIRAL,8,7166,,247,1215,1230,1889,1736,2732,7166,3196
THEBES,THEBES,8,7128,,25,6719,560,7128,7097,534,6885,3583
BRASS,BRASS,8,7037,,144,1507,1697,1698,7037,5681,3690,2739
YORK,YORK,8,6983,,155,785,782,787,787,785,6983,1456
PATAGONIA,PATAGONIA,8,6853,,27,585,3261,3263,3264,2655,6853,3285
DOUGLAS,DOUGLAS,8,6828,,20,760,1572,1571,1572,1566,6485,6828
HEMP,HEMP,8,6812,,469,559,3399,3402,3408,6812,705,2435
GEORGIA,GEORGIA,8,6732,,79,2902,4280,4219,4355,4334,2240,6732
DIALOGUE,DIALOGUE,8,6720,,80,1621,2175,2178,32,2178,6720,1679
BRUTE,BRUTE,8,6697,,13,4110,6675,6479,6697,6465,6185,5922
KING,KING,8,6642,,1136,5289,6174,5912,5916,5911,6642,521
AIR,AIR,8,6622,,353,3939,6622,3188,3195,3183,1115,392
CHURCH,CHURCH,8,6552,,937,1016,6502,6509,6552,1646,846,148
SABBATH,SABBATH,8,6540,,297,686,6540,6500,5909,6533,5842,4717
MALACHI,MALACHI,8,6539,,118,117,117,116,6539,115,117,193
HAND,HAND,8,6484,,30,3406,558,6484,558,500,457,101
KENT,KENT,8,6460,,32,1586,1591,1799,1797,1787,3249,6460
PLASTER,PLASTER,8,6426,,241,911,6426,1661,1660,1661,885,33
BARRY,BARRY,8,6417,,119,1248,1250,1254,1254,5228,6417,4673
CASSIOPEIA,CASSIOPEIA,8,6408,,20,96,225,239,224,225,202,6408
TARTARY,TARTARY,8,6382,,77,5137,5643,2235,2221,2222,6382,153
SAW,SAW,8,6351,,76,5750,78,6351,4151,4136,1702,2802
ALPS,ALPS,8,6295,,12,493,2676,2933,1675,2943,6097,6295
PINUS,PINUS,8,6277,,80,1906,5741,6276,6276,6277,1544,89
CUBA,CUBA,8,6258,,55,1133,1111,1115,1111,1120,2824,6258
INK,INK,8,6242,,728,4182,6215,6053,6054,6055,6242,2130
CANDLE,CANDLE,8,6224,,1088,1376,2378,6224,6171,6080,1305,2477
SAXONY,SAXONY,8,6125,,76,2810,2830,2770,2784,2731,6125,4923
CULLEN,CULLEN,8,5990,,19,20,5990,5462,5465,5467,4030,2164
CONGRUITY,CONGRUITY,8,5987,,3006,3002,5987,3012,3083,3008,626,201
PALMYRA,PALMYRA,8,5958,,17,2155,5958,5921,5926,5880,5271,3331
TEMPLE,TEMPLE,8,5951,,38,264,5951,5804,5806,5944,5161,3368
BULL,BULL,8,5923,,1387,1512,5220,5923,5245,5249,1598,1090
QUADRANT,QUADRANT,8,5890,,44,5865,5890,5847,5845,5834,18,162
ABERRATION,ABERRATION,8,5857,,139,529,587,4399,3324,3325,5857,5838
CARSE,CARSE,8,5844,,24,122,122,122,122,122,5844,36
BAPTISM,BAPTISM,8,5838,,226,5519,5664,5838,5670,5703,5389,4761
HAT,HAT,8,5769,,927,1665,2036,5765,5768,5769,4097,4899
ANA,ANA,8,5715,,45,77,267,267,268,5694,5715,4505
BORNEO,BORNEO,8,5715,,171,598,661,664,663,2661,2635,5715
BELL,BELL,8,5622,,113,3595,4139,4537,4139,4140,2964,5622
CUNNINGHAM,CUNNINGHAM,8,5604,,30,30,1087,1128,1131,798,3821,5604
AURORA,AURORA,8,5562,,21,5562,186,2132,186,186,160,134
FLORIDA,FLORIDA,8,5548,,59,821,703,739,738,5548,4586,2520
CANON,CANON,8,5524,,707,3094,3596,3603,3601,3629,5524,5001
DIAMOND,DIAMOND,8,5522,,1011,4735,132,645,639,632,47,5522
CONGO,CONGO,8,5509,,66,5509,5321,8,5308,5345,2791,2506
MASON,MASON,8,5507,,148,284,5507,3485,909,848,690,298
DARIEN,DARIEN,8,5486,,18,283,5481,5486,5441,5441,4878,4486
DRAWBACK,DRAWBACK,8,5462,,1632,640,615,631,631,630,5462,43
ANDES,ANDES,8,5457,,41,2710,2711,2711,2144,5224,4653,5457
WATERFORD,WATERFORD,8,5457,,42,403,183,183,183,185,5457,4335
CREATION,CREATION,8,5405,,29,665,5362,5307,5405,5401,4177,100
CORK,CORK,8,5397,,65,1047,1643,1799,1784,2904,5026,5397
CANTON,CANTON,8,5353,,97,727,1771,3643,3641,3639,5353,3688
CALCULUS,CALCULUS,8,5327,,27,498,1948,5327,199,2500,464,554
RIGHT,RIGHT,8,5293,,16,148,5195,1737,5293,4666,103,123
AZORES,AZORES,8,5290,,36,68,68,34,70,5290,2995,2902
KNIGHT,KNIGHT,8,5279,,750,492,339,5177,5239,5279,1676,296
PEGU,PEGU,8,5254,,25,4898,5254,3581,3587,3581,3164,552
COMPASS,COMPASS,8,5244,,89,1039,3671,5214,5244,5216,73,80
HEBRIDES,HEBRIDES,8,5238,,18,5238,5096,5090,5013,4508,3619,3233
AMMONIAC,AMMONIAC,8,5171,,73,533,709,686,631,5091,5171,4605
MOSCOW,MOSCOW,8,5166,,28,1807,4077,3832,3829,3878,1539,5166
SLIGO,SLIGO,8,5153,,32,117,119,117,107,107,5153,4750
ZURICH,ZURICH,8,5124,,91,949,5124,752,753,752,994,1473
MARYLAND,MARYLAND,8,5075,,22,641,1736,1745,1746,1722,5075,2354
LONDONDERRY,LONDONDERRY,8,5050,,29,681,678,707,705,497,5050,3635
COMPARISON,COMPARISON,8,5000,,4489,4920,4995,5000,4998,4910,2317,2943
PEARL,PEARL,8,4997,,1226,1432,4997,1257,1257,1234,565,1057
COLUMBUS,COLUMBUS,8,4985,,22,3026,3024,3031,3034,3030,4715,4985
CANCER,CANCER,8,4910,,233,4877,4910,245,280,241,121,142
KILKENNY,KILKENNY,8,4886,,61,1357,1119,1116,1115,1120,3588,4886
COMPLEXION,COMPLEXION,8,4883,,21,48,389,4879,4831,4883,4129,3395
WOOD,WOOD,8,4876,,53,4863,4601,4876,4849,4853,2960,272
CHARACTER,CHARACTER,8,4834,,1258,3336,3645,4506,4834,3875,587,3339
FENCING,FENCING,8,4804,,22,349,335,271,338,338,4799,4804
FILTER,FILTER,8,4797,,52,7,2177,2591,1747,1754,4024,4797
CHRONICLE,CHRONICLE,8,4760,,58,276,4167,4759,4760,4514,24,16
TURNING,TURNING,8,4745,,25,25,4686,4259,4264,4256,4745,2202
BLACK,BLACK,8,4731,,1538,1622,1478,4702,4731,4687,4347,4312
CYCLOID,CYCLOID,8,4694,,106,141,4694,204,204,204,171,202
WEXFORD,WEXFORD,8,4678,,53,190,146,148,147,142,4678,4624
HANOVER,HANOVER,8,4670,,44,624,1071,1080,1080,4155,4670,4153
HULL,HULL,8,4648,,93,68,76,77,78,77,4648,1412
BERWICK,BERWICK,8,4631,,64,1014,664,1625,1537,1628,3357,4631
COUNT,COUNT,8,4607,,68,252,1181,4607,1183,1185,1031,970
COOPER,COOPER,8,4587,,39,1484,3853,4587,4584,4585,3380,4044
PERGAMUS,PERGAMUS,8,4575,,16,4452,4559,4438,4575,4445,3298,1876
DIVISION,DIVISION,8,4547,,26,779,4547,834,831,832,662,170
FORESTALLING,FORESTALLING,8,4545,,129,129,129,130,130,130,39,4545
AMSTERDAM,AMSTERDAM,8,4517,,153,2502,4477,4517,4513,4514,1031,2354
ABACUS,ABACUS,8,4478,,340,579,466,632,695,697,4478,4478
NOBILITY,NOBILITY,8,4456,,103,1290,44,4456,4451,4455,1944,1802
MILAN,MILAN,8,4452,,19,4192,4388,4451,1336,4452,3259,4057
NORWICH,NORWICH,8,4449,,33,1197,1417,1424,1430,1328,4265,4449
CARPET,CARPET,8,4411,,185,181,182,182,182,182,2527,4411
LYDIA,LYDIA,8,4408,,13,387,4358,4358,4359,4359,4408,3406
EXPLOSION,EXPLOSION,8,4396,,49,31,4391,4371,4396,4376,1839,2355
ANTRIM,ANTRIM,8,4387,,41,337,491,519,520,2256,2493,4387
POLYGAMY,POLYGAMY,8,4371,,141,142,4360,4371,4364,4365,3952,283
DUMFRIES,DUMFRIES,8,4344,,26,297,1165,1516,1272,2502,4344,2120
ROSCOMMON,ROSCOMMON,8,4298,,15,657,1036,1019,1053,1056,3560,4298
VIENNA,VIENNA,8,4295,,38,1361,567,562,563,450,4295,2813
PHILADELPHIA,PHILADELPHIA,8,4250,,45,368,3805,1060,4192,4250,163,3464
DUNDEE,DUNDEE,8,4178,,32,768,4178,1833,2322,2306,544,2061
BLASTING,BLASTING,8,4162,,20,20,81,83,84,4153,4162,4128
DAMPS,DAMPS,8,4124,,116,2563,4124,3958,3959,3957,973,905
APPARATUS,APPARATUS,8,4054,,25,19,115,4045,16,4054,44,42
GAGE,GAGE,8,4045,,1016,2458,4045,4012,3989,3943,335,164
ANGLE,ANGLE,8,4008,,56,66,57,108,56,3770,4008,1326
CAROLINA,CAROLINA,8,3986,,123,1934,1540,1538,1541,1717,1592,3986
DURHAM,DURHAM,8,3973,,41,1800,1949,1971,1971,2986,3378,3973
DOWN,DOWN,8,3948,,27,377,594,3187,604,2713,3948,3889
LEYDEN,LEYDEN,8,3947,,17,387,405,388,427,389,3947,1838
LISBON,LISBON,8,3944,,71,632,632,636,635,628,1748,3944
AREOPAGUS,AREOPAGUS,8,3878,,355,3878,3855,3316,3855,3835,111,28
CORVUS,CORVUS,8,3861,,696,2588,3861,193,192,236,327,536
PORTSMOUTH,PORTSMOUTH,8,3813,,44,578,734,728,936,719,3097,3813
CONDE,CONDE,8,3810,,30,3758,3783,3810,3808,3810,3516,2910
CLACKMANNAN,CLACKMANNAN,8,3788,,51,205,210,271,247,267,3788,392
GENOA,GENOA,8,3787,,85,3028,2635,3260,3266,3280,791,3787
QUEBEC,QUEBEC,8,3780,,33,552,551,553,556,557,3780,1370
ARRAN,ARRAN,8,3773,,14,3773,1461,1933,1937,1940,454,1408
NOVARA,NOVARA,8,3765,,15,35,130,130,130,132,108,3765
AMBROSE,AMBROSE,8,3763,,43,1378,1382,3752,3763,3755,3672,3389
NORTHUMBERLAND,NORTHUMBERLAND,8,3760,,47,1343,926,1388,1390,1202,3760,2263
NEWCASTLE,NEWCASTLE,8,3732,,50,727,3732,1489,1545,1541,125,105
GILDING,GILDING,8,3721,,1834,3667,3672,3684,3694,3682,3422,3721
MODENA,MODENA,8,3717,,52,529,537,550,550,564,1114,3717
ANGEL,ANGEL,8,3688,,178,2475,3688,3486,3661,3535,663,403
ORACLE,ORACLE,8,3660,,303,2070,3631,3636,3660,3639,3451,1393
FORFAR,FORFAR,8,3609,,36,218,1349,3609,737,3360,3554,320
FORMICA,FORMICA,8,3597,,1601,3597,1513,248,247,248,133,6
BOSTON,BOSTON,8,3590,,97,508,536,537,537,559,787,3590
VARNISH,VARNISH,8,3589,,1445,2089,3328,3588,3589,3537,1920,2556
AGE,AGE,8,3588,,245,1051,1196,1199,917,1199,1065,3588
DISTRESS,DISTRESS,8,3578,,27,311,308,3203,3578,3573,2998,384
CLERGY,CLERGY,8,3576,,203,3566,3576,3567,3567,3563,3180,241
CASTLE,CASTLE,8,3562,,108,369,2883,3545,3139,3562,2580,2247
CROSS,CROSS,8,3552,,478,948,2480,3186,3188,3190,2162,3552
GYMNASTICS,GYMNASTICS,8,3550,,14,35,680,682,681,695,3550,1891
WORCESTER,WORCESTER,8,3547,,27,515,527,1412,1407,1410,1434,3547
PARK,PARK,8,3515,,16,3501,3497,3378,3515,3511,85,1403
CORPORAL,CORPORAL,8,3489,,66,3489,271,268,268,268,164,158
CHELTENHAM,CHELTENHAM,8,3449,,37,37,38,38,38,38,181,3449
CUMBERLAND,CUMBERLAND,8,3434,,33,428,435,433,395,3246,175,3434
STAMFORD,STAMFORD,8,3426,,16,65,65,66,67,67,182,3426
SUTHERLAND,SUTHERLAND,8,3419,,32,600,606,556,468,556,2906,3419
ACT,ACT,8,3416,,301,2535,3416,2919,2925,2936,2607,2629
BILL,BILL,8,3412,,838,3218,3410,3410,3407,3412,2578,560
FULLER,FULLER,8,3400,,28,865,861,2036,326,2627,841,3400
MINORCA,MINORCA,8,3388,,33,3333,3350,3386,3383,3388,953,847
MODEL,MODEL,8,3387,,90,147,3387,3261,3258,3258,2819,1048
LOG,LOG,8,3346,,38,273,3346,2994,2076,2970,577,230
COLOUR,COLOUR,8,3330,,2623,3330,2935,2925,1730,2935,2856,2708
GUARD,GUARD,8,3319,,658,2227,2257,3319,2377,2263,1667,901
STIRLING,STIRLING,8,3292,,27,3292,2193,2192,2195,2194,2161,1830
MONTREAL,MONTREAL,8,3289,,40,231,898,515,519,509,1300,3289
RACK,RACK,8,3263,,249,1689,548,657,659,659,3263,1447
DANUBE,DANUBE,8,3240,,39,168,193,191,191,192,290,3240
GALL,GALL,8,3233,,342,1010,1191,1193,1195,1194,2982,3233
CHALK,CHALK,8,3227,,272,3227,1398,1388,1387,1387,354,269
EXORCISM,EXORCISM,8,3224,,211,3224,314,313,313,313,303,527
ANABAPTISTS,ANABAPTISTS,8,3217,,489,3217,1269,1817,1817,1819,1785,1785
NORFOLK,NORFOLK,8,3206,,45,569,1626,607,1620,564,3206,2788
TAPESTRY,TAPESTRY,8,3191,,47,1438,2025,2029,2026,2026,2010,3191
ALLIGATION,ALLIGATION,8,3173,,3173,1835,1643,1660,1604,1673,1238,1221
DAMASCUS,DAMASCUS,8,3165,,32,810,815,814,813,1003,2979,3165
BERKSHIRE,BERKSHIRE,8,3164,,31,336,693,691,691,3164,1187,1574
ACRE,ACRE,8,3155,,368,411,1187,1266,1364,1376,3155,2556
DAPHNE,DAPHNE,8,3140,,55,682,3140,873,441,874,237,467
FORMOSA,FORMOSA,8,3137,,34,33,3137,3109,3108,162,399,408
COUNCIL,COUNCIL,8,3104,,582,3104,1299,1297,1301,1302,1137,441
MUSA,MUSA,8,3104,,55,2259,3104,549,548,547,464,1124
AMPHITHEATRE,AMPHITHEATRE,8,3076,,270,184,585,3002,2997,3076,2758,2787
WHIST,WHIST,8,3071,,15,16,3055,3071,3059,3060,14,15
ACCENT,ACCENT,8,3060,,276,1243,1262,3011,3026,3020,3060,1722
COACH,COACH,8,3053,,26,668,1004,48,48,1480,3053,2672
SECTOR,SECTOR,8,3047,,152,2338,2883,3047,3029,3042,608,398
DEVONSHIRE,DEVONSHIRE,8,3037,,48,199,216,215,217,2777,3037,3021
COMMISSARY,COMMISSARY,8,3001,,193,192,236,174,3001,215,44,853
AQUA,AQUA,8,2998,,1685,2073,2015,2707,2707,290,159,2998
CHAPTER,CHAPTER,8,2998,,168,169,170,181,181,177,2998,149
SUSSEX,SUSSEX,8,2987,,40,504,570,569,572,567,1528,2987
BARK,BARK,8,2983,,71,1278,671,1124,1211,2983,88,369
BRINDISI,BRINDISI,8,2952,,28,59,2952,1654,1651,1652,89,153
LEWIS,LEWIS,8,2942,,27,2942,2644,2598,2598,2601,1913,2870
BUTTER,BUTTER,8,2934,,798,1020,2934,719,715,715,133,169
PROPORTION,PROPORTION,8,2931,,28,76,1002,1133,668,669,2931,75
BORAX,BORAX,8,2924,,150,238,2924,379,379,379,162,162
SIDON,SIDON,8,2920,,29,97,765,474,551,475,43,2920
HABEAS_CORPUS,HABEAS CORPUS,8,2915,,469,2911,2915,2196,2907,2914,1719,1856
AMPHIBIA,AMPHIBIA,8,2906,,46,2878,2868,2889,2906,2897,1075,1082
ABBOT,ABBOT,8,2882,,225,2571,2735,2494,2120,2522,2808,2882
HAMPSHIRE,HAMPSHIRE,8,2844,,89,432,1913,1694,1915,2551,2519,2844
CAMBRIDGE,CAMBRIDGE,8,2841,,87,754,2798,2840,2841,2826,932,816
ACTION,ACTION,8,2832,,210,2832,1091,1075,1075,1092,1043,681
CORINTH,CORINTH,8,2819,,27,1223,2208,2209,2202,2212,2036,2819
HERMAPHRODITE,HERMAPHRODITE,8,2800,,75,1636,1820,2800,1989,1989,257,75
WICKLOW,WICKLOW,8,2795,,38,792,112,117,116,117,2701,2795
SAIL,SAIL,8,2790,,36,1010,1371,2786,1380,2790,820,331
TENURE,TENURE,8,2767,,358,1924,2767,2766,2762,2761,170,170
BARROW,BARROW,8,2749,,18,18,1122,1265,1265,1269,1089,2749
MUNICH,MUNICH,8,2744,,27,102,573,614,616,605,513,2744
MIDDLESEX,MIDDLESEX,8,2735,,65,266,267,328,327,321,2735,2603
HAWKING,HAWKING,8,2733,,9,2733,2597,2601,2596,2598,2691,2694
ALEPPO,ALEPPO,8,2715,,70,660,2715,2708,2704,2709,2261,951
DECLAMATION,DECLAMATION,8,2712,,76,2712,2702,2697,2701,2700,1958,13
CAPRICORN,CAPRICORN,8,2695,,40,143,143,141,142,142,144,2695
FUNCTION,FUNCTION,8,2694,,184,181,181,2632,260,2694,75,75
SOAP,SOAP,8,2692,,184,1346,2692,2580,2677,2679,1303,2466
MONAGHAN,MONAGHAN,8,2681,,36,125,197,159,159,160,2681,2251
PARASITE,PARASITE,8,2654,,136,136,136,138,137,138,140,2654
LEPROSY,LEPROSY,8,2648,,34,38,196,192,192,193,187,2648
ADOPTION,ADOPTION,8,2647,,29,361,1386,1351,2647,1352,1259,1059
ANDREW,ANDREW,8,2636,,193,149,2636,472,472,473,314,339
COPENHAGEN,COPENHAGEN,8,2633,,41,580,1133,1095,555,562,512,2633
BROKER,BROKER,8,2627,,714,705,1258,1074,1258,2627,153,513
ETCHING,ETCHING,8,2619,,925,2619,2539,2258,2262,2262,2600,28
GRANARY,GRANARY,8,2613,,122,123,2613,2610,2607,2613,1913,1500
SOMERSETSHIRE,SOMERSETSHIRE,8,2611,,34,480,746,489,487,484,2186,2611
AMBER,AMBER,8,2571,,265,12,2569,2571,2566,2553,1866,1752
CORRECTION,CORRECTION,8,2561,,27,28,250,2561,1990,1941,484,1347
MALABAR,MALABAR,8,2560,,40,72,72,82,82,82,2560,2516
COMPASSES,COMPASSES,8,2553,,97,840,2553,2495,2314,2540,1158,1033
MOSAIC,MOSAIC,8,2549,,1625,1692,1906,2296,2549,2546,107,153
SEVILLE,SEVILLE,8,2545,,23,875,1856,1866,1866,1830,2545,2007
MODULATION,MODULATION,8,2541,,13,2541,2535,147,147,147,111,103
FASTI,FASTI,8,2534,,21,128,623,2530,2534,2529,637,620
BRISTOL,BRISTOL,8,2530,,509,1373,1824,1836,1833,1831,1002,2530
FOREST,FOREST,8,2527,,220,1763,1910,1921,2527,1939,827,659
GARTER,GARTER,8,2527,,1280,1374,1784,1810,1935,2527,1700,1169
MONTGOMERY,MONTGOMERY,8,2512,,16,111,1534,106,109,109,121,2512
EARING,EARING,8,2502,,65,64,63,144,131,2502,65,169
FAST,FAST,8,2486,,21,2486,1134,1139,1140,1139,1145,975
MYRRH,MYRRH,8,2465,,201,171,2465,247,242,242,237,270
TRIPOLI,TRIPOLI,8,2454,,85,396,892,601,595,585,258,2454
COLLEGE,COLLEGE,8,2451,,1655,1662,474,2451,2446,2445,1577,2363
SAMARITANS,SAMARITANS,8,2451,,205,575,2322,2321,2337,2451,1309,668
PUNCH,PUNCH,8,2444,,38,130,130,130,2444,130,2254,113
DRAGON,DRAGON,8,2437,,117,139,2383,2437,566,2388,205,333
MOLDAVIA,MOLDAVIA,8,2435,,12,166,166,165,165,161,576,2435
ACCELERATION,ACCELERATION,8,2434,,55,56,1196,1278,1279,1279,2434,1953
ACCIDENT,ACCIDENT,8,2430,,100,271,268,268,268,268,2430,114
AGENT,AGENT,8,2429,,152,82,263,261,261,261,193,2429
GUM,GUM,8,2414,,316,2414,1881,449,448,339,182,936
LEE,LEE,8,2400,,141,674,2400,1316,1315,1322,606,457
PHILIPPI,PHILIPPI,8,2390,,18,825,824,828,829,829,2390,226
CHESHIRE,CHESHIRE,8,2388,,36,452,369,371,373,370,2388,1381
ILCHESTER,ILCHESTER,8,2381,,15,62,181,195,188,2381,143,73
MARGATE,MARGATE,8,2358,,14,28,2358,141,141,139,248,443
GRAVESEND,GRAVESEND,8,2343,,19,263,461,460,446,2343,287,331
LANDEN,LANDEN,8,2341,,45,43,2291,2341,2339,2339,2053,298
MUNSTER,MUNSTER,8,2339,,132,715,700,585,586,583,1783,2339
ISAIAH,ISAIAH,8,2317,,208,255,252,252,252,252,309,2317
SERVIA,SERVIA,8,2316,,35,105,105,105,105,105,109,2316
DATIVE,DATIVE,8,2308,,56,85,85,85,85,85,2308,79
TUNIS,TUNIS,8,2303,,83,692,685,688,686,692,223,2303
LOIRE,LOIRE,8,2288,,28,27,27,27,27,27,2288,1468
STERLING,STERLING,8,2280,,54,104,81,88,87,81,79,2280
APPEAL,APPEAL,8,2279,,96,1447,1447,1454,1453,1451,84,2279
QUARTER,QUARTER,8,2274,,234,1350,2274,992,1008,989,355,204
BILLIARDS,BILLIARDS,8,2260,,50,49,2251,2260,2244,2256,1143,1488
SHANNON,SHANNON,8,2258,,87,97,248,2258,248,248,186,769
GLADIATORS,GLADIATORS,8,2257,,917,919,2233,2232,2232,2257,1767,1181
ECHO,ECHO,8,2253,,26,2253,160,1645,1646,1646,1189,582
ACADEMICS,ACADEMICS,8,2243,,2243,570,569,572,572,572,430,430
LONGFORD,LONGFORD,8,2221,,54,184,588,570,580,585,2221,1595
EXETER,EXETER,8,2218,,25,214,2189,2201,2202,2218,442,885
COMITIA,COMITIA,8,2209,,184,2205,2208,2206,2209,2207,1834,2202
BOAT,BOAT,8,2202,,8,1200,2202,982,981,983,480,526
BEAD,BEAD,8,2197,,108,572,990,2197,656,1408,212,259
INDICTMENT,INDICTMENT,8,2184,,23,1733,46,31,31,2184,74,91
MALTON,MALTON,8,2184,,20,54,54,56,58,61,1907,2184
PEAT,PEAT,8,2163,,10,253,2163,694,695,695,406,1947
GLOBE,GLOBE,8,2156,,36,627,2156,222,196,196,137,45
MORTMAIN,MORTMAIN,8,2142,,21,2142,1899,2136,2136,2138,2011,1708
SUFFOLK,SUFFOLK,8,2139,,43,437,441,437,487,431,1547,2139
REGULUS,REGULUS,8,2127,,30,1645,2127,565,569,570,434,177
ABERDEEN,ABERDEEN,8,2119,,411,1159,1882,1895,1898,2045,2119,656
MOSELLE,MOSELLE,8,2109,,29,29,29,39,39,52,466,2109
BUXTON,BUXTON,8,2107,,181,2107,1508,1507,1506,1508,797,847
MADRID,MADRID,8,2107,,24,522,1182,1296,1182,1176,1411,2107
BAGPIPE,BAG-PIPE,8,2100,,126,1495,2090,2061,2100,2060,1077,1027
FLORENCE,FLORENCE,8,2099,,73,2099,1434,1442,1445,1444,451,1565
PRAGUE,PRAGUE,8,2097,,34,845,969,1017,973,631,521,2097
MEZZOTINTO,MEZZOTINTO,8,2090,,268,265,2082,2090,2089,2086,2035,482
OMEN,OMEN,8,2084,,205,206,1477,2051,2084,2070,783,866
CANTO,CANTO,8,2069,,39,35,2069,133,134,195,36,20
LENT,LENT,8,2056,,97,367,366,367,368,2056,372,66
DRAKE,DRAKE,8,2055,,9,2047,2046,2035,2055,2048,1856,1439
HARP,HARP,8,2046,,22,1677,2039,2034,2046,2036,802,113
BARONET,BARONET,8,2042,,106,576,1386,2042,738,1500,655,644
CAIRO,CAIRO,8,2039,,89,2039,2038,1964,1962,1961,1210,1349
FOSSIL,FOSSIL,8,2000,,53,318,897,2000,428,735,136,106
CROWN,CROWN,8,1998,,1186,799,1998,1100,970,1352,701,1001
GRACE,GRACE,8,1996,,146,1756,1991,1996,1747,1738,1146,26
GRISONS,GRISONS,8,1986,,49,849,1966,1963,1963,1986,444,671
BENCH,BENCH,8,1975,,160,621,1975,778,777,776,597,722
ALTAR,ALTAR,8,1968,,959,819,1450,1456,1458,1504,1241,1968
OLDENBURG,OLDENBURG,8,1954,,20,413,936,937,937,951,684,1954
GLAMORGANSHIRE,GLAMORGANSHIRE,8,1950,,23,208,393,396,396,1950,1849,1204
CASTOR,CASTOR,8,1943,,1760,1807,1943,320,449,661,456,844
ARTEMISIA,ARTEMISIA,8,1941,,106,1407,1941,359,359,359,227,236
CONSANGUINITY,CONSANGUINITY,8,1932,,49,1533,1932,1574,1334,1605,167,1740
BADEN,BADEN,8,1922,,68,1017,881,1008,1010,496,357,1922
DUCTILITY,DUCTILITY,8,1919,,28,268,268,1919,892,892,269,211
FACTOR,FACTOR,8,1907,,1585,896,1020,894,1907,1907,101,33
ANNE,ANNE,8,1899,,41,159,160,1152,453,1151,141,1899
CONCLUSION,CONCLUSION,8,1894,,28,28,28,28,28,28,1894,12
MONTSERRAT,MONTSERRAT,8,1892,,54,527,1477,1226,1219,1217,1892,521
FOOT,FOOT,8,1891,,247,265,697,281,1891,280,208,1430
MALACCA,MALACCA,8,1890,,70,1129,1128,1202,1203,1197,1837,1890
OLYMPIA,OLYMPIA,8,1874,,18,300,1872,1874,1874,1874,794,661
MEDINA,MEDINA,8,1859,,98,208,363,348,348,348,1859,1631
SPINET,SPINET,8,1859,,15,412,412,412,413,413,41,1859
SMYRNA,SMYRNA,8,1847,,41,311,921,924,924,921,1847,1312
BARON,BARON,8,1842,,374,792,1842,1787,1812,1793,1522,1498
ANTIPATHY,ANTIPATHY,8,1841,,27,1594,1659,1608,1841,1606,664,786
LISLE,LISLE,8,1840,,30,491,489,1750,1838,1840,1635,94
BOOM,BOOM,8,1838,,91,67,67,66,1838,66,65,59
BUTCHER,BUTCHER,8,1832,,582,311,1832,364,359,360,85,53
MINSTREL,MINSTREL,8,1830,,15,1826,1828,1830,1828,1829,1740,1479
NOTO,NOTO,8,1815,,23,74,78,1815,75,75,121,102
DELPHINUS,DELPHINUS,8,1814,,303,1454,1814,41,44,43,29,29
ANALOGY,ANALOGY,8,1810,,234,178,1803,1810,1803,1804,704,40
FEZ,FEZ,8,1807,,32,697,1741,1741,1311,1750,1807,873
BRUSSELS,BRUSSELS,8,1791,,59,608,609,610,607,603,364,1791
ANALYSIS,ANALYSIS,8,1782,,208,415,730,1782,730,729,233,149
NICE,NICE,8,1782,,41,226,1004,1782,1012,1776,242,1072
BEAT,BEAT,8,1781,,190,232,531,1781,602,1781,528,139
ALBINOS,ALBINOS,8,1770,,59,57,1745,1770,1767,1770,1770,1706
HERESY,HERESY,8,1757,,15,1746,1757,1757,1057,1756,1568,1483
MADURA,MADURA,8,1754,,51,1683,1754,90,1231,213,1541,1479
SILESIA,SILESIA,8,1749,,41,1749,1062,1031,1032,1030,1472,1185
BED,BED,8,1746,,202,1106,1159,1746,1515,1167,923,388
CALIBER,CALIBER,8,1731,,103,247,1731,1727,170,167,54,227
HAMILTON,HAMILTON,8,1725,,27,724,901,1193,592,1099,390,1725
OPIUM,OPIUM,8,1720,,779,696,1720,37,37,37,34,1487
BEAUMONT,BEAUMONT,8,1715,,60,1714,1715,1711,1711,1710,90,135
GREEN,GREEN,8,1715,,189,373,647,243,1715,31,261,21
ALLEGIANCE,ALLEGIANCE,8,1710,,45,1710,633,1450,1446,1451,1456,1102
ANTWERP,ANTWERP,8,1705,,43,1679,1695,1704,1705,1688,497,1333
LORD,LORD,8,1687,,80,1466,1687,1675,1674,1672,792,128
CLERK,CLERK,8,1685,,78,1685,1672,1683,1668,1667,286,1625
TRADITION,TRADITION,8,1683,,39,31,61,1683,62,1678,60,61
AGINCOURT,AGINCOURT,8,1680,,23,31,1671,1674,1672,1680,877,887
FOUNTAIN,FOUNTAIN,8,1677,,76,58,147,145,1677,144,125,339
TENEDOS,TENEDOS,8,1674,,28,268,406,1075,408,1674,85,125
COIN,COIN,8,1666,,82,1666,1517,1580,1610,1575,462,455
CAP,CAP,8,1663,,260,348,891,1575,1663,1659,722,534
CLEF,CLEF,8,1655,,42,1655,1644,1650,1651,1650,374,50
INVERNESS,INVERNESS,8,1646,,28,289,251,1637,1646,257,643,716
ALLEGORY,ALLEGORY,8,1644,,462,408,409,409,392,1644,201,230
CANKER,CANKER,8,1644,,66,1136,73,1644,1598,1639,20,152
IMPEACHMENT,IMPEACHMENT,8,1639,,11,100,100,100,100,100,100,1639
CIRCUS,CIRCUS,8,1626,,117,116,670,670,671,670,514,1626
CHAIN,CHAIN,8,1615,,211,711,1615,180,1043,1042,162,57
CARDINAL,CARDINAL,8,1607,,504,512,1587,1593,1590,1593,1607,1526
LAWN,LAWN,8,1592,,12,348,347,353,353,353,20,1592
HORN,HORN,8,1590,,44,1156,1151,1114,1590,1112,96,504
BRUNSWICK,BRUNSWICK,8,1589,,90,478,1580,1573,1573,1589,217,1394
SAONE,SAONE,8,1572,,15,35,35,35,35,218,361,1572
PARADISE,PARADISE,8,1563,,178,220,1551,1562,1562,1563,460,206
MARSHAL,MARSHAL,8,1562,,162,450,1177,1073,1073,1562,194,183
TEMPLARS,TEMPLARS,8,1561,,258,258,1561,1043,1042,1043,1038,414
CIRCLE,CIRCLE,8,1557,,199,552,908,878,1557,880,479,457
DROGHEDA,DROGHEDA,8,1549,,12,336,336,337,342,292,1175,1549
MAY,MAY,8,1547,,28,567,780,1547,785,31,486,1101
GILL,GILL,8,1546,,11,11,1546,1504,1506,1504,1097,421
BERLIN,BERLIN,8,1535,,46,1419,1534,1535,1534,1533,479,1474
EXCOMMUNICATION,EXCOMMUNICATION,8,1528,,1282,1528,1271,848,847,1272,827,933
DIPPING,DIPPING,8,1522,,30,34,1514,1509,1510,1522,361,222
HELIX,HELIX,8,1522,,769,636,1522,149,146,149,94,70
SCIO,SCIO,8,1522,,62,293,507,511,509,510,1522,861
PALATINATE,PALATINATE,8,1519,,8,822,1492,732,1517,1519,29,96
MALAGA,MALAGA,8,1513,,29,71,273,275,274,275,1146,1513
HYPERBOLE,HYPERBOLE,8,1511,,1463,1466,1466,1511,1468,1318,279,612
ASCENSION,ASCENSION,8,1499,,148,1474,1473,1476,1499,1478,308,434
ARGOS,ARGOS,8,1498,,26,152,642,645,1498,1497,26,359
MIDDLEBURG,MIDDLEBURG,8,1497,,21,1495,1381,1496,1496,1497,363,146
CADIZ,CADIZ,8,1495,,166,262,1376,1382,1381,1390,1067,1495
ESSENES,ESSENES,8,1494,,222,72,222,214,212,222,198,1494
CATACOMB,CATACOMB,8,1476,,79,1438,1476,1446,1476,1447,849,558
QUADRATURE,QUADRATURE,8,1475,,62,83,1475,325,325,324,323,301
CHARGE,CHARGE,8,1457,,36,304,1457,625,624,543,87,17
ADHESION,ADHESION,8,1456,,41,66,63,84,64,1456,1406,1454
EUPHRATES,EUPHRATES,8,1449,,59,508,478,161,452,452,529,1449
LIMA,LIMA,8,1438,,30,579,580,863,859,863,1191,1438
DRESDEN,DRESDEN,8,1435,,50,674,892,574,899,901,511,1435
BARRACKS,BARRACKS,8,1434,,11,68,68,68,68,1414,1434,598
ABRUZZO,ABRUZZO,8,1429,,31,76,1000,967,964,964,742,1429
CALAIS,CALAIS,8,1428,,23,205,1387,1428,1425,1426,432,618
CATAPULTA,CATAPULTA,8,1425,,84,981,1421,1425,1425,1423,248,289
BRANDENBURG,BRANDENBURG,8,1418,,43,1072,1418,1077,1078,1080,405,444
DIVINATION,DIVINATION,8,1410,,208,1410,1383,1374,1409,1404,1409,641
HADDINGTON,HADDINGTON,8,1405,,10,39,39,357,848,750,925,1405
BERME,BERME,8,1402,,65,65,1402,65,65,65,64,54
AZIMUTH,AZIMUTH,8,1401,,266,1401,1400,258,257,258,113,112
BULB,BULB,8,1398,,81,1010,251,1015,1398,1015,40,56
LEON,LEON,8,1394,,93,424,421,379,379,421,1375,1394
MONTROSE,MONTROSE,8,1384,,88,98,151,164,165,164,1384,1265
GUAM,GUAM,8,1382,,41,61,1382,1382,1381,1381,264,100
PIEDMONT,PIEDMONT,8,1382,,68,435,1375,1382,1381,1372,676,403
WILTSHIRE,WILTSHIRE,8,1381,,30,235,402,235,235,234,1381,1108
SANDWICH,SANDWICH,8,1377,,29,139,110,108,1377,117,219,292
CANTICLES,CANTICLES,8,1376,,46,470,463,464,464,464,471,1376
PALLIUM,PALLIUM,8,1372,,60,256,259,259,259,219,1372,625
CONCEPTION,CONCEPTION,8,1371,,76,302,1368,1369,1371,1362,317,138
FORM,FORM,8,1365,,135,172,1172,1365,1173,1173,859,726
SUEZ,SUEZ,8,1358,,34,555,1272,1244,1248,1245,914,1358
WEST,WEST,8,1337,,48,473,520,521,521,521,554,1337
LINCOLN,LINCOLN,8,1331,,21,566,1148,849,1331,1138,274,735
OSTRACISM,OSTRACISM,8,1330,,53,1304,1330,1304,1304,1304,1091,1317
LOUIS,LOUIS,8,1328,,83,1089,108,107,108,27,83,1328
BRUGES,BRUGES,8,1321,,46,743,737,857,742,666,177,1321
ARIANO,ARIANO,8,1315,,28,25,302,94,94,1315,15,43
SONG,SONG,8,1309,,39,46,1064,1309,1237,1272,105,105
ALIEN,ALIEN,8,1308,,80,385,426,428,430,431,182,1308
GENIUS,GENIUS,8,1303,,215,1201,1201,1202,1204,1303,262,754
ESDRAS,ESDRAS,8,1302,,29,111,112,113,113,113,120,1302
ROCHESTER,ROCHESTER,8,1298,,19,41,916,1147,1145,919,994,1298
FAITH,FAITH,8,1289,,145,262,755,414,415,1289,293,139
ALABASTER,ALABASTER,8,1287,,285,286,1287,690,657,692,689,269
LUCCA,LUCCA,8,1286,,27,268,282,308,285,306,519,1286
ALBIGENSES,ALBIGENSES,8,1282,,74,1282,1067,1071,1070,1068,947,795
THAMES,THAMES,8,1275,,123,361,1248,1275,1249,1247,312,883
PARCHMENT,PARCHMENT,8,1271,,412,682,508,551,551,551,545,1271
ARANJUEZ,ARANJUEZ,8,1267,,24,112,1267,1267,1267,1264,277,200
PIPE,PIPE,8,1267,,17,219,1267,784,787,1183,453,300
EBIONITES,EBIONITES,8,1260,,187,235,694,695,1260,693,674,201
SCHWEINFURT,SCHWEINFURT,8,1258,,58,82,81,85,85,93,85,1258
FONT,FONT,8,1251,,19,1229,1247,1249,1251,1248,34,72
DEE,DEE,8,1250,,16,1168,1238,1250,1240,1240,1124,990
TRINIDAD,TRINIDAD,8,1250,,63,95,102,111,111,111,496,1250
PULSE,PULSE,8,1243,,270,859,735,860,1243,1243,733,169
CRITICISM,CRITICISM,8,1241,,1241,1240,1045,1230,1231,1229,149,47
ARUNDEL,ARUNDEL,8,1240,,40,1032,878,332,1071,875,95,1240
FALCONER,FALCONER,8,1234,,15,441,536,421,421,421,1234,962
PAULICIANS,PAULICIANS,8,1234,,53,51,693,690,691,701,575,1234
COLUMN,COLUMN,8,1230,,87,1168,1166,1168,1230,1167,1152,821
COMPOUND,COMPOUND,8,1228,,75,1228,243,244,244,244,205,163
BARCELONA,BARCELONA,8,1227,,45,1227,1225,1222,1226,1217,349,1072
BELFAST,BELFAST,8,1224,,21,73,364,73,77,369,777,1224
TOLEDO,TOLEDO,8,1221,,39,350,429,432,431,433,769,1221
ENAMELLING,ENAMELLING,8,1220,,1195,1192,1192,1197,1184,1181,1220,465
GOA,GOA,8,1218,,30,515,740,739,737,736,1161,1218
CARET,CARET,8,1215,,27,26,1215,1215,1215,26,27,31
WRIT,WRIT,8,1212,,44,1212,1210,1210,1211,1211,160,160
MARCH,MARCH,8,1206,,12,1016,1202,1205,1206,1205,131,476
VALENCIA,VALENCIA,8,1206,,27,263,263,260,264,256,751,1206
BAROCO,BAROCO,8,1200,,63,63,63,63,63,63,1195,1200
COURT,COURT,8,1197,,207,675,675,675,1197,676,609,686
THISTLE,THISTLE,8,1197,,349,428,557,378,378,378,351,1197
SATURDAY,SATURDAY,8,1196,,100,1196,34,34,34,34,34,34
FLOWER,FLOWER,8,1191,,123,782,69,51,52,52,1191,551
MARTYROLOGY,MARTYROLOGY,8,1191,,161,175,562,1191,556,556,324,377
LUXEMBURG,LUXEMBURG,8,1186,,30,312,389,377,390,390,734,1186
PORPHYRY,PORPHYRY,8,1186,,294,298,1186,998,937,945,600,456
ALAND,ALAND,8,1183,,24,40,40,1178,1178,1183,161,179
FLYING,FLYING,8,1177,,588,1060,1177,1113,1177,1112,790,476
BUDA,BUDA,8,1175,,51,1086,1087,1088,1089,1175,135,336
CACHAO,CACHAO,8,1175,,96,1169,544,1138,1075,1175,527,431
BURGLARY,BURGLARY,8,1171,,85,1057,801,914,1171,1171,79,139
SALAMANCA,SALAMANCA,8,1170,,21,167,167,169,171,185,1170,832
BEATING,BEATING,8,1169,,63,803,1160,151,1169,151,583,122
FRANK,FRANK,8,1167,,73,942,1167,86,86,86,86,89
ACRIDOPHAGI,ACRIDOPHAGI,8,1162,,371,872,1153,1159,1154,1162,220,213
ROUEN,ROUEN,8,1161,,41,261,322,320,311,314,242,1161
LUKE,LUKE,8,1148,,83,188,188,188,188,188,190,1148
CARAITES,CARAITES,8,1147,,115,114,564,1116,1116,1118,1147,1138
MENDICANTS,MENDICANTS,8,1146,,25,216,1145,1145,1146,1144,1094,764
INDULT,INDULT,8,1142,,220,220,220,220,220,220,222,1142
PARIA,PARIA,8,1142,,30,75,75,76,76,76,1142,198
RAMUS,RAMUS,8,1141,,16,209,642,640,566,566,573,1141
ENS,ENS,8,1135,,81,125,131,128,128,81,1135,122
PRINCE,PRINCE,8,1130,,16,17,17,223,17,17,18,1130
AUGUST,AUGUST,8,1128,,55,55,55,55,116,1128,57,98
HAGUE,HAGUE,8,1128,,94,558,678,1114,1114,1128,207,637
INN,INN,8,1128,,146,770,1127,1128,1126,1127,689,559
BEZOAR,BEZOAR,8,1126,,366,1126,1076,1078,1085,1082,154,152
BOAR,BOAR,8,1118,,32,1118,1118,1115,1116,1114,1002,529
ABSTINENCE,ABSTINENCE,8,1114,,15,1091,1080,1114,1113,1107,1098,735
PERAMBULATOR,PERAMBULATOR,8,1112,,513,490,491,1111,1111,1112,125,14
CORN,CORN,8,1099,,557,502,1099,1078,1076,104,291,299
TALMUD,TALMUD,8,1095,,36,8,706,705,705,706,518,1095
LIBERIA,LIBERIA,8,1093,,34,38,38,38,38,38,1042,1093
DESIGN,DESIGN,8,1088,,1021,1077,428,1086,1087,1088,858,353
BASKET,BASKET,8,1086,,1086,120,221,138,139,142,63,146
SALAMIS,SALAMIS,8,1085,,25,749,1085,1082,1085,1084,197,375
CHANCE,CHANCE,8,1080,,78,841,906,1080,908,817,422,368
ESTREMADURA,ESTREMADURA,8,1072,,58,323,322,323,322,322,805,1072
ARRAIGNMENT,ARRAIGNMENT,8,1069,,48,1042,1044,1069,1044,1044,50,51
SHREWSBURY,SHREWSBURY,8,1065,,23,808,801,805,806,791,327,1065
ABBEVILLE,ABBEVILLE,8,1060,,23,512,1026,1035,1036,1060,857,301
PADUA,PADUA,8,1060,,27,309,238,238,238,232,319,1060
LIVONIA,LIVONIA,8,1042,,49,241,240,242,243,233,232,1042
GUISE,GUISE,8,1041,,70,314,1036,318,318,1041,283,740
SAMOS,SAMOS,8,1041,,19,375,312,313,313,312,219,1041
DRILL,DRILL,8,1040,,49,1016,1040,143,120,120,50,104
CYPRUS,CYPRUS,8,1039,,55,920,935,935,935,936,724,1039
AMPHIBOLOGY,AMPHIBOLOGY,8,1037,,33,6,118,1037,118,118,78,78
ARGONAUTS,ARGONAUTS,8,1036,,30,25,1035,1036,1036,1036,352,356
FORCE,FORCE,8,1029,,50,198,980,1028,1029,1028,93,95
CABUL,CABUL,8,1022,,87,246,244,246,246,542,767,1022
PERIOD,PERIOD,8,1018,,70,472,1013,1011,1018,1003,505,47
CANTERBURY,CANTERBURY,8,1017,,62,657,987,1003,1003,1011,229,1017
METEMPSYCHOSIS,METEMPSYCHOSIS,8,1014,,155,324,433,809,490,810,834,1014
ACACIA,ACACIA,8,1007,,111,100,659,668,667,1007,650,808
CONGRESS,CONGRESS,8,1004,,62,191,203,205,1004,205,35,34
POMERANIA,POMERANIA,8,1001,,41,162,162,181,180,170,471,1001
ARCHANGEL,ARCHANGEL,8,1000,,42,386,995,995,999,1000,695,866
SMUGGLERS,SMUGGLERS,8,1000,,19,298,1000,988,987,987,448,15
MEDICINE,MEDICINE,7,320675,1842,118099,314709,5881,26631,320675,2225,,23789
ELECTRICITY,ELECTRICITY,7,183849,,,68106,143997,179343,183849,183788,117761,133726
MEASURE,MEASURE,7,162529,,212,4400,893,367,8950,162529,638,
ROME,ROME,7,154901,1823,74,154346,153762,154258,154901,,101718,18200
STEAM,STEAM,7,124336,,,11,11431,52231,16354,10064,124336,21882
ICHTHYOLOGY,ICHTHYOLOGY,7,114985,1778,16,,4251,47278,47461,47156,83901,114985
SHIPBUILDING,SHIP-BUILDING,7,114684,,,7963,66920,67794,69126,67432,114684,101609
ARCHITECTURE,ARCHITECTURE,7,98276,,,22638,44296,25977,44058,44235,71878,98276
NAVIGATION,NAVIGATION,7,94110,1815,27996,39251,80803,80308,,49338,8737,94110
PHILOLOGY,PHILOLOGY,7,89951,1842,43,7091,89951,87960,89004,87806,,31327
PHILO,PHILO,7,89478,,,175,729,793,730,793,89478,231
METAPHOR,METAPHOR,7,88651,,,4547,4563,13146,4561,4526,154,88651
HIEROGLYPHICS,HIEROGLYPHICS,7,84129,,,1932,1550,1450,1371,1949,84129,67973
ASIA,ASIA,7,82279,,,974,1268,82273,81826,82279,40051,38335
DYEING,DYEING,7,79386,1778,2627,,42209,33130,79386,78170,54038,62256
WAY,WAY,7,78454,,178,464,456,455,455,455,78454,
SPAIN,SPAIN,7,67700,,85,31412,33552,66121,67700,66607,10323,
INDIA,INDIA,7,63390,1778,152,,45248,8285,63390,60709,572,557
WOLSEY,WOLSEY,7,60110,,,234,410,409,408,409,60110,408
BLEACHING,BLEACHING,7,59523,1778,12449,,15331,57644,59523,57559,30661,17588
GEOGRAPHY,GEOGRAPHY,7,58602,,33073,50551,34180,58602,51878,52708,40474,
FOX,FOX,7,51851,,,828,829,1430,830,51851,13532,13638
MIDWIFERY,MIDWIFERY,7,49436,,46396,9413,49436,36080,35442,36150,899,
EDUCATION,EDUCATION,7,47536,,162,161,47478,47453,47536,46634,22683,
PAPER,PAPER,7,47229,,1784,7079,19908,20720,10036,20678,47229,
ARABIA,ARABIA,7,45713,,,42392,45016,45713,44975,45625,29761,35502
DRAMA,DRAMA,7,45711,1842,47,45,49,49,49,45711,,43857
HISTORY,HISTORY,7,45063,,,44235,45063,43448,44830,43566,38158,16904
SOCRATES,SOCRATES,7,44195,,,3818,4543,4546,4550,4548,43943,44195
BOND,BOND,7,43694,1842,43694,600,655,654,657,654,,98
MALACIA,MALACIA,7,43320,,31,30,43320,769,30,17892,7,
CITY,CITY,7,42317,,,774,1283,1355,1359,1302,1351,42317
ROMANO,ROMANO,7,42001,,,247,246,247,246,42001,479,61
WATER,WATER,7,40788,,681,8131,15399,40098,37862,40788,406,
POLAND,POLAND,7,39582,,,24399,35340,34909,34876,34916,39582,27801
MINERVA,MINERVA,7,39299,,,339,339,238,342,341,232,39299
ATTICA,ATTICA,7,38957,,,34079,35983,35428,36172,35937,38957,26558
LIBRARY,LIBRARY,7,38653,,468,441,1111,1157,1158,1159,38653,
CANADA,CANADA,7,36369,,,6436,5697,10202,2659,10103,18179,36369
PRESCRIPTION,PRESCRIPTION,7,32825,,,325,2499,25222,32825,392,708,2225
HOLLAND,HOLLAND,7,30504,,,3643,13423,14279,14250,13327,30504,172
PORCELAIN,PORCELAIN,7,29904,,461,5132,8857,22028,21782,29904,16241,
GAS,GAS,7,29424,,,2104,9801,66,66,359,24825,29424
PHILOSOPHY,PHILOSOPHY,7,29186,,,2537,29186,24453,7210,15871,26488,198
PLANTING,PLANTING,7,29148,,,1234,2024,1922,1924,1925,23683,29148
CHILI,CHILI,7,28920,,63,2083,2084,2225,2087,5548,28920,
PALESTINE,PALESTINE,7,28368,1797,142,2521,,4301,4238,4226,27123,28368
MACHINERY,MACHINERY,7,26751,,42,193,26751,196,195,111,115,
CRYSTALLIZATION,CRYSTALLIZATION,7,26731,,,5089,10382,24179,26731,9239,23940,23559
HUNTING,HUNTING,7,25952,,,6695,13803,13799,13792,13913,25952,22113
FOOD,FOOD,7,25918,,,5702,6840,6869,6365,22036,19265,25918
PERSIA,PERSIA,7,24802,1810,70,20609,24772,,24802,24087,22333,20979
JERSEY,JERSEY,7,24303,1842,121,491,4846,4843,4824,4813,,24303
PITT,PITT,7,23857,,,1770,2742,6020,6020,6022,14370,23857
SHOOTING,SHOOTING,7,23829,,,3328,2287,6167,6158,6101,22577,23829
CHROMATICS,CHROMATICS,7,23691,,,13611,22238,9651,22269,23560,23691,17088
LUTHER,LUTHER,7,23554,,,6825,6826,6844,6828,6849,5392,23554
ROOD,ROOD,7,23308,,16,16,16,23308,16,16,15,
SEA,SEA,7,23106,,1678,6697,9993,10760,10770,10700,23106,
CHIMNEY,CHIMNEY,7,22396,,,548,22396,172,171,171,2098,1994
JOACHIMITES,JOACHIMITES,7,22367,,96,242,243,239,240,240,22367,
BAROMETER,BAROMETER,7,22192,,,14700,16728,17265,17231,22192,12647,15853
ANIMALCULE,ANIMALCULE,7,22121,,,12622,5497,13497,13182,13479,13603,22121
CAOUTCHOUC,CAOUTCHOUC,7,21494,,,798,21494,2815,2790,2817,2784,2394
ACOUSTICS,ACOUSTICS,7,21433,1797,6,11668,,20118,21333,21433,19808,19774
SILK,SILK,7,21194,1823,1749,1848,11171,11085,10822,,9073,21194
COTTON,COTTON,7,20705,1842,630,1066,2860,2868,2903,2887,,20705
AETIUS,AETIUS,7,20490,,,125,7234,224,20490,19302,12985,13669
NATURAL_HISTORY,NATURAL HISTORY,7,20454,1842,1838,14619,20454,12317,12681,12321,,306
MAN,MAN,7,19787,,,2886,19787,16238,18442,18417,6723,10032
TRIGONOMETRY,TRIGONOMETRY,7,18850,,7310,7592,5105,12258,12185,12289,18850,
SMITH,SMITH,7,18489,,,216,2769,2847,2843,2843,6899,18489
MARY,MARY,7,18316,,,1666,17694,18316,17723,17812,5032,6360
EXTERNAL,EXTERNAL,7,18233,,61,60,7057,61,62,18233,64,
ANTEDILUVIANS,ANTEDILUVIANS,7,17954,,,3552,13266,17755,16276,17954,1090,1412
ACADEMY,ACADEMY,7,17733,,,5982,8700,9341,9339,9392,17733,14480
ATTRACTION,ATTRACTION,7,17710,,,164,2591,2026,2644,2583,15255,17710
NEWTONIAN_PHILOSOPHY,NEWTONIAN PHILOSOPHY,7,17545,,26,13484,17545,16732,15439,15355,1592,
METEOR,METEOR,7,17361,,103,2416,82,17356,70,17361,68,
GREGORY,GREGORY,7,16883,,,5140,1272,5809,5805,5817,10350,16883
ACOUSTIC,ACOUSTIC,7,16468,1778,68,,16468,113,113,113,104,105
GOVERNMENT,GOVERNMENT,7,15920,,637,309,308,307,308,15920,15034,
DEW,DEW,7,15763,,,1971,2084,2231,2224,15763,7297,7307
RESURRECTION,RESURRECTION,7,15719,,104,698,15068,15719,14974,15642,34,
FIRE,FIRE,7,15601,1778,1659,,15340,11407,11432,15601,1665,1756
ALPHABET,ALPHABET,7,15585,,56,150,12890,12273,11621,11735,15585,
EPIDEMIA,EPIDEMIA,7,15494,,39,39,42,39,39,15494,39,
MALTA,MALTA,7,15421,1797,218,15421,,14675,14673,14695,9092,4336
AGRICOLA,AGRICOLA,7,15366,,,958,2148,15366,347,959,892,636
JENA,JENA,7,15283,1823,22,33,33,33,33,,15283,424
NELSON,NELSON,7,15074,,,1031,1844,3293,3255,3027,15074,10964
JOHN,JOHN,7,14900,1778,255,,9643,8232,1242,8264,14891,14900
DIAL,DIAL,7,14865,,14865,14251,50,50,50,50,49,
INSPIRATION,INSPIRATION,7,14666,,16,132,810,809,830,811,14666,
AUSTRIA,AUSTRIA,7,14438,1810,49,640,1562,,1560,10637,11257,14438
ATTERBURY,ATTERBURY,7,14374,,,710,4959,5213,5852,5011,2367,14374
PETER,PETER,7,14198,,,2028,13408,14016,14198,13916,5323,4317
SANCTION,SANCTION,7,14157,,14,14,13,13,14,14,14157,
TRUMPET,TRUMPET,7,14083,1778,27,,14083,13117,12234,13066,11276,1815
TAWING,TAWING,7,13988,,958,959,965,13988,965,964,1016,
JAPAN,JAPAN,7,13733,1842,20,4712,8217,8471,8463,8422,,13733
AINSWORTH,AINSWORTH,7,13614,,,13614,170,178,178,178,211,201
CANAL,CANAL,7,13482,,13,12,12,13,8135,13,13482,
COLLIER,COLLIER,7,13313,,,391,398,395,396,392,398,13313
PAUL,PAUL,7,13227,,,646,13198,13227,12932,13219,9134,10403
HOMER,HOMER,7,13053,,,1411,2248,1677,2256,5315,10207,13053
NAPLES,NAPLES,7,12830,,,11340,12622,12826,12830,12264,7308,5327
PERTH,PERTH,7,12723,1823,16,1376,2658,2900,1740,,3162,12723
DALMATIA,DALMATIA,7,12684,1797,52,73,,74,76,7,12684,1017
THEATRE,THEATRE,7,12577,,42,44,12577,5935,5933,5930,4591,
BROWN,BROWN,7,12354,,,2846,7151,11466,11473,11368,12354,6228
CHEMISE,CHEMISE,7,12297,,65,63,12297,67,66,66,66,
BREAKERS,BREAKERS,7,12179,,,129,129,282,1889,103,12179,2394
SALT,SALT,7,12146,,,8077,12146,7369,5474,4849,4577,7860
COHESION,COHESION,7,12110,,,2516,2507,2504,2487,11737,12110,11211
SWITZERLAND,SWITZERLAND,7,12014,1842,31,1890,1982,5318,5315,5230,,12014
COLD,COLD,7,11997,,,2383,3056,990,701,704,11997,11364
PROFESSOR,PROFESSOR,7,11889,,22,22,22,22,22,21,11889,
PARR,PARR,7,11729,,,879,11729,2557,2557,1963,6334,1182
ICELAND,ICELAND,7,11590,,,9302,11590,11348,11437,11437,9010,8933
OSSIAN,OSSIAN,7,11572,,,4301,8978,9080,9542,9490,11572,3759
ANGOLA,ANGOLA,7,11427,,,11427,10705,10701,10733,10714,3081,834
ATMOSPHERE,ATMOSPHERE,7,11382,,,3369,11325,11332,11382,8830,7034,7583
MAGIC,MAGIC,7,11072,,138,1498,6346,6226,6798,11072,4776,
BACON,BACON,7,10904,,,2851,2839,2784,2841,10904,2208,9872
POLE,POLE,7,10841,,,9913,10695,10841,10689,10710,956,981
SURVEYING,SURVEYING,7,10801,,38,34,34,10801,10672,9339,7506,
JAMAICA,JAMAICA,7,10550,,148,2049,2402,2540,2575,2485,10550,
PLATA,PLATA,7,10546,1842,84,880,880,881,882,881,,10546
LOCKE,LOCKE,7,10524,,,1220,1221,926,925,927,10524,3161
POISON,POISON,7,10490,,,5696,7603,9027,9027,9032,10490,9923
LONGITUDE,LONGITUDE,7,10433,1778,788,,10225,10021,10433,10390,9087,7084
GEM,GEM,7,10349,,139,1032,9870,9787,10349,9816,571,
ARMUYDEN,ARMUYDEN,7,10208,1810,27,39,38,,41,40,8968,10208
BOYLE,BOYLE,7,10183,,,10060,10175,10183,10159,10157,591,90
RAIN,RAIN,7,10174,,657,5184,9338,9923,9734,10174,2556,
HEPATIC,HEPATIC,7,10132,,9,29,10132,61,62,61,12,
CONNECTICUT,CONNECTICUT,7,10086,1778,27,,10086,9696,9927,9584,1347,2039
ECLIPTIC,ECLIPTIC,7,10077,1778,65,,10077,121,120,26,119,105
BLOW,BLOW,7,10023,,31,1292,10023,873,874,869,420,
ARSON,ARSON,7,9991,,,9991,170,169,170,170,23,574
LAMP,LAMP,7,9888,1815,214,687,4889,3357,,2705,9888,4066
CROMWELL,CROMWELL,7,9874,,,4368,4366,4355,4352,4353,119,9874
FLAMSTEED,FLAMSTEED,7,9761,,,381,504,497,992,977,3150,9761
SUMATRA,SUMATRA,7,9504,1778,43,,1675,2356,2355,2355,9504,5794
MOGULS,MOGULS,7,9493,,30,9493,6360,5352,5377,5372,5353,
CERVUS,CERVUS,7,9350,,655,2005,9350,49,49,49,34,
TIME,TIME,7,9337,,58,9337,278,295,297,295,32,
QUANTITY,QUANTITY,7,9302,1778,65,,122,9302,132,8274,104,17
CUSTOM,CUSTOM,7,9106,,88,8992,7172,8979,7485,9106,87,
SAVAGE,SAVAGE,7,9048,,,3181,8883,8978,9048,8879,2570,6216
CALIFORNIA,CALIFORNIA,7,8953,,,1857,1856,1858,1860,1860,836,8953
PARAGUAY,PARAGUAY,7,8906,1810,25,950,3808,,4029,4113,8906,2865
LIEUTENANT,LIEUTENANT,7,8872,,332,882,872,875,875,875,8872,
EVIDENCE,EVIDENCE,7,8790,1842,55,236,221,222,220,222,,8790
JUSTICE,JUSTICE,7,8759,,45,1343,8757,8758,8759,8757,118,
MOULDINGS,MOULDINGS,7,8733,,,25,24,111,110,111,22,8733
LEVEL,LEVEL,7,8687,,2926,2907,1475,8687,3864,3247,4338,
EUROPA,EUROPA,7,8671,,,37,180,180,180,180,6516,8671
INJECTION,INJECTION,7,8636,,157,3673,8636,8609,8599,8604,35,
VERMIN,VERMIN,7,8627,1823,29,30,32,8623,8627,,4929,5922
DRUMMOND,DRUMMOND,7,8533,,,496,1611,1610,1610,1609,7993,8533
ALPHONSIN,ALPHONSIN,7,8526,,,184,184,1067,8526,1089,996,90
REVENUE,REVENUE,7,8524,,51,3961,4500,4565,4564,4014,8524,
VIRGIL,VIRGIL,7,8289,,,2006,1696,1703,1705,1700,7048,8289
VERMILION,VERMILION,7,8261,1815,98,49,49,86,,8261,22,22
PRESS,PRESS,7,8247,,,163,484,1699,1679,1981,735,8247
LEIBNITZ,LEIBNITZ,7,8235,,,60,2097,649,648,648,8235,2178
BENGAL,BENGAL,7,8228,,,7279,5577,5573,5582,5586,8228,5393
ADAM,ADAM,7,8142,,,2441,2442,4699,4728,4675,5700,8142
TRIAL,TRIAL,7,8107,,36,4116,8097,8107,8083,8077,32,
SPARTA,SPARTA,7,7996,,,7920,7996,7980,7973,7931,7385,6460
BRUCE,BRUCE,7,7909,,,138,7909,5533,5534,5536,4849,4023
BOMBAX,BOMBAX,7,7832,1842,155,641,5149,4283,53,52,,7832
BONNET,BONNET,7,7829,,,163,3964,3016,2649,3019,7829,1529
COMBINATION,COMBINATION,7,7805,1842,21,7805,6815,6839,7050,7290,,7486
TEMPERAMENT,TEMPERAMENT,7,7773,,32,691,682,7770,7773,7610,1364,
CONFUSION,CONFUSION,7,7746,,142,949,123,1043,1042,1041,7746,
ORKNEY_ISLANDS,ORKNEY ISLANDS,7,7688,1810,49,2749,6141,,6444,7688,3708,6276
BARCLAY,BARCLAY,7,7655,,,1353,1531,1353,1351,1355,7655,5993
BOYNE,BOYNE,7,7637,,,55,55,55,2488,2486,7637,533
SEPTUAGINT,SEPTUAGINT,7,7635,,,358,7635,2803,2804,2564,3675,4149
CAVENDISH,CAVENDISH,7,7619,,,1455,1479,1481,1481,6755,189,7619
PETIT,PETIT,7,7562,,,229,874,875,875,874,7562,416
ANT,ANT,7,7553,,,425,843,841,842,6887,7553,7550
ROAD,ROAD,7,7526,,,890,727,728,727,725,7526,75
HONDURAS,HONDURAS,7,7521,1810,29,124,126,,125,125,3497,7521
BABYLON,BABYLON,7,7473,,,3843,3838,3850,3849,3846,5070,7473
FEUD,FEUD,7,7284,,,239,103,103,105,103,7284,2349
TURIN,TURIN,7,7174,1797,38,407,,7174,287,287,565,1331
BAUTZEN,BAUTZEN,7,7114,1810,23,44,44,,44,53,7114,220
CICERO,CICERO,7,7094,,,6309,7094,6112,6101,5943,6288,6326
BURNET,BURNET,7,7082,,,2140,2141,4314,4307,4310,4158,7082
GOLD,GOLD,7,6938,1842,633,2388,6938,3977,4752,4645,,1048
LAKE,LAKE,7,6889,,26,512,1917,1920,513,1919,6889,
LONG,LONG,7,6883,,19,11,11,6883,806,11,39,
MONSOON,MONSOON,7,6856,1778,30,,6856,2996,2993,264,232,34
PITCAIRNE,PITCAIRNE,7,6796,,,2815,2627,2472,2455,2726,6796,727
PATRONAGE,PATRONAGE,7,6792,,90,887,890,919,917,889,6792,
BLOUNT,BLOUNT,7,6773,,,716,716,734,716,716,725,6773
CALVIN,CALVIN,7,6730,,,614,614,617,616,614,1542,6730
CLYDE,CLYDE,7,6677,,27,81,521,521,530,532,6677,
SCEPTICISM,SCEPTICISM,7,6655,1842,50,55,11,11,11,11,,6655
GUIANA,GUIANA,7,6648,,,1391,1389,1589,1541,6648,3151,4650
COPERNICUS,COPERNICUS,7,6637,1842,123,37,6637,37,2392,2997,,2337
DESCRIPTION,DESCRIPTION,7,6617,,26,49,911,1263,29,6617,27,
SPINOZA,SPINOZA,7,6589,,,190,6589,4888,4919,4896,605,3536
SICILY,SICILY,7,6534,,126,5370,5481,6534,6531,6528,56,
ACIDS,ACIDS,7,6518,,,493,6518,1156,1156,1157,189,163
POST,POST,7,6474,1842,108,976,6242,6081,6474,6013,,70
DEFORMITY,DEFORMITY,7,6460,,,13,5248,5912,6447,6460,5604,19
DEMPSTER,DEMPSTER,7,6459,,,388,403,403,402,401,6459,5627
BALANCE,BALANCE,7,6447,,,3091,3120,3104,3144,3110,5827,6447
BATH,BATH,7,6447,,,3974,6447,6433,6439,6446,821,1501
FUEL,FUEL,7,6370,1823,17,17,890,90,90,,24,6370
MURRAY,MURRAY,7,6366,,,801,6366,563,564,52,5018,4040
CRICHTON,CRICHTON,7,6355,,,6344,6355,6342,6322,6329,4435,4663
DICKINSON,DICKINSON,7,6337,,,5728,6337,744,177,177,173,119
CANDIA,CANDIA,7,6191,1778,85,,6191,6167,6165,6170,479,903
CONSTRUCTION,CONSTRUCTION,7,6168,,,277,526,176,175,526,382,6168
NOVEL,NOVEL,7,6163,,28,3187,6155,6163,6008,6163,1322,
GOLDSMITH,GOLDSMITH,7,6150,,,2596,2583,2559,2584,2502,2538,6150
COPPER,COPPER,7,6080,,,40,6080,58,58,1773,2001,4938
INDEPENDENTS,INDEPENDENTS,7,6012,1778,104,,5602,5332,5421,4575,5805,6012
BREAD,BREAD,7,6005,,975,5973,5844,5927,6005,5936,4294,
STIRLINGSHIRE,STIRLINGSHIRE,7,6003,,,149,149,357,219,349,6003,2932
CALENDER,CALENDER,7,5993,1815,142,282,281,329,,5993,4902,4851
CRANMER,CRANMER,7,5938,,,566,4148,4156,4155,4155,5938,5926
BOYER,BOYER,7,5931,,,376,425,364,39,39,247,5931
PENRITH,PENRITH,7,5880,,,252,996,328,989,652,5880,427
FIGURE,FIGURE,7,5851,,105,4021,5823,5851,5849,3765,163,
COMBUSTION,COMBUSTION,7,5829,,,28,5829,94,94,94,21,548
BURMAN,BURMAN,7,5774,,,66,66,66,66,66,5381,5774
LINLITHGOW,LINLITHGOW,7,5715,1778,21,,5715,509,508,1384,2805,2100
PHYSIOGNOMY,PHYSIOGNOMY,7,5705,,,931,4967,404,4689,5705,1605,1066
SIBERIA,SIBERIA,7,5626,,109,799,3608,3612,3609,3608,5626,
ALCORAN,ALCORAN,7,5577,,,3863,5570,5521,5574,5577,4103,4094
ARMENIA,ARMENIA,7,5557,,,5473,5433,5485,5557,5485,3686,2463
CALDERWOOD,CALDERWOOD,7,5557,,,1097,1097,1098,1098,1098,5557,1506
FERGUSON,FERGUSON,7,5484,,,519,2125,1996,1990,5470,5484,2116
PROCESS,PROCESS,7,5471,,49,5439,5428,5424,5428,5471,49,
FENCE,FENCE,7,5455,,104,5455,5383,1033,1033,1033,60,
LEUCTRA,LEUCTRA,7,5455,,,601,2574,598,5455,2204,1557,1024
GODWIN,GODWIN,7,5419,,,165,335,110,109,109,567,5419
ORGAN,ORGAN,7,5378,1810,277,2807,4434,,5036,5063,5378,5324
LEAD,LEAD,7,5298,,,1705,5298,75,77,76,787,5244
HYDE,HYDE,7,5295,,,1481,1507,2481,2932,2921,4710,5295
MILITIA,MILITIA,7,5281,1810,68,58,400,,59,59,5281,4892
CATZ,CATZ,7,5234,,,287,287,287,287,287,3255,5234
CELSUS,CELSUS,7,5233,,,158,1112,158,158,158,5233,5040
LEVELLING,LEVELLING,7,5229,,1564,1605,3255,5229,4933,4828,3653,
ARISTOPHANES,ARISTOPHANES,7,5222,,,786,798,788,787,786,438,5222
FENELON,FENELON,7,5218,,,319,294,318,320,319,4883,5218
SCILLY,SCILLY,7,5209,,17,4451,4592,5204,5205,5209,322,
BARBARY,BARBARY,7,5200,1842,40,5056,4923,5184,5052,5200,,46
AMAZONS,AMAZONS,7,5187,,,1545,4771,5181,5166,5187,3279,1838
MIRACLE,MIRACLE,7,5138,,30,776,2063,145,2064,5138,5093,
LEITH,LEITH,7,5110,1815,10,2558,1986,2090,,2079,5110,1504
BIRD,BIRD,7,5105,,,508,491,542,5105,485,3776,101
SHIP,SHIP,7,5054,,3618,4379,5054,4450,5038,4949,49,
NORTH,NORTH,7,5027,,,174,4607,5027,3818,3830,874,1314
BIRMINGHAM,BIRMINGHAM,7,5002,,,195,201,199,198,198,429,5002
FEAST,FEAST,7,4993,,59,336,4978,4985,4991,4993,2276,
LOUISIANA,LOUISIANA,7,4992,1778,32,,223,1327,1328,1424,4992,2202
OXFORD,OXFORD,7,4982,,,1258,2359,2390,2369,2380,4982,3021
LIBEL,LIBEL,7,4974,,,693,692,693,693,693,648,4974
SHOE,SHOE,7,4954,,,4809,4954,1800,1802,1801,653,582
SOUND,SOUND,7,4942,1823,73,70,4795,161,265,,4942,245
FORBES,FORBES,7,4903,,,580,579,349,349,349,1723,4903
HAIR,HAIR,7,4890,,,2839,4890,4880,4880,4874,2524,2184
MASTER,MASTER,7,4875,,1626,2551,4545,4871,3899,4875,1977,
TASTE,TASTE,7,4859,,1696,3058,4859,4106,3689,3671,3663,
HOWARD,HOWARD,7,4850,,,1261,4842,4839,4850,4843,4133,2550
LONGEVITY,LONGEVITY,7,4850,,96,672,4662,4850,4168,4765,1017,
TIPPERARY,TIPPERARY,7,4823,1778,20,,140,311,265,270,4776,4823
HOP,HOP,7,4735,,1424,1717,4735,4636,4646,4642,71,
FRICTION,FRICTION,7,4726,,27,36,4726,562,563,562,163,
WARBURTON,WARBURTON,7,4724,,,2988,4724,4276,4267,4262,4431,4126
ALBANIA,ALBANIA,7,4714,1778,15,,333,368,369,3456,4714,2858
HARMONIA,HARMONIA,7,4690,,,4690,186,154,191,161,130,233
LIVERY,LIVERY,7,4657,,,100,317,318,318,318,183,4657
BOGOMILI,BOGOMILI,7,4607,1797,105,95,,95,96,84,96,4607
SENECA,SENECA,7,4601,,,1212,1312,1309,1309,1308,1333,4601
HOGARTH,HOGARTH,7,4595,,,1529,4595,4592,4591,4592,3410,2768
CHEESE,CHEESE,7,4533,1842,283,958,4533,563,560,559,,637
PICA,PICA,7,4520,,43,34,144,4223,4520,4515,2603,
LAUGHTER,LAUGHTER,7,4505,,72,4501,4429,4505,4503,3849,4395,
PARENT,PARENT,7,4482,,14,2395,4482,4472,4473,1513,2114,
LANCASHIRE,LANCASHIRE,7,4481,,,1114,1503,1183,1291,1515,3357,4481
TYRE,TYRE,7,4464,,,75,383,319,307,307,1055,4464
SIDNEY,SIDNEY,7,4455,,,993,960,959,882,958,999,4455
BENTLEY,BENTLEY,7,4431,,,1001,3304,3301,1802,3284,4431,3733
JAPANNING,JAPANNING,7,4426,1842,2240,4418,3845,4426,4422,4412,,1208
LEPUS,LEPUS,7,4422,,1160,1782,4422,64,41,39,28,
GIANT,GIANT,7,4372,,,4372,4084,4115,2451,4115,3440,830
BOURBON,BOURBON,7,4365,,,2041,2174,2193,2196,2193,3280,4365
FALLACY,FALLACY,7,4324,1842,49,222,214,214,214,229,,4324
PLEA,PLEA,7,4308,,99,4230,4231,4305,4302,4308,151,
HOUSEHOLD,HOUSEHOLD,7,4286,,,846,880,469,470,469,346,4286
ANTIMONY,ANTIMONY,7,4284,,,400,1046,1042,1042,4284,423,407
ADZE,ADZE,7,4282,,,4282,101,101,101,101,101,102
RACINE,RACINE,7,4278,,,691,691,695,694,697,3402,4278
TANNING,TANNING,7,4269,,2585,3920,2858,4269,4265,4249,3956,
NICOTIANA,NICOTIANA,7,4260,,761,3689,4260,4096,4090,4092,1384,
CONFUCIUS,CONFUCIUS,7,4246,,,422,424,1360,1348,1363,1268,4246
GREGORIAN_CALENDAR,GREGORIAN CALENDAR,7,4245,,,36,36,36,36,36,34,4245
KERRY,KERRY,7,4238,1778,45,,383,386,377,380,4238,3859
APOLLONIUS,APOLLONIUS,7,4213,,,387,1208,502,774,773,984,4213
PRESBYTER,PRESBYTER,7,4201,,21,142,4201,150,149,150,136,
PRAXITELES,PRAXITELES,7,4196,,,83,200,200,200,206,4196,700
PHOENIX,PHOENIX,7,4184,,40,823,3291,4154,4154,4184,725,
PHILIPS,PHILIPS,7,4177,,,1224,2981,2478,2077,3504,4177,747
DESCENT,DESCENT,7,4164,,134,3027,4164,3180,3596,3193,343,
ARKLOW,ARKLOW,7,4163,,,22,22,22,22,22,96,4163
PAPYRUS,PAPYRUS,7,4158,,,362,3092,3072,3068,3077,1690,4158
ELECTION,ELECTION,7,4150,,56,3789,4024,4150,3992,4027,239,
PYRAMID,PYRAMID,7,4145,,227,208,3555,4131,4145,3822,1092,
GOOD,GOOD,7,4138,,96,350,354,3894,356,4138,235,
CASTING,CASTING,7,4129,,,4129,4114,4129,4124,4124,3817,3843
SEMICOLON,SEMICOLON,7,4100,,49,351,350,350,351,352,4100,
ELIZABETH,ELIZABETH,7,4088,,,1176,4088,1198,1206,1131,315,3321
ACHROMATIC,ACHROMATIC,7,4078,,,61,46,79,29,78,4078,4078
CHRYSALIS,CHRYSALIS,7,4052,1810,35,4000,3995,,4052,4018,36,107
INSCRIBED,INSCRIBED,7,4025,,24,23,24,24,24,24,4025,
DAVID,DAVID,7,4020,,,216,205,205,206,208,764,4020
RIDING,RIDING,7,3995,,30,3995,3945,3953,3953,3954,240,
GESNER,GESNER,7,3963,,,55,2410,2411,2414,2413,3963,1780
DEMOSTHENES,DEMOSTHENES,7,3962,,,396,1312,1316,1313,1313,1349,3962
PYTHAGORAS,PYTHAGORAS,7,3941,,,615,3460,3461,3496,3469,3200,3941
LIBERTY,LIBERTY,7,3933,,45,3776,136,3933,137,136,418,
KILDARE,KILDARE,7,3921,,,112,613,393,590,592,3047,3921
THOMSON,THOMSON,7,3866,,,1336,1713,1758,1759,1757,3866,2327
PHOCIS,PHOCIS,7,3850,,,93,3850,842,847,832,758,287
GYPSIES,GYPSIES,7,3825,,,406,3818,3819,3825,3824,2112,2245
CHASE,CHASE,7,3797,,,896,1166,3797,898,902,933,682
ATLANTIS,ATLANTIS,7,3789,,,404,551,629,553,3789,405,425
PALERMO,PALERMO,7,3775,1842,30,207,3756,3764,3775,3775,,1702
STAFFORDSHIRE,STAFFORDSHIRE,7,3764,,,653,679,639,640,57,2367,3764
FAIRFAX,FAIRFAX,7,3760,,,422,421,420,420,420,3760,2731
COLURI,COLURI,7,3747,,29,105,3747,105,110,106,106,
EZEKIEL,EZEKIEL,7,3733,1778,103,,103,103,3733,103,106,597
FROST,FROST,7,3733,,269,2074,3308,3479,3733,3475,45,
SELKIRK,SELKIRK,7,3718,1778,16,,69,2050,2040,2055,3718,327
PRINCIPAL,PRINCIPAL,7,3710,,9,59,402,2228,2220,2076,3710,
MENTZ,MENTZ,7,3683,,30,343,3421,3449,3683,3355,289,
CEMENT,CEMENT,7,3679,,,1620,1806,3679,3678,1830,967,983
EARL,EARL,7,3677,1823,392,447,3677,312,312,,276,628
MILITARY,MILITARY,7,3655,,7,3568,3639,7,3655,3574,11,
FARM,FARM,7,3630,,46,3593,3630,3612,3604,3605,311,
CAMERON,CAMERON,7,3603,,,69,69,69,69,69,3603,233
SPRING,SPRING,7,3588,,59,2390,3050,3347,3588,3286,3260,
SORTILEGE,SORTILEGE,7,3568,,126,127,753,754,757,3568,258,
MISSISSIPPI,MISSISSIPPI,7,3555,,,171,148,42,155,678,3555,3034
DUEL,DUEL,7,3551,1810,670,865,1056,,1057,1025,3551,3000
OATH,OATH,7,3536,,34,36,3536,3471,3446,3361,1590,
PHILADELPHUS,PHILADELPHUS,7,3520,,46,476,3520,159,159,2112,383,
WIT,WIT,7,3519,,,3519,1466,1462,1460,180,1257,1277
GAME,GAME,7,3509,,106,2469,2823,3499,3396,3509,89,
SMELTING,SMELTING,7,3506,,28,29,29,29,29,29,3506,
MAYO,MAYO,7,3504,1823,33,304,290,336,334,,3504,3261
TRANSLATION,TRANSLATION,7,3503,,46,47,3503,155,155,155,166,
AMBOYNA,AMBOYNA,7,3495,,,1757,1538,1543,1541,2849,3495,2164
MOSQUE,MOSQUE,7,3493,1815,283,282,282,283,,3493,287,312
SERVICE,SERVICE,7,3492,,,132,3304,3492,3296,3257,319,284
EURIPIDES,EURIPIDES,7,3476,,,382,384,298,298,298,726,3476
HOWE,HOWE,7,3457,,,171,761,2097,2115,1907,1308,3457
WEATHER,WEATHER,7,3447,,154,3447,97,132,136,98,967,
PATRIARCH,PATRIARCH,7,3446,,,165,3416,3446,3419,3420,2964,168
BERKELEY,BERKELEY,7,3393,,,648,1906,2194,2194,2194,2322,3393
CHARISTIA,CHARISTIA,7,3360,1778,54,,57,1555,58,3360,54,48
NATION,NATION,7,3349,,25,1191,3349,3279,3281,3280,41,
HALE,HALE,7,3346,1797,44,3346,,844,799,844,1075,1918
EXERCISE,EXERCISE,7,3340,,55,3309,3319,2102,3021,3340,60,
CONI,CONI,7,3337,1797,30,3337,,100,100,100,204,298
SHROPSHIRE,SHROPSHIRE,7,3332,1842,26,553,734,749,752,756,,3332
LIPARI,LIPARI,7,3331,,,56,3322,3331,3327,3331,2228,376
PATERA,PATERA,7,3331,,,180,227,1139,228,228,98,3331
SKINNER,SKINNER,7,3331,,,63,63,64,64,75,3331,1527
LEASE,LEASE,7,3300,,,154,385,340,185,185,225,3300
GAMING,GAMING,7,3293,,1958,3251,3198,3293,3249,3246,2075,
CORPORATION,CORPORATION,7,3286,1778,104,,3284,3212,3284,3286,2693,1433
GRASS,GRASS,7,3283,,43,547,3283,40,40,40,22,
ARNOLD,ARNOLD,7,3271,,,518,1595,1721,1707,1280,209,3271
HYMN,HYMN,7,3263,1778,26,,253,251,253,251,264,3263
AMBASSADOR,AMBASSADOR,7,3261,,,404,404,404,405,405,335,3261
CAPONIERE,CAPONIERE,7,3255,,,69,68,69,69,69,3255,67
ENGLISH,ENGLISH,7,3255,1842,3255,1619,1056,1610,1682,1612,,66
JUICE,JUICE,7,3253,,10,2116,3253,2114,2091,2090,2106,
SOUTH,SOUTH,7,3251,,,393,386,784,766,369,1760,3251
SLOANE,SLOANE,7,3246,,,727,2892,3057,3061,3057,3246,2762
CRASSUS,CRASSUS,7,3241,,,201,3241,1051,1051,1052,422,328
MACKENZIE,MACKENZIE,7,3222,,,560,556,558,561,561,3222,1892
ARTIFICIAL,ARTIFICIAL,7,3180,,19,19,102,407,407,102,3180,
APOLLODORUS,APOLLODORUS,7,3166,,,278,161,128,275,277,3166,619
LETTER,LETTER,7,3162,,337,2367,3162,2384,2380,2364,1980,
EXECUTION,EXECUTION,7,3159,1842,47,1625,1696,3159,1664,1665,,673
NIAGARA,NIAGARA,7,3158,,48,2248,2840,3158,2821,2821,1496,
SERAGLIO,SERAGLIO,7,3158,1797,234,235,,3157,3158,3158,86,86
BANKS,BANKS,7,3156,,,614,692,694,692,694,3156,3082
LAMMASDAY,LAMMAS-DAY,7,3146,,18,76,76,77,3146,297,46,
HUDSON,HUDSON,7,3143,,,2191,2259,3141,3143,3136,548,2590
GAMELION,GAMELION,7,3122,1778,48,,47,49,49,47,48,3122
CAVAN,CAVAN,7,3120,1778,31,,98,98,97,1557,3120,2433
NONCONFORMISTS,NONCONFORMISTS,7,3113,,,2843,2475,3113,3048,3030,486,1816
HOMBERG,HOMBERG,7,3108,,58,420,66,420,412,3108,509,
ROYAL,ROYAL,7,3099,1810,130,2989,2984,,3093,3099,804,793
WRITING,WRITING,7,3073,1778,67,,1307,1307,1306,950,641,3073
ALDRICH,ALDRICH,7,3068,,,809,1545,1135,3068,1135,1115,714
SUPERSTITION,SUPERSTITION,7,3060,,44,8,3025,3034,3039,3060,2948,
MONMOUTHSHIRE,MONMOUTHSHIRE,7,3050,,,178,236,243,244,240,2243,3050
LYRE,LYRE,7,3036,,,3036,2011,3020,3033,3032,1333,339
HERCULES,HERCULES,7,3031,,,1428,3021,3030,3028,3031,2716,408
MARSEILLES,MARSEILLES,7,3021,,28,246,425,438,427,625,3021,
STEWARD,STEWARD,7,3019,,184,1555,1561,3019,1563,1564,667,
ESSEX,ESSEX,7,3013,1778,37,,311,357,357,353,3013,2882
APIARY,APIARY,7,3008,1778,6,,10,10,10,3008,2967,2894
BAKER,BAKER,7,3008,,,1121,3008,2987,2992,2988,2783,1709
GENERATION,GENERATION,7,2999,,1845,2999,337,336,338,335,125,
APOLLO,APOLLO,7,2989,,,2806,2989,2790,2898,2899,975,676
GILPIN,GILPIN,7,2985,,,2967,2971,2985,2984,2983,1932,1290
ARMAGH,ARMAGH,7,2978,,,255,514,505,505,1739,2978,2570
MARTINICO,MARTINICO,7,2969,,32,2916,2922,2390,2969,2403,663,
SNOW,SNOW,7,2966,,136,820,2150,2966,2051,2051,911,
PAGOD,PAGOD,7,2963,,34,36,2948,2963,2957,2959,39,
ARACHNOIDES,ARACHNOIDES,7,2959,,,34,1303,34,921,34,2959,33
QUADRILLE,QUADRILLE,7,2952,,42,41,2952,2948,2949,2950,2849,
ARAFAH,ARAFAH,7,2949,,,66,66,66,66,240,28,2949
BALUZE,BALUZE,7,2941,,,70,69,71,71,71,2941,1017
VESUVIUS,VESUVIUS,7,2938,,,397,2938,2868,2843,2835,419,585
ZEALAND,ZEALAND,7,2936,,,505,503,503,503,503,2936,471
TREASON,TREASON,7,2925,,,2925,2500,2501,2500,2461,209,204
ISLAND,ISLAND,7,2913,,19,2526,2913,376,631,633,19,
FASCINATION,FASCINATION,7,2903,1823,18,22,2903,143,143,,71,57
BALBEC,BALBEC,7,2902,,21,185,2899,2901,2891,2902,2143,
SPENSER,SPENSER,7,2899,,,699,635,637,637,637,2132,2899
PENTATEUCH,PENTATEUCH,7,2891,,,18,726,726,727,727,714,2891
DOUAY,DOUAY,7,2887,,26,38,396,393,394,2887,2332,
SEVERUS,SEVERUS,7,2886,,,236,234,2886,2820,234,55,479
HANNIBAL,HANNIBAL,7,2883,,,1354,1352,1356,1355,1363,2883,2858
BLOWING,BLOWING,7,2881,1842,120,105,1049,246,245,492,,2881
CALEDONIA,CALEDONIA,7,2793,,,2339,2784,2238,2793,2765,1553,1713
ROWE,ROWE,7,2792,,,808,1687,1686,1711,1685,2792,723
CARDIFF,CARDIFF,7,2790,1797,33,168,,182,183,188,141,2790
PETTY,PETTY,7,2783,,,1312,936,107,844,844,2783,1482
ADRIAN,ADRIAN,7,2769,,,2157,2301,2769,1758,1763,1905,384
FLETA,FLETA,7,2755,,,42,41,2755,41,2742,41,36
COMMISSION,COMMISSION,7,2732,1815,104,2732,2263,32,,2200,111,2448
HONOUR,HONOUR,7,2729,,162,1399,2725,1493,2728,2729,704,
PARKER,PARKER,7,2727,,,484,2727,1706,1707,1709,552,553
NEWBURY,NEWBURY,7,2716,1778,10,,602,1651,2716,2715,226,290
CIOTAT,CIOTAT,7,2715,,,38,2715,40,40,40,69,81
HOOD,HOOD,7,2707,,,168,189,190,187,164,116,2707
GHENT,GHENT,7,2703,1842,56,375,389,395,395,395,,2703
REVELATION,REVELATION,7,2692,1797,54,346,,689,689,747,47,2692
SCAPULAR,SCAPULAR,7,2685,,101,2427,2685,91,76,90,65,
RED,RED,7,2669,,84,133,2669,276,2665,2662,52,
BOSSUET,BOSSUET,7,2665,,,78,77,78,78,78,2665,1888
LABRADOR,LABRADOR,7,2665,,,4,32,14,14,30,2665,2557
RHINE,RHINE,7,2662,1778,157,,379,380,362,617,1291,2662
ORDINATION,ORDINATION,7,2650,1810,77,240,405,,472,468,95,2650
CIPHER,CIPHER,7,2649,1797,77,2084,,2649,2646,2088,92,77
BABYLONIA,BABYLONIA,7,2645,,,2645,2088,2583,2587,2583,2181,2157
BERBICE,BERBICE,7,2629,,,40,40,40,40,46,2629,130
HOSPITAL,HOSPITAL,7,2627,,,464,841,844,844,845,2627,335
BENIN,BENIN,7,2612,,,1503,1502,535,1542,1614,2612,1215
CAMBRIDGESHIRE,CAMBRIDGESHIRE,7,2612,,,426,846,1726,874,864,2612,2011
CASPIAN_SEA,CASPIAN SEA,7,2610,,,46,1918,1934,1934,1924,2586,2610
BLENHEIM,BLENHEIM,7,2601,1842,33,632,1000,2601,1003,1237,,283
HAMBURG,HAMBURG,7,2601,,,1887,2057,2601,2593,2588,1065,2013
LAWRENCE,LAWRENCE,7,2590,,,64,64,227,225,228,2590,549
EPHESUS,EPHESUS,7,2584,,,74,2322,2315,2314,2318,1631,2584
MIDDLETON,MIDDLETON,7,2579,,,427,433,432,433,209,487,2579
BASTARD,BASTARD,7,2572,,,2359,2463,2084,2381,2333,21,2572
PANTHEON,PANTHEON,7,2571,,38,2198,2408,2399,2432,2401,2571,
LACE,LACE,7,2569,,169,802,1242,1252,1249,1249,2569,
PALY,PALY,7,2567,,57,48,2567,48,48,48,48,
BIRDLIME,BIRD-LIME,7,2562,,,2399,2562,1148,1149,1149,877,91
COHEIR,CO-HEIR,7,2556,,14,14,14,14,14,14,2556,
BRISSOT,BRISSOT,7,2549,,,243,2549,243,243,1501,1729,900
DEVEREUX,DEVEREUX,7,2538,,,2162,2534,2538,2536,2533,1273,1161
INTERVAL,INTERVAL,7,2536,,26,2536,2522,354,354,354,354,
RECTIFICATION,RECTIFICATION,7,2534,,29,34,2534,74,251,74,67,
HEINSIUS,HEINSIUS,7,2521,,,276,276,276,276,276,2521,550
ANDERSON,ANDERSON,7,2516,,,221,534,467,529,2516,559,439
BREDA,BREDA,7,2505,,,262,2501,2504,2505,2503,85,162
WALACHIA,WALACHIA,7,2497,1797,63,163,,100,101,100,1527,2497
GALICIA,GALICIA,7,2486,,,158,158,159,165,149,1267,2486
LIMERICK,LIMERICK,7,2484,,,285,1029,1044,1036,1038,2484,2478
CERES,CERES,7,2483,,,375,379,2483,373,2062,39,667
SHAGREEN,SHAGREEN,7,2478,,35,25,2401,2478,2477,2444,110,
HEBREW,HEBREW,7,2472,,404,404,2471,2445,2472,2448,2234,
MATTHEW,MATTHEW,7,2466,1823,140,476,809,853,810,,435,2466
GEORGE,GEORGE,7,2460,,190,982,2324,2460,2029,2453,1569,
MARTIN,MARTIN,7,2457,1823,26,143,1346,1357,1355,,793,2457
NYMPH,NYMPH,7,2456,,50,772,2456,1550,932,1933,812,
LOWTH,LOWTH,7,2455,,,123,2446,2455,2011,2446,2015,814
GREENWICH,GREENWICH,7,2450,,,622,1329,1324,1326,1305,564,2450
FUNEN,FUNEN,7,2445,,51,749,2443,2445,58,2442,147,
PETROLEUM,PETROLEUM,7,2435,,278,1044,2435,27,27,27,24,
MEMNON,MEMNON,7,2427,,,85,440,442,114,443,407,2427
LIEGE,LIEGE,7,2419,,81,1089,2419,1960,1965,2364,889,
COROMANDEL,COROMANDEL,7,2405,,,2405,2405,2396,2398,2198,732,313
REPROBATION,REPROBATION,7,2404,,50,50,264,2403,2404,2404,255,
CAMUS,CAMUS,7,2400,1842,2400,100,100,100,99,1394,,1473
COLUMBA,COLUMBA,7,2389,1810,1113,1720,2389,,492,491,424,442
NICOBAR_ISLANDS,NICOBAR ISLANDS,7,2381,,23,51,2325,2381,2381,2381,911,
FUCUS,FUCUS,7,2378,1815,86,369,2378,323,,317,275,227
TITHES,TITHES,7,2377,,,2116,2374,2376,2377,2377,396,622
SEGOVIA,SEGOVIA,7,2363,1778,43,,1162,994,1025,2363,848,595
GAMA,GAMA,7,2356,,,87,87,452,452,452,2356,806
SPHINX,SPHINX,7,2352,,,189,2352,800,807,750,744,399
BATTALION,BATTALION,7,2342,,,72,72,2342,72,72,115,106
DIGNITY,DIGNITY,7,2329,,,1671,1684,2329,1685,2328,1681,134
WINTER,WINTER,7,2329,,33,113,528,119,118,2329,107,
GUNTER,GUNTER,7,2328,,,675,671,148,668,669,146,2328
VACUUM,VACUUM,7,2320,,13,2320,107,82,78,78,64,
BAXTER,BAXTER,7,2319,,,702,2240,1723,2244,2246,1052,2319
ACCIDENTAL,ACCIDENTAL,7,2318,1842,43,1234,265,258,257,2318,,236
PERICLES,PERICLES,7,2317,,,192,192,191,191,191,2317,2085
HATCHING,HATCHING,7,2316,,993,2316,1068,1066,1066,1066,25,
GRAY,GRAY,7,2311,1823,22,1662,2100,2130,2097,,2311,1832
MORDAUNT,MORDAUNT,7,2311,,,571,521,529,518,499,517,2311
MOSES,MOSES,7,2309,,,37,1984,2309,1913,1984,2001,481
HIEROCLES,HIEROCLES,7,2308,,,166,166,166,168,166,77,2308
LICENTIATE,LICENTIATE,7,2298,,71,2298,70,70,70,70,72,
CLUPEA,CLUPEA,7,2289,1842,879,2289,2082,2096,2096,2098,,455
COWLEY,COWLEY,7,2283,,,935,2276,2281,2283,2282,1422,764
GRAVINA,GRAVINA,7,2281,1823,22,157,86,29,52,,2281,1540
THUCYDIDES,THUCYDIDES,7,2280,,,733,582,584,583,581,945,2280
AJAN,AJAN,7,2278,1810,25,146,146,,148,148,160,2278
MONRO,MONRO,7,2275,,,2275,2223,2035,2035,2016,1877,578
ASSYRIA,ASSYRIA,7,2271,1778,14,,975,977,979,974,894,2271
MILTIADES,MILTIADES,7,2271,,,61,909,2269,2271,2270,623,881
BATTLE,BATTLE,7,2263,,,1204,2263,1087,1245,1130,1534,1771
LEIPSIC,LEIPSIC,7,2258,1842,25,162,162,162,2258,165,,937
LEICESTERSHIRE,LEICESTERSHIRE,7,2256,,,336,319,464,462,464,1697,2256
NEWMARKET,NEWMARKET,7,2255,1842,14,41,224,187,193,193,,2255
ARISTIDES,ARISTIDES,7,2237,,,102,409,1969,1978,1978,2237,1262
ROLLIN,ROLLIN,7,2237,,,1304,2237,2237,2237,2237,1690,998
BISHOP,BISHOP,7,2234,,,2234,1843,1331,1839,1832,1745,2008
BRETON,BRETON,7,2233,1810,47,2204,2232,,2233,2233,1617,260
PINDAR,PINDAR,7,2233,,,1417,1099,1286,1285,1286,776,2233
HARE,HARE,7,2228,,,129,946,658,687,722,280,2228
MICHAEL,MICHAEL,7,2223,,,1427,537,537,539,2223,332,1895
GEDDES,GEDDES,7,2207,,,53,54,2197,2198,2207,2103,1046
SENATE,SENATE,7,2204,1823,212,258,512,512,512,,519,2204
NUSANCE,NUSANCE,7,2201,,126,123,978,891,892,2201,125,
GARNET,GARNET,7,2199,1842,265,2199,276,1298,276,275,,49
BOLINGBROKE,BOLINGBROKE,7,2178,,,694,695,697,696,700,656,2178
SAND,SAND,7,2169,,119,501,2169,1585,1588,1588,228,
SANDYS,SANDYS,7,2169,,,281,333,333,333,339,284,2169
CAITHNESS,CAITHNESS,7,2165,,,1526,1478,1386,1390,2165,1792,1411
HEREDITARY,HEREDITARY,7,2163,,17,2163,2129,2129,2130,2126,48,
SANTA_CRUZ,SANTA CRUZ,7,2163,,22,176,1235,2163,2159,976,333,
MANICHEES,MANICHEES,7,2162,,241,715,2162,1513,1513,1510,1230,
OTWAY,OTWAY,7,2160,,,347,587,576,576,577,2160,1548
ERYSIPELAS,ERYSIPELAS,7,2155,1810,27,30,27,,28,2155,25,256
HEREFORDSHIRE,HEREFORDSHIRE,7,2153,,,287,340,352,353,2000,2000,2153
NONNUS,NONNUS,7,2153,,,42,42,41,42,2153,43,9
GLUE,GLUE,7,2138,1842,522,819,821,2138,2136,2101,,420
MODE,MODE,7,2132,,81,1889,2132,416,416,417,27,
SAGE,SAGE,7,2117,,,104,2116,2115,2008,2117,1708,1916
KENNET,KENNET,7,2107,,,617,631,630,629,2107,1001,76
KILDA,KILDA,7,2106,,,1965,2106,2037,2039,2040,721,424
ELEUSINIA,ELEUSINIA,7,2104,,148,204,2065,2069,2088,2069,2104,
BLOCKADE,BLOCKADE,7,2103,,,63,63,63,63,60,2103,2080
OBSERVATORY,OBSERVATORY,7,2095,,316,1949,2095,2019,2018,2007,177,
ZODIAC,ZODIAC,7,2094,,40,46,2094,230,229,229,177,
ARIUS,ARIUS,7,2079,,,2079,514,526,512,523,389,1338
ALMANACK,ALMANACK,7,2077,,,964,1064,2077,2076,2077,1387,1446
SOCINUS,SOCINUS,7,2072,,,691,756,757,756,757,764,2072
XENOPHON,XENOPHON,7,2060,,,314,502,501,2060,629,895,917
COCK,COCK,7,2053,1823,27,1646,2053,1849,1843,,1533,1017
BONIFACE,BONIFACE,7,2040,,,267,269,266,267,267,2040,543
MYRTUS,MYRTUS,7,2038,,43,1747,2038,107,107,107,71,
TOLERATION,TOLERATION,7,2037,,54,965,2034,2033,2037,2033,2017,
HAMLET,HAMLET,7,2016,,,212,1588,1917,2014,2016,297,357
MACCLESFIELD,MACCLESFIELD,7,2010,1797,21,67,,159,167,167,339,2010
JUDGE,JUDGE,7,2007,,175,151,17,2007,18,18,18,
BARD,BARD,7,2003,1778,90,,1912,2003,1862,1899,770,758
RALEIGH,RALEIGH,7,1998,,,1998,1407,1408,1406,1407,1242,1480
SERVETUS,SERVETUS,7,1991,,,401,1522,1522,1522,1522,1511,1991
BENEDICTION,BENEDICTION,7,1971,1810,94,614,526,,528,527,296,1971
BAYLE,BAYLE,7,1969,,,1969,1965,1964,1969,1966,1941,1222
DAMASKEENING,DAMASKEENING,7,1966,,,107,1966,1307,106,106,111,113
LAND,LAND,7,1966,,180,1780,1966,192,191,190,315,
BOW,BOW,7,1957,,,1210,1924,1957,1930,1954,1109,546
GLAZING,GLAZING,7,1951,,497,985,1895,1951,1949,1949,1925,
PEMBROKE,PEMBROKE,7,1936,1778,128,,268,259,256,256,1936,126
STOCKHOLM,STOCKHOLM,7,1936,1823,112,780,925,935,929,,679,1936
HIPPOCRATES,HIPPOCRATES,7,1933,,,575,574,603,573,573,844,1933
HERODOTUS,HERODOTUS,7,1925,,,675,675,674,675,675,1613,1925
BLAKE,BLAKE,7,1922,,,1847,1850,1846,1848,1848,1922,1919
WYCHERLEY,WYCHERLEY,7,1920,,,1110,1048,1047,1045,1045,1920,1293
GAUDEN,GAUDEN,7,1912,,,420,422,423,423,430,1912,295
RIDICULE,RIDICULE,7,1912,,14,1912,1907,1833,1806,1828,974,
SECOND,SECOND,7,1906,,42,1151,55,1801,1906,1804,46,
BUCHAN,BUCHAN,7,1902,,102,32,33,1901,1902,31,31,
DELIA,DELIA,7,1896,,57,58,334,1896,336,199,206,
BASIL,BASIL,7,1894,,,64,1894,1384,1143,1388,53,69
CAERNARVON,CAERNARVON,7,1889,,,120,1062,1066,569,564,113,1889
MAGAZINE,MAGAZINE,7,1887,,65,606,1197,976,976,971,1887,
ROHAN,ROHAN,7,1876,1778,15,,1875,1876,1873,1872,770,684
BARROS,BARROS,7,1875,,,1875,205,206,206,206,212,119
BRACCIOLINI,BRACCIOLINI,7,1869,,,83,83,367,368,367,478,1869
FAT,FAT,7,1865,,256,1366,778,1865,776,1864,135,
CAPSTAN,CAPSTAN,7,1858,,219,905,895,907,907,907,1858,
FORDYCE,FORDYCE,7,1858,,,180,1858,483,1545,484,1296,1230
BATHURST,BATHURST,7,1852,,,1849,1844,1847,1850,1852,1677,1309
GUADALUPE,GUADALUPE,7,1842,,,1807,1842,1596,1596,1596,42,74
ABRAHAM,ABRAHAM,7,1841,,,954,1117,1176,1175,958,599,1841
ASSUMPTION,ASSUMPTION,7,1841,1823,171,159,159,1841,236,,329,293
MAJOR,MAJOR,7,1839,1842,405,1287,1401,1406,1401,1839,,363
DRAKENBORCH,DRAKENBORCH,7,1836,,,33,33,369,369,370,390,1836
AMADANAGER,AMADANAGER,7,1820,,18,59,59,1820,60,1513,1361,
MANOR,MANOR,7,1818,,47,1818,731,736,735,735,175,
NEHEMIAH,NEHEMIAH,7,1817,1797,204,204,,1817,1816,1807,1313,987
RANK,RANK,7,1814,,13,307,999,396,402,1814,284,
HALLER,HALLER,7,1810,,17,1599,1599,1602,1597,1599,1810,
MARK,MARK,7,1804,1842,126,126,100,702,702,702,,1804
ALI,ALI,7,1802,,,223,305,1802,1721,1727,1644,1530
TYPE,TYPE,7,1801,,63,81,1801,84,83,82,119,
BENTIVOGLIO,BENTIVOGLIO,7,1797,,,297,296,297,1797,297,305,225
DAMPIER,DAMPIER,7,1789,,,88,98,1767,1756,1756,1789,1614
STRALSUND,STRALSUND,7,1773,1842,29,145,145,143,143,1773,,534
MOULD,MOULD,7,1772,,,74,1772,1696,1730,1147,1559,121
RAY,RAY,7,1767,,,941,940,1767,1767,1767,1432,751
ECCLESIASTICAL,ECCLESIASTICAL,7,1766,,17,1758,1752,1053,1766,1763,19,
SISTRUM,SISTRUM,7,1763,,,85,85,115,85,116,1763,53
INFANT,INFANT,7,1762,,8,1504,1761,1760,1762,1762,17,
SEX,SEX,7,1756,,9,1679,1756,1754,1753,1756,341,
STANHOPE,STANHOPE,7,1747,1810,10,823,1098,,1347,1340,1731,1747
BINARY_ARITHMETIC,BINARY ARITHMETIC,7,1746,,,186,362,426,363,362,381,1746
BRADLEY,BRADLEY,7,1744,,,1744,1741,1737,1738,1739,1706,880
ANTIGUA,ANTIGUA,7,1743,,,1743,374,14,14,375,280,393
ANDREAS,ANDREAS,7,1738,,,813,1738,999,1000,999,286,73
COSMOPOLITE,COSMOPOLITE,7,1726,,,652,63,61,61,1726,65,24
COVENANT,COVENANT,7,1723,1842,13,97,598,599,600,601,,1723
ALMAGRO,ALMAGRO,7,1721,,,102,102,1703,1702,1701,1721,1587
OCCUPANCY,OCCUPANCY,7,1720,,,1720,1559,1719,1719,1716,50,57
VARRO,VARRO,7,1719,,,432,432,432,432,381,1698,1719
LEGHORN,LEGHORN,7,1714,1778,29,,671,623,622,621,558,1714
SENTENCE,SENTENCE,7,1712,,26,1712,423,423,404,422,389,
MAELSTROM,MAELSTROM,7,1703,,,1328,1362,1703,1139,912,388,140
BROCADE,BROCADE,7,1702,,,1689,1702,1686,1685,1669,116,62
CLERC,CLERC,7,1696,,,509,1696,944,942,942,715,610
CROATIA,CROATIA,7,1692,,32,146,178,177,178,173,1692,
CARRON,CARRON,7,1690,,,1680,1682,1677,1689,1690,1507,738
PHILIPPINES,PHILIPPINES,7,1685,1842,77,210,79,79,78,79,,1685
BEESTINGS,BEESTINGS,7,1682,,,97,97,97,97,97,99,1682
PORTRAIT,PORTRAIT,7,1678,,59,65,65,64,1678,1671,16,
JUPITER,JUPITER,7,1677,,,471,1671,1672,1674,1677,1646,379
BAKEWELL,BAKEWELL,7,1671,1797,18,35,,35,35,35,1671,192
EASTER,EASTER,7,1663,1823,138,136,136,134,1663,,129,135
GUICCIARDINI,GUICCIARDINI,7,1660,,,177,178,177,177,178,1647,1660
WHARTON,WHARTON,7,1660,,,1660,1360,1361,1361,1361,1265,1217
CONTAGION,CONTAGION,7,1656,1842,81,82,1656,1427,1423,1425,,288
HAMESECKEN,HAMESECKEN,7,1653,,,36,36,1653,20,20,80,22
ALEUROMANCY,ALEUROMANCY,7,1652,1778,11,,1486,24,24,1652,24,22
FAIR,FAIR,7,1648,,167,1504,1648,1272,1270,1271,78,
AGATE,AGATE,7,1647,,,1618,1647,1527,1611,1633,1128,1460
PARHELION,PARHELION,7,1646,,187,1258,1635,1642,1646,1646,937,
KIRKCUDBRIGHT,KIRKCUDBRIGHT,7,1638,,,563,172,393,393,397,1358,1638
FARQUHAR,FARQUHAR,7,1633,,,756,758,753,756,748,1633,1043
OXFORDSHIRE,OXFORDSHIRE,7,1626,,,249,256,6,261,262,1626,1261
CANDY,CANDY,7,1625,,70,219,216,1625,1597,1599,547,
COLBERT,COLBERT,7,1624,,,136,1624,1603,1604,1603,1010,998
BUTTON,BUTTON,7,1621,,,1170,1621,1433,1433,1434,485,493
COMMENTARY,COMMENTARY,7,1621,1778,42,,1621,43,43,43,44,29
GUERNSEY,GUERNSEY,7,1621,1810,96,1621,213,,222,215,620,855
STILLINGFLEET,STILLINGFLEET,7,1620,,,938,1208,1201,1252,1201,1620,807
PILOT,PILOT,7,1619,,19,938,1619,944,944,1207,59,
SOPHOCLES,SOPHOCLES,7,1619,,,75,668,590,589,589,765,1619
PASSOVER,PASSOVER,7,1617,,,75,1617,1616,1613,1612,1488,738
PRUNING,PRUNING,7,1617,,27,1195,1195,1616,1617,1617,24,
DUNSTAN,DUNSTAN,7,1616,,,54,1603,1614,1616,1606,549,1308
CHARTER,CHARTER,7,1615,1810,95,508,195,,195,177,177,1615
PILE,PILE,7,1612,,51,149,1612,1605,1610,1609,185,
CINALOA,CINALOA,7,1609,,19,56,55,56,56,52,1609,
BATMAN,BATMAN,7,1605,,,29,29,29,29,29,16,1605
ALE,ALE,7,1603,1815,125,700,1603,1402,,1449,667,637
MONK,MONK,7,1600,1842,168,1138,1140,390,374,723,,1600
ERIGENA,ERIGENA,7,1598,,,793,793,795,792,793,1598,410
SAVOY,SAVOY,7,1589,1842,51,1370,1573,1583,1581,1589,,846
WILKINS,WILKINS,7,1587,,,192,204,199,199,199,621,1587
FLINTSHIRE,FLINTSHIRE,7,1585,,,138,199,201,202,1512,1400,1585
SERVANT,SERVANT,7,1583,,29,1583,1115,1128,1130,1129,171,
IDES,IDES,7,1577,,118,1577,284,286,286,286,295,
CAMP,CAMP,7,1569,1823,569,1291,1569,567,372,,442,399
MARATHON,MARATHON,7,1569,,,66,1564,1569,1569,1558,74,219
PATRICK,PATRICK,7,1567,,,427,1340,1566,1566,1567,1323,699
GALLOWAY,GALLOWAY,7,1566,1842,85,232,150,151,151,151,,1566
PLUTARCH,PLUTARCH,7,1566,,,1368,1562,1563,1566,1566,751,877
MULE,MULE,7,1563,,24,1282,1563,238,239,239,104,
PLOTINUS,PLOTINUS,7,1554,,,463,1552,1554,1554,1553,1530,1263
JURA,JURA,7,1551,,,1139,1507,1551,1549,1538,748,712
MARS,MARS,7,1551,1842,28,235,1271,583,589,1551,,362
DRUNKENNESS,DRUNKENNESS,7,1549,,32,557,1549,1529,1545,1531,1145,
PEARCE,PEARCE,7,1549,,,1165,1549,1542,1547,1541,1110,490
DIFFERENTIAL,DIFFERENTIAL,7,1546,,,105,72,1546,1465,1488,114,109
ALIMENT,ALIMENT,7,1545,1842,44,657,966,952,568,1545,,131
ROTTERDAM,ROTTERDAM,7,1544,1778,35,,1540,1544,1542,1479,551,1022
DISEASE,DISEASE,7,1541,,27,803,1541,1036,1039,1038,28,
PISA,PISA,7,1541,,,397,1208,1204,1202,1204,271,1541
APOSTLE,APOSTLE,7,1534,,,1534,744,730,728,729,745,134
SCARRON,SCARRON,7,1533,,,907,1532,1532,1533,1531,1352,1359
SELKIRKSHIRE,SELKIRKSHIRE,7,1533,,,171,398,454,477,460,18,1533
ARMS,ARMS,7,1530,,,144,1529,1530,1522,1518,201,45
MIDAS,MIDAS,7,1529,,,206,402,381,1529,381,374,330
CAILLE,CAILLE,7,1528,,,1502,1507,1507,1504,1504,1528,602
WARDROBE,WARDROBE,7,1528,,67,67,1528,437,436,437,438,
ELEUTHERIA,ELEUTHERIA,7,1527,1778,56,,373,1527,371,373,376,430
SABLE,SABLE,7,1525,,54,901,1506,1496,1525,1514,114,
MANNA,MANNA,7,1522,1842,150,537,1522,711,713,688,,1084
SADDUCEES,SADDUCEES,7,1520,,215,190,1520,1520,1519,1514,1461,
EPICUREAN_PHILOSOPHY,EPICUREAN PHILOSOPHY,7,1519,1842,480,481,480,483,483,483,,1519
CASAS,CASAS,7,1516,,,263,263,264,263,263,1516,556
GRANT,GRANT,7,1516,,24,1516,984,984,979,979,371,
VOSSIUS,VOSSIUS,7,1516,,,264,263,79,79,80,1516,1174
CONICHTHYODONTES,CONICHTHYODONTES,7,1508,,,46,44,1508,17,17,62,28
IMAGE,IMAGE,7,1508,,44,107,1508,1503,1504,266,950,
TERPANDER,TERPANDER,7,1499,,,520,452,1499,218,1445,719,683
HUNTINGDONSHIRE,HUNTINGDONSHIRE,7,1498,,,169,241,241,394,239,1128,1498
RADIUS,RADIUS,7,1490,1842,27,51,52,52,52,52,,1490
ARBUTHNOT,ARBUTHNOT,7,1489,,,705,706,1489,1473,1477,1461,1085
CAVE,CAVE,7,1483,,,537,1475,1481,1481,1483,1412,742
ASTRACAN,ASTRACAN,7,1474,,41,1458,1402,1409,1474,1473,859,
ROOKE,ROOKE,7,1467,,,805,929,929,930,1467,847,448
WHEEL,WHEEL,7,1466,,35,375,167,1466,1465,1466,152,
LEAKE,LEAKE,7,1465,,,1259,1463,1463,1463,1465,1425,497
ARMINIANS,ARMINIANS,7,1459,,,250,984,1441,1014,1459,444,437
HALIFAX,HALIFAX,7,1453,,,918,1453,1437,1439,1158,785,1338
VILLENAGE,VILLENAGE,7,1449,,86,1449,1328,1336,1335,1323,808,
BENTHAM,BENTHAM,7,1448,,,289,294,287,287,287,249,1448
AGRA,AGRA,7,1441,1778,35,,159,160,159,361,1135,1441
JUDENBURG,JUDENBURG,7,1440,,,45,91,45,45,45,76,1440
SURAT,SURAT,7,1438,,,495,1076,1429,1429,1438,805,594
ANAXAGORAS,ANAXAGORAS,7,1435,,,342,341,936,1422,1435,853,888
LINDUS,LINDUS,7,1432,,,91,298,1432,301,300,269,146
GALLAND,GALLAND,7,1428,,,78,112,112,112,112,1428,862
CALF,CALF,7,1427,1823,46,918,1066,1071,1427,,333,329
CARRIER,CARRIER,7,1424,,,342,342,342,741,741,155,1424
LABYRINTH,LABYRINTH,7,1422,,,195,1422,1283,1287,1283,475,279
GENDER,GENDER,7,1420,,97,284,1420,329,322,321,291,
COLOGNE,COLOGNE,7,1416,,,1403,1400,1412,1416,1372,260,677
CASATI,CASATI,7,1415,,,538,582,98,546,571,1415,95
CHARIOT,CHARIOT,7,1411,1797,266,1411,,590,189,590,581,683
BYZANTIUM,BYZANTIUM,7,1409,,,918,911,911,911,911,930,1409
CELEBES,CELEBES,7,1408,,,562,561,577,575,750,751,1408
BETTERTON,BETTERTON,7,1407,,,1407,1363,902,1366,1365,1283,616
LYONS,LYONS,7,1404,1797,78,212,,204,204,209,843,1404
MEAD,MEAD,7,1399,1823,165,1110,1139,1399,1395,,592,387
SYMPATHY,SYMPATHY,7,1398,,45,24,24,1398,1393,24,281,
CEBES,CEBES,7,1397,,,30,121,1397,122,122,116,131
EPIRUS,EPIRUS,7,1397,,,899,899,899,898,898,1129,1397
CAPRIFICATION,CAPRIFICATION,7,1394,,96,893,1350,1384,1383,1394,71,
LYCURGUS,LYCURGUS,7,1392,,,303,303,302,303,302,606,1392
CORACOMANTES,CORACOMANTES,7,1390,,11,569,1390,28,28,10,12,
COMINES,COMINES,7,1380,,,184,72,184,185,185,1380,1256
PALATINE,PALATINE,7,1380,,82,1106,1380,1047,1047,1214,56,
CIMBRI,CIMBRI,7,1377,,,1344,840,1346,1350,1377,1357,1355
ELGIN,ELGIN,7,1375,1810,29,233,305,,781,303,1375,994
DALTON,DALTON,7,1373,,,256,257,257,258,260,248,1373
CHRONOMETER,CHRONOMETER,7,1372,,,1368,1329,1372,1331,1330,48,164
MANDEVILLE,MANDEVILLE,7,1371,,,304,304,307,306,306,1371,811
FALSE,FALSE,7,1365,,26,162,24,24,1365,301,22,
IMITATION,IMITATION,7,1365,,133,1063,1365,640,1188,1195,438,
MONASTERY,MONASTERY,7,1364,,203,201,1363,1356,1364,1353,700,
BAHUS,BAHUS,7,1360,,29,31,31,31,31,31,1360,
WOLFE,WOLFE,7,1357,,,798,1354,1357,1356,1355,795,189
HARRISON,HARRISON,7,1355,,,1059,1355,1351,1351,897,1248,294
RATCHETS,RATCHETS,7,1354,,22,20,1354,21,21,21,742,
SOLID,SOLID,7,1352,,31,227,275,1256,215,1352,141,
ISSUS,ISSUS,7,1351,,,1350,1350,1351,1351,1351,30,191
BERNARD,BERNARD,7,1342,,,1342,1341,1342,1342,1342,1315,1264
NARCISSUS,NARCISSUS,7,1342,,,1342,1252,140,141,139,120,107
CURRENT,CURRENT,7,1341,,,940,1334,1340,1341,1340,1014,72
HILL,HILL,7,1340,,,1337,1335,1339,1338,1340,899,812
PENRYN,PENRYN,7,1337,1842,25,39,356,354,355,347,,1337
BACCHUS,BACCHUS,7,1334,,,1296,674,811,673,721,227,1334
BASS,BASS,7,1331,,,408,403,1331,415,991,187,113
CHAOS,CHAOS,7,1328,,,110,81,636,1328,637,440,132
RELICS,RELICS,7,1328,,36,38,1326,1322,1328,1323,564,
SHIELD,SHIELD,7,1325,,,46,1166,1165,1162,1154,1325,473
CORDOVA,CORDOVA,7,1324,1810,49,187,1324,,1314,842,1188,1141
EPAMINONDAS,EPAMINONDAS,7,1324,,,384,379,381,380,357,1324,54
SALEP,SALEP,7,1324,1842,221,1286,1320,1324,1322,1322,,77
HELVETIUS,HELVETIUS,7,1320,,,168,260,747,746,745,810,1320
PERJURY,PERJURY,7,1320,1842,53,759,1318,1320,1318,1319,,219
BUOY,BUOY,7,1316,1778,208,,473,464,1316,464,132,187
MARGARET,MARGARET,7,1315,,,709,1311,1299,1315,956,47,138
GRUTER,GRUTER,7,1309,,,162,162,163,163,163,1309,311
GRANITE,GRANITE,7,1306,1842,175,805,1306,47,45,45,,211
AQUINAS,AQUINAS,7,1305,,,243,243,244,308,243,241,1305
ADVOCATE,ADVOCATE,7,1303,1810,618,581,930,,932,928,1303,1262
AGRIPPA,AGRIPPA,7,1303,,,394,1303,1300,1299,1300,40,1106
COREA,COREA,7,1303,,,196,1296,1303,1303,1281,455,558
BULGARIA,BULGARIA,7,1300,1810,51,109,502,,179,414,1300,642
POLYCARP,POLYCARP,7,1300,,,265,1242,1254,1242,1242,1283,1300
TEUTONIC,TEUTONIC,7,1297,,45,409,1297,417,417,416,26,
COPYHOLD,COPY-HOLD,7,1294,1842,106,105,111,111,111,111,,1294
ATLANTIC_OCEAN,ATLANTIC OCEAN,7,1282,1842,15,15,15,15,15,15,,1282
SADLER,SADLER,7,1280,,,327,210,211,211,211,472,1280
DENNIS,DENNIS,7,1271,1810,18,1271,1270,,1234,1233,1230,857
FELONY,FELONY,7,1270,,,1264,1270,1270,1260,758,1226,836
ANTHROPOPHAGI,ANTHROPOPHAGI,7,1268,,,412,1252,1252,1268,716,621,756
ANGER,ANGER,7,1265,,,224,1260,1265,1235,1235,346,341
BENEFICE,BENEFICE,7,1260,,1260,563,790,701,620,696,591,
REFLECTION,REFLECTION,7,1255,,114,124,286,1255,1254,1231,227,
PISISTRATUS,PISISTRATUS,7,1252,,,38,1252,1127,1128,1126,562,562
PEWTER,PEWTER,7,1249,1778,71,,67,116,116,1249,865,643
GNOSTICS,GNOSTICS,7,1242,,41,249,1242,1241,1235,1232,1221,
DAVILA,DAVILA,7,1241,,,233,509,722,508,508,1241,905
EUSTATHIUS,EUSTATHIUS,7,1240,,,81,83,1240,1240,81,685,410
ECCLESIASTES,ECCLESIASTES,7,1239,,,90,90,92,93,28,89,1239
HARRINGTON,HARRINGTON,7,1238,,,812,478,481,479,216,58,1238
ANNEXATION,ANNEXATION,7,1237,1842,34,1233,1234,1237,1234,1237,,61
MOSCHUS,MOSCHUS,7,1236,1815,285,1236,1223,194,,194,220,110
MAJORCA,MAJORCA,7,1232,1842,49,566,567,565,566,125,,1232
PROOF,PROOF,7,1224,,16,999,1221,1221,1224,1223,51,
CHARRON,CHARRON,7,1223,,,71,71,71,1223,71,75,71
SNEEZING,SNEEZING,7,1223,,49,52,1202,978,1223,1200,1199,
VIRTUE,VIRTUE,7,1222,,48,60,8,1222,53,54,48,
TERM,TERM,7,1221,,81,95,1221,1137,1125,1137,107,
ANASTASIS,ANASTASIS,7,1220,,32,32,804,1212,1214,1220,79,
FLAME,FLAME,7,1220,,68,1220,1220,1216,1219,1215,133,
CHORD,CHORD,7,1217,1778,97,,1216,1217,1217,1215,512,69
ILEX,ILEX,7,1211,,130,992,1211,28,28,27,26,
CIVIC_CROWN,CIVIC CROWN,7,1208,,39,186,174,29,354,1208,187,
COLOPHONY,COLOPHONY,7,1206,1842,39,110,110,110,1206,66,,37
SAMARIA,SAMARIA,7,1206,,13,205,1204,1206,1182,1182,127,
AMES,AMES,7,1201,,,185,186,186,186,1011,1201,492
BOLEYN,BOLEYN,7,1200,,,48,926,924,927,927,1200,86
INDUS,INDUS,7,1198,,94,164,26,26,26,26,1198,
REVERSION,REVERSION,7,1196,,,1196,734,729,691,659,145,145
COLUMBANUS,COLUMBANUS,7,1195,,,1195,208,208,208,165,164,262
APOCRYPHA,APOCRYPHA,7,1194,,,519,520,523,523,603,477,1194
SINKING_FUND,SINKING FUND,7,1193,,37,42,42,1162,1183,1193,40,
ASTURIAS,ASTURIAS,7,1191,,,170,167,167,167,171,1191,1103
MARBLING,MARBLING,7,1191,,200,1183,1187,1190,1187,1191,99,
ZEND,ZEND,7,1191,,234,233,600,602,602,602,1191,
CALLAO,CALLAO,7,1190,,,276,1190,281,281,167,389,438
LANCASTER,LANCASTER,7,1190,,,131,421,426,424,503,255,1190
REASONING,REASONING,7,1185,,38,38,38,38,38,1185,40,
RHAMNUS,RHAMNUS,7,1184,1842,38,348,1184,317,317,331,,104
HOLT,HOLT,7,1172,,,215,44,213,213,213,739,1172
DELOS,DELOS,7,1165,,,1164,1165,1165,1165,1165,645,567
GYMNOTUS,GYMNOTUS,7,1164,1842,82,1164,865,235,236,41,,18
HIRE,HIRE,7,1163,,,118,117,442,442,443,508,1163
MACASSAR,MACASSAR,7,1163,,,490,191,1163,192,197,268,167
MAIL,MAIL,7,1161,,37,78,217,1161,214,218,147,
STAR,STAR,7,1161,,93,886,886,1160,1161,902,540,
ANDROS,ANDROS,7,1160,,,912,1160,940,939,940,512,470
FISHER,FISHER,7,1160,,,235,445,520,520,520,1160,732
OMBRE,OMBRE,7,1159,,23,740,1159,743,762,742,704,
LARDNER,LARDNER,7,1157,,,135,1100,1154,1155,1157,1038,409
BRINE,BRINE,7,1152,,92,7,197,1152,197,198,7,
CORELLI,CORELLI,7,1152,,,845,1126,1125,1152,1125,1098,246
SPONGIA,SPONGIA,7,1150,,55,55,1150,372,371,372,343,
HANSE,HANSE,7,1149,,14,1146,1149,1141,1140,1140,87,
OSNABURG,OSNABURG,7,1144,1842,62,530,1144,1099,1102,1110,,603
ACTIVE,ACTIVE,7,1135,1778,64,,264,286,286,1135,160,89
ARREST,ARREST,7,1135,,182,1069,1071,1135,1133,1132,366,
LUSATIA,LUSATIA,7,1135,1842,38,1082,1083,874,1135,1100,,91
MELODY,MELODY,7,1130,,32,1129,1130,1129,1130,1129,1059,
PERSEPOLIS,PERSEPOLIS,7,1129,1842,38,439,1121,1128,1128,1129,,277
BASSET,BASSET,7,1128,,,758,1128,1120,1118,1118,1061,1097
TINNING,TINNING,7,1119,,51,65,1119,46,46,67,42,
BLIGHT,BLIGHT,7,1118,1842,1118,392,393,388,391,387,,36
HARTLEY,HARTLEY,7,1118,,,213,222,296,292,292,1118,428
DACCA,DACCA,7,1114,,,475,473,474,477,473,684,1114
CORNEILLE,CORNEILLE,7,1113,,,407,411,403,1113,406,779,827
ANNALS,ANNALS,7,1112,,,131,131,114,115,115,134,1112
MEURSIUS,MEURSIUS,7,1109,,,182,1109,1033,1033,1032,1086,653
RAVENNA,RAVENNA,7,1108,1778,22,,285,286,286,288,205,1108
NUMBERS,NUMBERS,7,1107,,188,514,565,568,569,568,1107,
BAIL,BAIL,7,1103,1842,191,1097,1103,1094,1102,1102,,55
ASSEMBLY,ASSEMBLY,7,1101,,,90,209,246,248,209,35,1101
BROUGH,BROUGH,7,1099,,,43,1099,1097,1096,1074,74,924
GRAHAM,GRAHAM,7,1098,,,508,516,515,514,514,746,1098
ADORATION,ADORATION,7,1095,1815,10,1086,1089,1095,,1095,946,940
AHAB,AHAB,7,1094,,,36,1092,1094,1093,1093,1078,263
CRESSY,CRESSY,7,1093,,44,45,830,1092,1092,1093,52,
DECIPHERING,DECIPHERING,7,1093,1842,286,21,1092,1093,149,149,,134
JONAH,JONAH,7,1090,1842,289,187,187,188,188,187,,1090
ELEPHANT,ELEPHANT,7,1078,1842,100,236,1078,238,240,240,,154
AKENSIDE,AKENSIDE,7,1077,,,102,945,367,367,941,941,1077
CUDWORTH,CUDWORTH,7,1077,,,170,480,479,479,490,1077,851
CARD,CARD,7,1070,,,978,1027,1028,1027,1027,1024,1070
PORT,PORT,7,1069,,,1069,1005,1010,1009,1009,227,149
BRAHE,BRAHE,7,1067,,,918,916,919,917,917,1067,983
CLAVIUS,CLAVIUS,7,1067,,,67,67,1067,69,5,68,41
OZANAM,OZANAM,7,1067,,,517,308,322,322,322,1067,233
PAROS,PAROS,7,1067,,,63,1066,1066,1067,1026,101,194
MERCURY,MERCURY,7,1062,,35,1062,848,855,856,21,551,
LOTTERY,LOTTERY,7,1061,,76,768,918,919,920,918,1061,
BOATSWAIN,BOATSWAIN,7,1056,1797,1056,243,,242,244,257,130,80
MERCHANT,MERCHANT,7,1055,,28,1052,1052,921,1055,1054,27,
DEPRIVATION,DEPRIVATION,7,1053,1778,15,,136,1053,137,137,140,96
FLAMINIUS,FLAMINIUS,7,1053,,,93,337,337,93,335,1053,96
FORGERY,FORGERY,7,1053,1778,30,,503,818,824,818,1051,1053
POLYBIUS,POLYBIUS,7,1052,,,119,214,219,214,214,1049,1052
CYDER,CYDER,7,1051,,384,997,1009,1051,1024,1050,35,
DECOY,DECOY,7,1051,,30,1051,1050,1050,1050,618,289,
VENTILATOR,VENTILATOR,7,1051,,25,26,1051,842,841,768,18,
LIST,LIST,7,1048,,44,926,1047,1048,926,929,235,
PERUGIA,PERUGIA,7,1047,1823,17,60,60,61,60,,294,1047
SARCOPHAGUS,SARCOPHAGUS,7,1046,,,574,574,1046,450,1041,319,136
LASCARIS,LASCARIS,7,1041,,,259,259,259,259,259,1041,662
TONE,TONE,7,1039,,44,1039,217,218,217,217,30,
AMBRACIA,AMBRACIA,7,1038,,,1021,1023,479,1038,1023,1022,616
DOMESDAY,DOMESDAY,7,1038,1842,143,1005,1034,1038,1038,1025,,1004
HOLBEIN,HOLBEIN,7,1037,,,877,875,878,877,879,1037,480
HOLSTEIN,HOLSTEIN,7,1037,,121,1025,1037,1037,1036,1033,538,
NEPOS,NEPOS,7,1037,,,47,1037,300,300,258,1029,680
BACHELOR,BACHELOR,7,1032,,,204,1027,1031,1031,1032,341,328
WESTMORELAND,WESTMORELAND,7,1032,,27,1032,280,284,283,217,1016,
AMONTONS,AMONTONS,7,1031,,,168,168,251,251,251,1031,677
LILLY,LILLY,7,1026,,,996,894,588,895,306,431,1026
DIANA,DIANA,7,1024,,,109,683,683,683,683,588,1024
CHILTERN,CHILTERN,7,1021,,65,746,1015,205,435,1021,417,
MONTMORENCY,MONTMORENCY,7,1021,,,258,257,44,44,45,46,1021
HYPERIDES,HYPERIDES,7,1019,,,57,57,57,57,57,644,1019
GARDINER,GARDINER,7,1013,,,142,143,142,143,143,885,1013
HESSE,HESSE,7,1012,,,676,699,696,698,676,787,1012
ARIANS,ARIANS,7,1010,1823,29,169,975,1010,1010,,302,304
CASTRO,CASTRO,7,1010,1815,163,53,1010,115,,115,38,50
MARACAYBO,MARACAYBO,7,1010,,,121,121,122,131,131,1010,697
AARON,AARON,7,1009,,,95,549,1009,560,986,558,575
RIDLEY,RIDLEY,7,1009,,,486,710,1009,1008,1007,975,487
WOLLASTON,WOLLASTON,7,1008,,,329,345,344,344,344,996,1008
ADAMSON,ADAMSON,7,1005,,,849,847,1005,1005,1004,978,677
CAPITOLINUS,CAPITOLINUS,7,1005,,,40,40,40,40,40,963,1005
THULE,THULE,7,1005,,10,1005,55,56,56,56,54,
NEGROPONT,NEGROPONT,7,1004,,47,281,482,282,281,282,1004,
ROBINS,ROBINS,7,1003,,,885,970,969,969,969,939,1003
FORTUNE,FORTUNE,7,1002,,29,367,970,1002,1001,970,756,
FLANEL,FLANEL,7,1001,,57,17,973,1001,851,925,969,
ENTOMOLOGY,ENTOMOLOGY,6,268917,,,,7956,91987,92477,91469,254388,268917
FARRIERY,FARRIERY,6,166930,,42122,52240,68304,166421,64368,166930,,
AMERICA,AMERICA,6,148943,1810,276,150,89418,,110381,148943,59028,
MECHANICS,MECHANICS,6,131749,1823,30124,48167,68745,102676,103186,,131749,
STATICS,STATICS,6,122984,,,,1793,1764,1764,1763,1658,122984
ORNITHOLOGY,ORNITHOLOGY,6,121009,1810,,5792,6096,,108629,106176,24420,121009
MAGNETISM,MAGNETISM,6,108464,,,,50787,36803,39049,42224,2036,108464
MINERALOGY,MINERALOGY,6,97093,,,44132,81686,97093,84505,96697,94503,
THEOLOGY,THEOLOGY,6,89578,,,,89578,65146,82037,84468,47330,51965
STRAIN,STRAIN,6,84821,1778,13,,469,468,468,468,84821,
PHYSIC,PHYSIC,6,82813,,,32,32,32,32,32,82813,
ORDER,ORDER,6,79138,1810,135,61673,62866,,63634,79138,782,
METEOROLOGY,METEOROLOGY,6,67934,,,,9128,29997,30866,30187,42314,67934
MATERA,MATERA,6,63391,1842,,32,32,46112,28766,63391,,124
METALLURGY,METALLURGY,6,57625,,,35696,57625,76,77,77,49,
MATERIA_MEDICA,MATERIA MEDICA,6,57531,1842,,18112,22591,45019,57531,24110,,312
MICROSCOPE,MICROSCOPE,6,56423,1823,,102,56423,11964,44022,,34358,48358
DYNAMICS,DYNAMICS,6,55251,,,,54611,42718,44101,41549,55251,53574
ANNUITIES,ANNUITIES,6,54228,1797|1810,5626,4401,,,1501,54228,36938,28066
REVOLUTION,REVOLUTION,6,53625,1778,101,,53625,334,338,98,265,
ORATORY,ORATORY,6,53080,,,51848,52926,5435,53080,35417,39,
COOK,COOK,6,44933,,,,44446,43787,44933,43346,12310,1703
PYROTECHNY,PYROTECHNY,6,43301,1797,,37755,,43036,42843,43301,2623,2018
BEDFORDSHIRE,BEDFORDSHIRE,6,43130,1797,,198,,643,650,43130,1299,1373
GALVANISM,GALVANISM,6,43091,,,,19562,42842,43091,40602,269,124
FURNACE,FURNACE,6,42644,,,3538,3552,41197,42644,42622,10835,
SERPENS,SERPENS,6,42624,,,27,11123,1162,1161,1162,42624,
PYROPHORUS,PYROPHORUS,6,42540,,,2998,42540,40,40,40,40,
TELESCOPE,TELESCOPE,6,41821,1842,,27,37296,41286,41821,39094,,33235
PLATO,PLATO,6,40179,,,,3505,3507,3542,3509,40179,11059
RESISTANCE,RESISTANCE,6,39536,1778,67,,37633,39536,38476,2652,2605,
CONIC_SECTIONS,CONIC SECTIONS,6,39322,1778|1797,3169,,,30527,30690,26057,39322,38810
EARTH,EARTH,6,37534,1823,35,17214,37534,104,103,,45,
VOCAL,VOCAL,6,37033,1823,36,36,19,36,36,,37033,
TACTICS,TACTICS,6,36044,,,27,36044,30,30,30,30,
WASHINGTON,WASHINGTON,6,35968,,,,4226,1404,1404,1004,1278,35968
PROJECTILES,PROJECTILES,6,34589,,,2994,32809,21225,34562,34589,19947,
FORTH,FORTH,6,33283,1842,,432,848,9868,4576,9866,,33283
NET,NET,6,31764,,,442,302,1562,1566,1564,31764,
PAIN,PAIN,6,31376,,60,627,31376,684,683,568,,
MIDSHIPMAN,MIDSHIPMAN,6,30919,,,30919,1279,1281,1282,1281,30,
POPULATION,POPULATION,6,30459,,,,243,281,284,366,30459,27846
CATENARIA,CATENARIA,6,29571,,30,30,29571,30,30,30,,
PUMP,PUMP,6,28950,,,6815,28950,28891,28746,28162,27049,
ARISTOXENUS,ARISTOXENUS,6,28323,1823,,15158,28323,2052,816,,15930,15476
GENERAL,GENERAL,6,26402,,,420,26402,978,969,969,65,
BLIND,BLIND,6,26277,1842,,16991,25578,26172,25503,26277,,12562
CONSTANTINOPLE,CONSTANTINOPLE,6,25929,,,,25333,25592,14517,25929,1056,2970
TELEGRAPH,TELEGRAPH,6,25877,,,,4160,4155,4158,4177,6102,25877
SCULPTURE,SCULPTURE,6,25820,1778|1842,714,,13203,13253,13247,13240,,25820
LOMBARDS,LOMBARDS,6,25288,1797,,5740,,6431,5747,5739,25288,7459
BERNIER,BERNIER,6,23409,,,,317,382,317,317,23409,131
WOOL,WOOL,6,23076,,,257,1922,2512,2509,2511,23076,
PERSONIFYING,PERSONIFYING,6,22164,1823,55,56,19767,21105,22164,,15887,
SPECIFICS,SPECIFICS,6,21213,,,96,9715,21213,20479,21042,172,
COAL,COAL,6,20717,,51,959,3112,3103,2908,20717,,
SCOTT,SCOTT,6,20328,1823,,113,115,113,113,,9572,20328
LIGHT,LIGHT,6,20233,,30,10948,20233,12912,11391,11358,,
ARCHIMEDES,ARCHIMEDES,6,20144,1797,,668,,20144,1330,1570,1362,1329
FORTIFICATION,FORTIFICATION,6,20025,1810|1823,8723,8625,8466,,5410,,19316,20025
BOOKKEEPING,BOOK-KEEPING,6,19553,1810,,19242,19215,,19553,12590,13217,11940
CHROMATIC,CHROMATIC,6,19509,1810,48,632,634,,635,19509,608,
ENGRAILED,ENGRAILED,6,19475,1815,,39,39,40,,40,14711,19475
BOSCOVICH,BOSCOVICH,6,19224,,,,13255,18714,19224,18230,4311,1953
JEWS,JEWS,6,19009,,161,17602,18982,19009,18977,18983,,
GALILEO,GALILEO,6,18820,1823,,695,702,692,669,,18820,18808
VOLTAIRE,VOLTAIRE,6,18704,1810,,2151,1723,,1724,1722,2608,18704
ZINC,ZINC,6,18658,,,232,455,18658,8662,18594,48,
LIGHTNING,LIGHTNING,6,18350,,,9955,18350,363,363,362,181,
SECT,SECT,6,18039,1797|1815,18,4952,,339,,12753,18039,63
CENTENARIUS,CENTENARIUS,6,17880,,,214,213,213,78,78,17880,
GIBBON,GIBBON,6,17387,,,,9374,1663,1628,1628,17387,15199
MINE,MINE,6,17037,,1396,1436,17037,6647,6651,6647,,
MOTION,MOTION,6,16858,,,4486,16858,15854,15260,15835,2968,
NAPIER,NAPIER,6,16496,,,,2415,2415,2391,2392,16496,2945
PLANISPHERE,PLANISPHERE,6,16262,1797,,32,,15444,15889,16262,31,13
GREAVES,GREAVES,6,16135,,,,313,313,313,313,423,16135
BANKING,BANKING,6,15476,,,170,170,171,171,15476,18,
LIVERPOOL,LIVERPOOL,6,15309,1778|1823,18,,999,1243,1223,,15309,1791
ELECTORATE,ELECTORATE,6,15306,1823,15306,28,28,28,28,,27,
ANTIQUITIES,ANTIQUITIES,6,15149,,,1269,1238,1238,1262,1207,15149,
DRYDEN,DRYDEN,6,15062,,,3547,3546,3546,3547,3535,15062,
ARISTOTLE,ARISTOTLE,6,14825,,,1583,1272,1268,1270,14825,2490,
POLYTHEISM,POLYTHEISM,6,14649,1810,,13,14454,,9185,13633,14649,313
SOCIETY,SOCIETY,6,14575,1815|1842,1165,714,14575,7874,,2026,,65
GALEN,GALEN,6,14474,,,469,5572,498,498,14474,674,
FRANKLIN,FRANKLIN,6,13714,,,,2415,3974,3979,3973,403,13714
FELIS,FELIS,6,13649,1778|1842,4635,,13649,316,316,316,,4
MANCHESTER,MANCHESTER,6,13604,1797,,301,,2991,2975,2786,13604,10506
FRIENDLY_ISLANDS,FRIENDLY ISLANDS,6,13551,,,,13548,13542,13551,12488,73,3500
THUNDER,THUNDER,6,13328,,,533,13328,44,44,44,44,
CHRISTIANA,CHRISTIANA,6,13281,,30,23,24,23,13281,13194,,
HOUND,HOUND,6,13281,,,,3592,3588,3587,3588,6956,13281
DIFF,DIFF,6,13065,,,,57,57,57,57,13065,17
BURNING,BURNING,6,13054,,793,4771,5677,13038,13054,5655,,
MENES,MENES,6,12999,,,99,111,111,111,111,12999,
MIGRATION,MIGRATION,6,12947,,15,4958,5759,10450,12947,10444,,
CONGELATION,CONGELATION,6,12895,,,4111,12895,12202,12201,12214,4,
CATHERINE,CATHERINE,6,12492,,,,80,12492,81,81,81,65
MOSS,MOSS,6,12388,1823,73,2906,12388,3209,3208,,1954,
AUXONNE,AUXONNE,6,12200,1810,,59,59,,104,97,11754,12200
INSTINCT,INSTINCT,6,12198,1823|1842,19,96,12198,11749,11591,,,1646
ARCHITRAVE,ARCHITRAVE,6,12079,1810|1823,76,93,39,,38,,11750,12079
BAGDAD,BAGDAD,6,11969,,,10853,11969,11959,11931,11388,3680,
GARDEN,GARDEN,6,11857,,,11188,9856,11857,4499,4398,374,
ANAS,ANAS,6,11820,,1615,4902,11820,155,155,155,,
GEOMANCY,GEOMANCY,6,11598,,,,11598,114,115,115,3950,202
COLOURS,COLOURS,6,11548,,,11219,11538,11511,11548,11544,138,
KEPLER,KEPLER,6,11535,1815,,526,526,825,,1219,11418,11535
INSTAURATION,INSTAURATION,6,11427,,16,82,82,74,75,11427,,
DEBILITY,DEBILITY,6,11409,,12,12,11409,12,12,12,,
MYTHOLOGY,MYTHOLOGY,6,11364,1810|1815,4683,4384,7418,,,11166,11364,11116
BRASIL,BRASIL,6,11352,,331,2427,2421,2441,3499,11352,,
HYGROMETER,HYGROMETER,6,11248,,68,4236,10195,11232,11230,11248,,
POLIANTHES,POLIANTHES,6,11138,,,730,764,539,541,540,11138,
EUDIOMETER,EUDIOMETER,6,11135,,,6158,11135,310,309,50,35,
FISHERY,FISHERY,6,11119,,4791,7747,11119,9779,9788,9755,,
PHILIP,PHILIP,6,11083,,,,11083,11078,11056,10385,486,266
PLYNTERIA,PLYNTERIA,6,10917,,,,141,53,141,142,4049,10917
CLOCK,CLOCK,6,10604,,100,2726,9282,10363,5911,10604,,
ARSURA,ARSURA,6,10511,,,,10511,10502,10492,10509,120,118
AURORA_BOREALIS,AURORA BOREALIS,6,10467,,,,6165,4260,6196,6111,10426,10467
PETERSBURG,PETERSBURG,6,10171,1823,,1557,4387,4815,4828,,10171,10158
KNOX,KNOX,6,10048,1815,,988,988,987,,986,10048,7048
SIGN,SIGN,6,9979,,53,63,2659,9966,9979,9486,,
PETRARCH,PETRARCH,6,9907,,,456,1546,1536,1553,1551,9907,
BALTIC_SEA,BALTIC SEA,6,9905,1823,,65,73,73,73,,9905,2410
HANWAY,HANWAY,6,9711,,,,3645,3620,3627,3647,1179,9711
MOORE,MOORE,6,9699,,,,413,412,404,410,7716,9699
QUICKLIME,QUICKLIME,6,9496,,,4242,9496,33,1161,1161,55,
DRAYTON,DRAYTON,6,9429,1815,,4076,308,309,,310,9429,366
HOTEL,HOTEL,6,9347,,,103,103,9347,102,102,26,
EDWARD,EDWARD,6,9325,1797,,11,,11,11,11,653,9325
GENDARMES,GENDARMES,6,9245,,115,362,381,9245,385,384,,
GREENLAND,GREENLAND,6,9242,1823,,6424,6718,6087,6660,,9242,8544
RAMSAY,RAMSAY,6,9107,,,,7592,8729,8872,9107,2394,807
MOON,MOON,6,9106,1778,55,,9106,3610,3545,3032,1715,
HUNTER,HUNTER,6,9042,,,,7057,8450,9042,8461,4610,7005
DRAWING,DRAWING,6,8966,1842,,5488,7818,8230,8966,8138,,4982
CAPRA,CAPRA,6,8919,,1034,3126,8919,49,49,49,,
LITTLETON,LITTLETON,6,8816,1797,,361,,1005,367,366,362,8816
IGNATIUS,IGNATIUS,6,8780,1797,,1728,,1409,8780,1302,1013,829
DIOPHANTINE_PROBLEMS,DIOPHANTINE PROBLEMS,6,8750,,,,8750,5393,382,302,64,67
SUPPER,SUPPER,6,8660,,,94,7429,8641,8398,8660,7792,
DRUSES,DRUSES,6,8654,,,,8654,7632,8645,8643,3857,3850
PHOCA,PHOCA,6,8652,,234,3248,8652,888,889,891,,
PLANTERSHIP,PLANTERSHIP,6,8345,,,8345,8263,8274,8282,8287,50,
MOOR,MOOR,6,8316,,,,638,48,48,48,8316,865
AUSONIUS,AUSONIUS,6,8260,1810,,362,361,,362,361,324,8260
SHERIDAN,SHERIDAN,6,8210,,,,1040,1046,1047,1045,838,8210
PLOUGH,PLOUGH,6,8142,1815,55,54,8142,57,,57,43,
PHLOGISTON,PHLOGISTON,6,7951,,,7951,1755,1340,1718,1719,1757,
ROUSSEAU,ROUSSEAU,6,7885,1815,,1471,7885,7835,,2707,899,3777
QUANGTONG,QUANG-TONG,6,7874,,,,7638,246,7660,247,7874,140
DICTIONARY,DICTIONARY,6,7840,1797,,347,,5411,5412,267,7840,6146
VAN,VAN,6,7794,1842,,25,25,25,25,99,,7794
STEEL,STEEL,6,7714,,,4068,7714,6547,2416,4732,3217,
INOCULATION,INOCULATION,6,7639,,,631,7639,2430,2429,2431,872,
BATHING,BATHING,6,7627,,,,1235,2054,2058,7035,826,7627
CRETE,CRETE,6,7613,1823,,1824,7331,7613,7313,,5019,4626
MACQUER,MACQUER,6,7519,,,,516,528,527,528,7519,88
BASALTES,BASALTES,6,7494,,193,627,7303,7492,7494,7475,,
VARIATION,VARIATION,6,7481,1815,,1574,7481,6229,,5543,80,80
ALTZEG,ALTZEG,6,7474,,,29,29,70,29,70,7474,
DAIRY,DAIRY,6,7469,,,,447,385,385,7045,7469,7454
PLAGUE,PLAGUE,6,7412,,,,3080,3500,3501,3496,7412,6168
ANIMAL,ANIMAL,6,7405,,93,6177,7405,6127,6091,6090,,
HARMONIC,HARMONIC,6,7396,,,92,92,7396,92,91,89,
WATCH,WATCH,6,7351,,2503,2414,4812,7351,6563,7015,,
PELEW_ISLANDS,PELEW ISLANDS,6,7170,,,,6012,7147,7150,7170,1795,135
PREROGATIVE,PREROGATIVE,6,7086,,,6507,7086,6762,6981,6754,6625,
CAMPANULA,CAMPANULA,6,7063,,98,2330,2379,7063,7041,7045,,
MOUNTAIN,MOUNTAIN,6,7044,,,283,7044,575,574,574,1952,
BURKE,BURKE,6,7012,,,,7012,5409,5405,5384,4275,4275
COL,COL,6,7003,,,30,7003,47,46,512,29,
SWEET,SWEET,6,6923,,60,35,32,36,32,6923,,
OHIO,OHIO,6,6899,1810|1815,27,129,129,,,394,6899,3720
AVADOUTAS,AVADOUTAS,6,6871,,,108,108,109,109,109,6871,
ALEXANDRETTA,ALEXANDRETTA,6,6796,,10,4175,6796,734,458,737,,
JOINERY,JOINERY,6,6752,1778,37,,37,38,37,40,6752,
STATISTICS,STATISTICS,6,6732,,,,455,1008,1007,423,5032,6732
MARRIAGE,MARRIAGE,6,6706,,287,1612,6662,6706,6656,6638,,
NARRATION,NARRATION,6,6683,,,6384,6035,6683,6378,6338,83,
PEEL,PEEL,6,6683,,,,42,44,44,44,66,6683
STENOGRAPHY,STENOGRAPHY,6,6670,1823,,4490,6670,6521,6669,,4377,3507
ROEBUCK,ROEBUCK,6,6622,,,,6622,1219,1217,1217,749,630
GUNPOWDER,GUNPOWDER,6,6595,,3503,1680,6595,4803,4796,4799,,
CLARKE,CLARKE,6,6589,1823,,863,6589,6500,6288,,5383,3321
BRICK,BRICK,6,6462,1778|1810,886,,2477,,2415,2409,3020,6462
SERPENT,SERPENT,6,6451,1842,,6451,931,944,945,943,,22
JONES,JONES,6,6417,1842,,1513,6417,3123,3122,3126,,1975
ALUM,ALUM,6,6394,,933,60,1048,1711,1709,6394,,
GALWAY,GALWAY,6,6335,,,,571,528,576,1644,6203,6335
SCHEMNITZ,SCHEMNITZ,6,6320,,,50,50,63,48,49,6320,
INSECTS,INSECTS,6,6299,,,3925,6299,3476,3454,3066,2655,
BAVARIA,BAVARIA,6,6284,1797|1842,59,831,,634,861,1920,,6284
BEDOUINS,BEDOUINS,6,6275,,23,14,6275,6267,6268,6269,,
POMPEII,POMPEII,6,6264,1810,,80,547,,2207,2263,4553,6264
BELLENDEN,BELLENDEN,6,6231,,,,603,1826,140,1068,5795,6231
CLAY,CLAY,6,6210,1810|1842,53,263,6210,,762,198,,276
BUKHARIA,BUKHARIA,6,6192,,,2129,2131,2136,2137,2133,6192,
BERNOULLI,BERNOULLI,6,6182,,,,463,508,1184,618,6182,6157
PLATONIC,PLATONIC,6,6172,,,88,6172,171,171,171,90,
MILL,MILL,6,6166,1810,,1068,1729,,1752,1726,6166,2014
MORLACHIA,MORLACHIA,6,6166,,,6164,6166,2857,2855,3879,241,
HOMICIDE,HOMICIDE,6,6144,1823,,3647,3649,3641,3657,,56,6144
DIET,DIET,6,6073,,414,762,5357,763,763,6073,,
ARCHERY,ARCHERY,6,6038,,,,5927,6003,6007,6007,5539,6038
SYDENHAM,SYDENHAM,6,6023,,,,216,216,216,217,235,6023
WINE,WINE,6,5978,,350,2849,5055,5978,5568,5627,,
SECKER,SECKER,6,5940,,,,5940,5824,5852,5851,3140,407
PLYMOUTH,PLYMOUTH,6,5938,,,,943,933,938,943,5830,5938
GRAFTING,GRAFTING,6,5857,,,5840,5857,155,156,64,55,
ALGARVA,ALGARVA,6,5845,,9,72,5845,78,78,78,,
AE,AE,6,5836,,,,117,5002,5833,5836,3776,4054
EUGENE,EUGENE,6,5831,,,,215,215,538,216,5828,5831
SIMSON,SIMSON,6,5657,,,,5627,5655,5657,5645,5264,5269
NEGRO,NEGRO,6,5631,,,,5421,5631,5620,4723,2100,970
BUNYAN,BUNYAN,6,5605,1810,,29,258,,258,258,414,5605
STADIUM,STADIUM,6,5560,1810|1823,18,67,77,,77,,38,5560
FISH,FISH,6,5522,,661,5522,519,520,1961,1517,,
HARMONY,HARMONY,6,5508,1823,33,4527,5508,4530,4529,,576,
NEUTRALITY,NEUTRALITY,6,5490,1823|1842,17,17,17,16,393,,,5490
TAYLOR,TAYLOR,6,5488,1842,,436,2977,2699,2698,2700,,5488
BACK,BACK,6,5479,,111,744,5440,5479,5244,5322,,
MARINE,MARINE,6,5462,,,576,5462,930,730,931,81,
PHOSPHORUS,PHOSPHORUS,6,5450,,,3569,5450,120,120,120,104,
ORDEAL,ORDEAL,6,5426,1810|1823,269,946,5426,,46,,3459,1295
OPHIR,OPHIR,6,5404,,,,5375,4850,5404,4861,173,658
BLAIR,BLAIR,6,5359,,,387,987,4002,4010,4011,5359,
PRICE,PRICE,6,5197,,,,2707,2707,2706,2703,954,5197
SHETLAND,SHETLAND,6,5139,1842,,5139,2471,2443,2427,2428,,2507
ROBERT,ROBERT,6,5137,1842,,105,5137,3088,2536,3088,,453
FERMENTATION,FERMENTATION,6,5115,,54,582,5115,372,340,371,,
BLOCK,BLOCK,6,5112,,,57,425,426,424,427,5112,
CALCUTTA,CALCUTTA,6,5097,1810,,28,2765,,2876,3733,5097,3133
GAUL,GAUL,6,5087,,,3988,3992,4897,5087,5081,859,
TEA,TEA,6,5082,,425,1955,5060,5082,4275,4306,,
PREJUDICE,PREJUDICE,6,5073,,,37,5039,5032,5073,5073,44,
YORKSHIRE,YORKSHIRE,6,5065,1842,,492,2422,2143,2140,2959,,5065
MESSINA,MESSINA,6,5045,,,,4704,4688,5044,5045,212,666
PETRIFICATION,PETRIFICATION,6,4978,1815,182,416,4929,4978,,4974,1115,
MONARCHY,MONARCHY,6,4957,,,,1025,1024,1022,1023,979,4957
WEIGHT,WEIGHT,6,4948,,99,4566,3490,4948,4859,3643,,
PROMISE,PROMISE,6,4931,1778,23,,4931,4880,4924,4655,225,
CONSUL,CONSUL,6,4895,1797,,375,,950,253,949,846,4895
CORONA,CORONA,6,4886,1823,,4855,4314,4569,4886,,1283,2374
BUC,BUC,6,4884,1842,,117,117,117,2634,3798,,4884
EDWARDS,EDWARDS,6,4871,1842,,1396,1396,1387,1387,4871,,1400
BARBOUR,BARBOUR,6,4860,1797,,141,,141,140,140,4860,4803
DADUCHI,DADUCHI,6,4823,1797,,65,,4823,4819,4821,4580,119
BATAVIA,BATAVIA,6,4806,1823,38,45,4806,272,373,,1461,
FOLARD,FOLARD,6,4785,,,,630,648,1097,646,4785,228
STUART,STUART,6,4777,,,,1083,1082,1076,1076,4777,1506
WREN,WREN,6,4763,1842,,235,429,428,428,427,,4763
HUNGER,HUNGER,6,4759,1778,77,,4759,3268,3248,3239,2844,
COMMANDRY,COMMANDRY,6,4758,,,4758,198,198,199,199,200,
SQUALUS,SQUALUS,6,4730,,53,2738,4730,35,35,35,,
OWEN,OWEN,6,4725,1823,,875,927,917,918,,688,4725
JAMES,JAMES,6,4678,,222,1731,4678,3982,3950,3972,,
PRESBYTERIANS,PRESBYTERIANS,6,4635,1797,246,239,,4618,4630,4620,4635,
MATTER,MATTER,6,4603,1823,34,36,243,4603,243,,243,
CROMLECH,CROMLECH,6,4528,,,,323,325,205,325,4528,293
BOMBAY,BOMBAY,6,4481,1797|1810,41,1126,,,4449,4481,4240,3388
FRECKLES,FRECKLES,6,4468,,,174,173,231,174,174,4468,
BRENT,BRENT,6,4449,,22,56,84,4449,57,84,,
PALES,PALES,6,4424,1842,,39,4424,191,191,191,,247
PUTREFACTION,PUTREFACTION,6,4417,,,3981,4417,4378,4379,4400,2137,
RESEDA,RESEDA,6,4410,,49,4410,553,4336,4350,3938,,
DUMONT,DUMONT,6,4401,1815,,81,81,81,,81,4401,3896
BORNOU,BORNOU,6,4355,,,,485,494,494,491,4336,4355
SUN,SUN,6,4332,,,34,4332,38,40,40,17,
GREENOCK,GREENOCK,6,4329,1823,,51,106,857,895,,2722,4329
MEATH,MEATH,6,4313,1778|1823,19,,1142,1144,1140,,4313,3665
RABBINISTS,RABBINISTS,6,4244,,,424,404,421,431,421,4244,
HOUSSA,HOUSSA,6,4236,,,,3151,246,247,247,3914,4236
FLUID,FLUID,6,4234,,27,1496,1458,4234,1507,4135,,
STUCCO,STUCCO,6,4184,,42,4184,3664,3634,3632,3629,,
GED,GED,6,4179,,,,4179,414,420,420,365,99
POOR,POOR,6,4172,,30,841,4172,4101,4108,4171,,
EXPERIMENTAL_PHILOSOPHY,EXPERIMENTAL PHILOSOPHY,6,4164,1778,97,,4157,4164,4136,3208,41,
DRAGS,DRAGS,6,4135,,40,40,40,125,41,4135,,
CATHOLICON,CATHOLICON,6,4121,,19,19,19,4121,1729,3199,,
TIBET,TIBET,6,4121,,,,2273,1849,1846,1851,4121,3006
CREDIT,CREDIT,6,4081,,,,132,505,506,4081,3495,3526
MANUAL,MANUAL,6,4027,,,3182,3204,3411,3535,4027,96,
KENTUCKY,KENTUCKY,6,4023,,,,1461,1458,2681,1455,4023,1768
NEWBOROUGH,NEWBOROUGH,6,4023,1778,10,,83,48,48,49,4023,
ANTIPAROS,ANTIPAROS,6,4019,1823,,4005,3998,4019,4016,,150,144
COFFEA,COFFEA,6,4019,,220,1647,4019,2387,1121,2385,,
WALLER,WALLER,6,3980,,,,758,759,759,758,3952,3980
TYRONE,TYRONE,6,3947,,,,326,335,328,329,3947,3339
ADULTERY,ADULTERY,6,3943,,,888,2986,3943,3002,3015,1441,
LIBERTUS,LIBERTUS,6,3908,1797,43,42,,111,3908,3908,111,
CRIMEA,CRIMEA,6,3897,,,,3122,3124,3123,3100,2728,3897
CATALOGUE,CATALOGUE,6,3875,,,19,992,457,3875,3850,546,
HEDERA,HEDERA,6,3870,,37,609,3870,65,65,165,,
JEZIDES,JEZIDES,6,3849,,,398,397,399,400,401,3849,
ICE,ICE,6,3847,1815|1823,180,1224,3847,3809,,,870,743
CRYSTAL,CRYSTAL,6,3844,,593,1428,3844,3531,3533,3536,,
QUERCUS,QUERCUS,6,3812,,73,1577,2538,3812,1868,1859,,
MASSILLON,MASSILLON,6,3807,,,,2005,1670,2005,1991,3807,1331
JERUSALEM,JERUSALEM,6,3804,,107,3800,3801,3804,3804,3801,,
CLOTH,CLOTH,6,3784,,1279,1296,1297,1293,3784,3779,,
JURY,JURY,6,3771,,,138,641,611,611,611,3771,
FERMANAGH,FERMANAGH,6,3767,1797,,203,,207,207,1051,3767,3688
ANTONIANO,ANTONIANO,6,3755,1842,,1045,326,864,327,3755,,279
SHERIFF,SHERIFF,6,3736,,43,1365,3736,2299,2299,1857,,
CLARE,CLARE,6,3733,1810|1815,158,156,62,,,2686,3703,3733
HAPPINESS,HAPPINESS,6,3709,1778,11,,3709,3702,3691,3688,3690,
MIMOSA,MIMOSA,6,3696,,241,1600,3696,61,61,61,,
SOLDERING,SOLDERING,6,3686,,280,357,3686,352,354,353,,
LEITRIM,LEITRIM,6,3678,,,,150,144,144,144,3067,3678
CANARA,CANARA,6,3676,1815,,181,181,181,,197,3676,2946
PALLAS,PALLAS,6,3656,,,,84,98,98,948,3656,1775
HELMET,HELMET,6,3653,1823,35,81,81,81,81,,3653,
HOOKE,HOOKE,6,3568,1842,,1087,2362,3491,3565,3568,,712
SHARP,SHARP,6,3560,1810,,298,1761,,2365,2365,3560,2296
THRASHING,THRASHING,6,3556,1778,152,,2289,3553,1649,3556,44,
PAISLEY,PAISLEY,6,3541,,,1515,3400,3401,3411,3397,3541,
RICE,RICE,6,3528,,,,1196,1620,1630,3528,1485,1939
MESSENIA,MESSENIA,6,3515,,,,3410,3506,3515,3506,46,581
HELM,HELM,6,3513,,,2802,3513,2809,2807,2110,119,
ABEL,ABEL,6,3477,,,171,327,3476,3477,3476,281,
WILL,WILL,6,3464,,221,414,1011,3464,1012,68,,
ARDAMON,ARDAMON,6,3449,,,45,3449,45,45,45,45,
HONEY,HONEY,6,3442,,42,1824,2229,3442,2210,2224,,
IONA,IONA,6,3432,,,,1474,1506,1506,1506,1550,3432
EMERSON,EMERSON,6,3429,,,,593,654,652,652,695,3429
MARRACCI,MARRACCI,6,3424,,,,246,245,245,245,3424,199
BERN,BERN,6,3359,,71,3359,2697,2609,3359,3329,,
MEAN,MEAN,6,3359,1823,16,17,3359,145,148,,103,
PETROMYZON,PETROMYZON,6,3351,,46,967,3351,1275,1315,1316,,
LUCANUS,LUCANUS,6,3344,1842,,133,2622,3344,2228,2240,,935
CUIRASSIERS,CUIRASSIERS,6,3340,,,29,29,29,29,28,3340,
SATURN,SATURN,6,3340,1778,32,,3340,483,484,483,489,
TAIL,TAIL,6,3288,,,3259,3274,3286,3287,3288,69,
CAPPADOCIA,CAPPADOCIA,6,3277,1842,,3180,3224,3277,3188,3185,,54
ASSOCIATION,ASSOCIATION,6,3261,1810,,66,695,,583,3261,37,51
LINE,LINE,6,3236,1810,152,441,361,,360,1410,3236,
GUASTALLA,GUASTALLA,6,3232,1810,,58,60,,188,58,105,3232
JACOB,JACOB,6,3226,,,248,381,240,241,239,3226,
ARTEMISIUM,ARTEMISIUM,6,3224,,,,917,3224,921,1797,28,28
DOG,DOG,6,3213,1842,,3061,3187,3200,3204,3213,,82
BEARD,BEARD,6,3202,,,1426,3182,3196,3202,3201,3140,
ILLUMINATING,ILLUMINATING,6,3198,,,397,1431,1431,1434,3198,1415,
CANOSA,CANOSA,6,3189,,,,404,409,401,406,27,3189
VITIS,VITIS,6,3187,,33,3187,2001,28,28,28,,
SCORPIO,SCORPIO,6,3179,,80,2323,3179,36,35,35,,
DANIEL,DANIEL,6,3164,1823,,688,810,810,806,,687,3164
MORUS,MORUS,6,3160,,54,658,3160,26,26,26,,
REID,REID,6,3151,,,,2892,2828,2825,2829,2161,3151
MUSCADINE,MUSCADINE,6,3149,,14,125,3149,125,127,127,,
ANDREWS,ANDREW'S,6,3146,1797,,1754,,2761,2754,2769,3037,3146
BROMELIA,BROMELIA,6,3142,,101,2312,3142,2705,2731,2709,,
MEMORY,MEMORY,6,3135,,,2243,2367,3036,3135,3121,54,
BRIBERY,BRIBERY,6,3128,1810,,3128,582,,582,582,365,1848
MARBLE,MARBLE,6,3121,,,1952,3121,1807,1354,1352,37,
PHERECRATES,PHERECRATES,6,3097,,,,195,195,195,632,3097,177
BALADAN,BALADAN,6,3093,,,,3093,238,238,238,484,27
BANDA_ISLANDS,BANDA ISLANDS,6,3086,1810,,354,354,,354,3086,3067,1302
JEROME,JEROME,6,3065,1842,,2122,422,422,642,642,,3065
APHIS,APHIS,6,3039,,81,2762,3034,3039,2952,2980,,
PARENCHYMA,PARENCHYMA,6,3030,,65,32,65,66,67,3030,,
PERNAMBUCO,PERNAMBUCO,6,3026,,,,69,69,69,97,3026,1007
CHANCELLOR,CHANCELLOR,6,3020,1810|1842,843,893,977,,1658,3020,,2131
RUBENS,RUBENS,6,2999,1810,,214,1549,,488,1554,1606,2999
RICHARDSON,RICHARDSON,6,2995,1823,,357,1971,1800,1885,,2995,1902
STONE,STONE,6,2982,,,,1741,2982,1745,1743,536,282
SPALATRO,SPALATRO,6,2980,1778,20,,96,2980,112,111,126,
QUITO,QUITO,6,2963,,,,402,397,396,396,2963,255
CROISADE,CROISADE,6,2958,,152,2950,2951,2958,2908,2912,,
BOERHAAVE,BOERHAAVE,6,2948,1797,,1658,,1662,1660,1648,2005,2948
LINCOLNSHIRE,LINCOLNSHIRE,6,2929,1815,,848,201,575,,567,2482,2929
CAERWIS,CAERWIS,6,2923,,28,1791,1819,2923,2843,1784,,
PARDON,PARDON,6,2911,,,1223,2911,2315,2899,2304,1695,
OAK,OAK,6,2869,,,1089,2806,1103,2869,2863,1336,
ABBREVIATION,ABBREVIATION,6,2862,1778|1810,15,,145,,2860,2862,806,803
DORSETSHIRE,DORSETSHIRE,6,2859,,,335,337,364,338,2658,2859,
HOPE,HOPE,6,2849,,,,1307,83,82,83,2849,1386
MILLOT,MILLOT,6,2842,,,,2535,797,2838,2842,1326,442
HAWKINS,HAWKINS,6,2836,,,,2836,490,489,490,542,683
WILDERNESS,WILDERNESS,6,2827,,35,2827,765,756,761,761,,
HALDE,HALDE,6,2814,1823,,80,2814,187,232,,272,236
ALFORD,ALFORD,6,2802,1810,,62,154,,2802,98,85,47
SHASTER,SHASTER,6,2778,,59,307,2778,2756,2757,2756,,
LEAF,LEAF,6,2762,,,2181,2762,535,1113,1114,218,
MELANCTHON,MELANCTHON,6,2757,1815,,818,820,819,,820,823,2757
MAUPERTUIS,MAUPERTUIS,6,2756,1823,,2756,1644,1639,1641,,1798,1100
TABOR,TABOR,6,2731,,,,560,561,561,561,284,2731
PEKIN,PEKIN,6,2722,,32,631,2394,2722,2722,2711,,
ALCA,ALCA,6,2718,,218,1499,2718,512,514,513,,
ASPERIFOLIATE,ASPERIFOLIATE,6,2717,1778,25,,58,2717,134,133,25,
GIOIA,GIOIA,6,2699,,,118,106,104,104,104,2699,
ROSA,ROSA,6,2699,1815|1823,73,2506,2699,2579,,,277,558
SCHEDULE,SCHEDULE,6,2696,,,47,47,2696,47,48,48,
ALFRED,ALFRED,6,2686,1815,,2678,2681,2249,,2686,2682,2188
SPECULATIVE,SPECULATIVE,6,2671,,14,14,530,2671,2665,2645,,
CHRISTINA,CHRISTINA,6,2663,1823,,2659,2663,2662,2659,,1100,1140
LYMPH,LYMPH,6,2641,1797,151,2641,,65,65,65,171,
CITRUS,CITRUS,6,2632,,61,2632,2603,28,28,28,,
RHUS,RHUS,6,2600,,38,2386,2402,2600,2600,2592,,
CONDORCET,CONDORCET,6,2594,,,,2594,1996,1994,1995,2319,2111
SHELL,SHELL,6,2590,,229,1524,2590,29,29,30,,
MAGNESIA,MAGNESIA,6,2583,,,,2583,304,271,854,94,149
REYNOLDS,REYNOLDS,6,2577,,,,2574,2573,2577,2570,2538,2370
DIDACTIC,DIDACTIC,6,2567,1778|1842,19,,83,1284,81,835,,2567
PENITENTIARY,PENITENTIARY,6,2563,,,166,315,1514,1570,2563,1568,
BOEHMEN,BOEHMEN,6,2552,,,523,2552,288,521,520,351,
ICHTHYOCOLLA,ICHTHYOCOLLA,6,2540,1778,454,,2530,2540,2527,2527,2383,
COMPOST,COMPOST,6,2526,,36,2339,2500,2501,2526,2521,,
MAURICE,MAURICE,6,2520,1778|1823,18,,2520,2298,2297,,509,298
ANTINOUS,ANTINOUS,6,2507,1823,,2507,62,62,62,,1978,158
OSSAT,OSSAT,6,2497,,,169,170,175,176,176,2497,
LORETO,LORETO,6,2495,1778|1797,55,,,28,2495,28,171,568
FORFEITURE,FORFEITURE,6,2480,1810|1842,15,2471,2475,,2480,2474,,252
FARMER,FARMER,6,2468,,,,1723,1832,2468,1832,1581,816
KALENDAR,KALENDAR,6,2459,,,2198,2459,2286,2143,306,46,
DUNBARTON,DUNBARTON,6,2433,,35,278,285,718,720,2433,,
ALTING,ALTING,6,2430,1797,,372,,2430,2430,1908,1776,1248
ELECT,ELECT,6,2428,1778,13,,2428,126,128,127,96,
WHITEFIELD,WHITEFIELD,6,2424,1810,,461,460,,461,461,1745,2424
NECESSITY,NECESSITY,6,2417,,,1769,2390,2402,2413,2417,521,
RENFREWSHIRE,RENFREWSHIRE,6,2411,,,,171,1587,1586,1595,2411,1508
OPORTO,OPORTO,6,2409,,,,90,133,133,133,2409,1570
AUSI,AUSI,6,2394,,,103,103,2394,103,103,103,
NOSTOCH,NOSTOCH,6,2389,,,619,1412,1418,1435,1417,2389,
WALLACE,WALLACE,6,2386,,,,46,47,47,47,1728,2386
MURDER,MURDER,6,2382,,,319,2377,1771,2382,2382,35,
BELSHAZZAR,BELSHAZZAR,6,2371,,,,450,449,453,451,43,2371
PAN,PAN,6,2370,1797,,725,,2361,2368,2370,2195,808
MALESHERBES,MALESHERBES,6,2359,,,,2359,1257,1257,1255,1739,674
FUNDAMENTAL,FUNDAMENTAL,6,2344,,,2324,1861,197,2344,2325,483,
ROBINSON,ROBINSON,6,2335,,,,2267,2333,2332,2335,351,1773
CINNAMON,CINNAMON,6,2334,,,,33,113,113,1130,1077,2334
PEIRCE,PEIRCE,6,2334,,,260,260,2334,261,261,220,
WAKE,WAKE,6,2327,,,2327,1373,2319,1211,1207,144,
IVORY,IVORY,6,2323,1815|1842,105,114,114,113,,113,,2323
JUSTIN,JUSTIN,6,2323,,,411,412,2323,735,737,303,
HIGH,HIGH,6,2322,,,162,2322,292,483,493,47,
CHADCHOD,CHADCHOD,6,2316,,,436,2316,1432,1426,1431,65,
EXCHEQUER,EXCHEQUER,6,2315,1823,754,1556,1041,1883,2315,,58,
MANUTIUS,MANUTIUS,6,2296,,,369,378,380,381,468,2296,
RIENZI,RIENZI,6,2293,,,,2293,1543,1545,1545,1548,1713
ANDROIDES,ANDROIDES,6,2289,1823,,2289,1761,1767,1733,,1634,1663
BERMUDAS,BERMUDAS,6,2288,1797,,2280,,2276,2288,2274,1321,1229
ARETIN,ARETIN,6,2283,,,2283,1994,1656,2257,2256,1381,
SOUNDING,SOUNDING,6,2280,1823,34,655,630,2280,2280,,613,
RAJA,RAJA,6,2276,,111,2268,2276,75,75,75,,
NATURAL,NATURAL,6,2273,,,37,1725,2273,2205,2184,59,
HOUSE,HOUSE,6,2262,,,1595,1859,2064,2262,2249,564,
SENEGAL,SENEGAL,6,2259,,,,2183,2259,2193,2258,788,795
NORTHAMPTON,NORTHAMPTON,6,2257,1797|1810,47,371,,,775,754,1072,2257
FILANDERS,FILANDERS,6,2253,,,220,219,220,220,229,2253,
ALEMBERT,ALEMBERT,6,2248,,,,2180,2208,2097,2210,2220,2248
PAVO,PAVO,6,2247,,140,451,2247,139,134,137,,
STRATA,STRATA,6,2243,,79,2243,1923,1884,1986,1889,,
THESSALY,THESSALY,6,2242,1797,33,2242,,263,250,259,192,
BOWYER,BOWYER,6,2238,,,,2207,2238,2211,2207,2037,400
DELAWARE,DELAWARE,6,2238,,,,1745,1745,1745,1757,893,2238
ALHAMBRA,ALHAMBRA,6,2232,,,,1632,2224,2227,2232,2145,2229
BRONZE,BRONZE,6,2231,1842,,547,464,548,550,550,,2231
NUMBER,NUMBER,6,2230,,,1252,1556,2148,2230,2152,2209,
ARMADA,ARMADA,6,2223,1797,,31,,2195,2191,2223,29,29
SAXE,SAXE,6,2220,1810,,1063,1631,,2216,2220,1689,1712
POPERY,POPERY,6,2213,,,,2210,2209,2213,2211,2124,1916
CYRUS,CYRUS,6,2207,,,,2205,2207,1834,1835,1999,1875
MECCA,MECCA,6,2200,1823|1842,33,222,1323,1530,1326,,,2200
FEE,FEE,6,2197,,48,2197,2019,2019,2023,2019,,
SWEDENBORG,SWEDENBORG,6,2197,,,,2183,2178,2185,2177,2197,1593
CIRCULATION,CIRCULATION,6,2194,,1224,1376,1310,2180,2194,2183,,
CIRCASSIA,CIRCASSIA,6,2183,,123,316,1184,1181,1181,2183,,
PICTS,PICTS,6,2181,,,1938,2181,2065,2063,2082,2078,
MERIONETHSHIRE,MERIONETHSHIRE,6,2179,1778|1810,26,,164,,169,165,1021,2179
LUXURY,LUXURY,6,2173,,,192,2163,2158,2155,2158,2173,
SHORT,SHORT,6,2169,,,,2169,823,823,992,573,213
GROTTO,GROTTO,6,2160,1810|1842,302,1050,2160,,2056,2057,,159
LABORATORY,LABORATORY,6,2150,,,226,2150,801,797,798,45,
WITCHCRAFT,WITCHCRAFT,6,2136,1778,102,,2072,2136,2136,2076,1815,
BANKRUPT,BANKRUPT,6,2124,,,2112,2124,2118,2119,2121,1984,
AVIGNON,AVIGNON,6,2120,,48,564,1320,1205,1271,2120,,
CROCODILE,CROCODILE,6,2117,1842,,232,272,423,419,422,,2117
SACK,SACK,6,2113,,,,1123,310,311,2113,231,179
WILKIE,WILKIE,6,2106,,,,1625,751,753,751,496,2106
ARISTIPPUS,ARISTIPPUS,6,2097,1842,,1924,2097,1741,1738,1740,,788
ALPINI,ALPINI,6,2095,,,354,356,777,2095,775,685,
ABSURDUM,ABSURDUM,6,2094,,,,2094,67,72,67,67,67
KERMES,KERMES,6,2090,,,2090,1929,44,44,44,34,
MACLAURIN,MACLAURIN,6,2082,,,292,2082,2062,2058,2061,1938,
MAGDEBURG,MAGDEBURG,6,2075,1823|1842,26,1248,2075,1337,1335,,,636
TEFLIS,TEFLIS,6,2075,1815|1823,33,398,392,493,,,2075,532
RAPE,RAPE,6,2072,1823,,1646,1787,2072,1793,,994,992
BAILLEUL,BAILLEUL,6,2066,1810,,198,40,,41,2066,26,27
PHILIPPINE_ISLANDS,PHILIPPINE ISLANDS,6,2065,,32,1157,2065,2046,2046,2049,,
PREEXISTENCE,PRE-EXISTENCE,6,2065,1810,39,2065,1390,,1389,1420,1370,
ELEMENTS,ELEMENTS,6,2062,,,,2062,84,85,84,128,125
MOURNING,MOURNING,6,2062,,,,938,2062,905,904,529,905
CROCUS,CROCUS,6,2047,,92,604,2021,2047,48,48,,
SEDUCTION,SEDUCTION,6,2047,,,93,2047,2039,2039,2037,1729,
ELASTIC,ELASTIC,6,2046,1778,19,,2046,1996,1994,1995,15,
FAGUS,FAGUS,6,2037,1842,,674,2037,314,315,314,,354
ZENO,ZENO,6,2037,1842,,406,964,945,945,945,,2037
HERBERT,HERBERT,6,2033,,,,1076,2033,959,962,906,1497
STRIX,STRIX,6,2032,,61,1954,2032,113,112,113,,
MALLET,MALLET,6,2031,,,298,169,2027,1313,2031,684,
DRONE,DRONE,6,2028,,76,271,2028,2022,1818,2024,,
DAY,DAY,6,2024,,95,2024,978,988,990,987,,
CABECA,CABECA,6,2023,1823,2023,120,121,121,120,,77,
HOBAL,HOBAL,6,2004,,,,18,18,2004,1991,1900,22
TESTAMENT,TESTAMENT,6,2004,,,1905,2004,2001,2000,2000,226,
MURATORI,MURATORI,6,1992,1842,,1992,320,254,254,254,,820
GAZNA,GAZNA,6,1990,,,1984,1982,1990,1990,1989,25,
LANTERN,LANTERN,6,1989,,,825,1811,854,1989,854,239,
RECOVERY,RECOVERY,6,1984,,,1962,1983,1975,1976,1984,73,
ACHEEN,ACHEEN,6,1981,,,,1575,1573,1572,1572,1981,1758
PORTREE,PORTREE,6,1981,,,,273,308,308,307,25,1981
LYTTELTON,LYTTELTON,6,1972,,,1818,1846,1971,1971,1972,1547,
BAALZEBUB,BAAL-ZEBUB,6,1971,1810,,131,131,,132,132,73,1971
CAYLUS,CAYLUS,6,1969,,,,1515,1521,1519,1517,1969,1621
BOUNTY,BOUNTY,6,1968,1842,,1922,1968,1967,1966,1963,,33
BALL,BALL,6,1961,,159,1856,1961,1961,1959,1961,,
CARIBBEE_ISLANDS,CARIBBEE ISLANDS,6,1960,1842,,1960,1647,1653,1658,1657,,44
WAVE,WAVE,6,1959,,631,1959,123,123,175,123,,
UNIVERSITY,UNIVERSITY,6,1958,,184,580,1280,1958,926,954,,
PARALLAX,PARALLAX,6,1946,,,8,1425,1946,1856,1923,92,
CORTES,CORTES,6,1941,1810,,101,102,,100,100,1941,1916
SEISIN,SEISIN,6,1938,,,1924,1937,1304,1938,1937,1051,
MIZRAIM,MIZRAIM,6,1934,,,278,31,31,31,31,1934,
CRUX,CRUX,6,1929,,72,26,69,1929,1674,1920,,
WHYTT,WHYTT,6,1915,,,,1915,1914,1913,1911,966,551
CUCUMIS,CUCUMIS,6,1910,,69,1874,1910,881,880,881,,
SAILING_ALSO,SAILING ALSO,6,1905,,,23,32,1905,1904,1905,30,
RAISINS,RAISINS,6,1901,1823,116,295,297,299,297,,1901,
LUCANIA,LUCANIA,6,1900,,,,93,93,93,93,1900,332
ABERDEENSHIRE,ABERDEENSHIRE,6,1894,,,,93,1391,1545,1665,1894,1615
SIZAR,SIZAR,6,1890,,,,671,672,673,673,314,1890
ORANGE,ORANGE,6,1886,,,,1235,1481,1486,1472,193,1886
BASTWICK,BASTWICK,6,1877,,,,235,235,235,235,257,1877
DIANTHUS,DIANTHUS,6,1876,,79,1834,1876,1859,1859,1874,,
MAURITANIA,MAURITANIA,6,1874,1823,36,1872,1066,1874,1873,,1851,
FALCONRY,FALCONRY,6,1867,,175,1115,1114,1399,1867,1867,,
HIERAPOLIS,HIERAPOLIS,6,1867,,,,1747,1779,1811,1867,65,383
FILIAL,FILIAL,6,1860,,,76,1857,1854,1852,1860,1703,
SAFFRON,SAFFRON,6,1853,1842,,1847,1845,1850,1851,1853,,83
PENSACOLA,PENSACOLA,6,1850,1842,,1850,746,749,719,827,,95
DELPHI,DELPHI,6,1847,,,,1823,1825,1823,1823,1847,1720
GARBE,GARBE,6,1842,1797|1810,27,27,,,27,27,27,1842
EXHAUSTIONS,EXHAUSTIONS,6,1830,,,,211,210,211,211,1758,1830
COPERNICAN,COPERNICAN,6,1817,1797,43,575,,1817,40,40,42,
STEELE,STEELE,6,1811,1810,,1694,1811,,1806,1809,1799,1740
AUGSBURG,AUGSBURG,6,1802,1810,,1026,1802,,1793,1778,158,493
COCHINEAL,COCHINEAL,6,1793,,,,332,332,335,1793,141,509
VOLT,VOLT,6,1793,,,68,67,1793,67,67,66,
ARIOSTO,ARIOSTO,6,1792,1810,,865,1229,,1273,1231,1718,1792
DISSOLUTION,DISSOLUTION,6,1787,,,1787,1780,1710,1710,1708,89,
NUTRITION,NUTRITION,6,1781,1823,477,475,479,488,476,,1781,
PHRYGIA,PHRYGIA,6,1777,,,,1716,1346,1658,1777,1532,547
DUKE,DUKE,6,1769,,,,972,978,979,1354,899,1769
COKE,COKE,6,1767,,,,493,493,492,492,608,1767
DIPLOMATICS,DIPLOMATICS,6,1761,,,1760,1756,1356,1761,1761,1758,
CHANDLER,CHANDLER,6,1754,1823,,373,1750,1753,1754,,763,832
ALEXANDER,ALEXANDER,6,1751,1810,,1087,1221,,1256,1041,1751,427
TARGUM,TARGUM,6,1745,,,,768,765,763,763,757,1745
BOUILLON,BOUILLON,6,1737,,1737,127,126,290,252,251,,
ABRIDGEMENT,ABRIDGEMENT,6,1723,1810,1252,1204,682,,1723,1723,506,
BETEL,BETEL,6,1722,1797,,304,,29,29,1720,1722,1718
ALLEGRI,ALLEGRI,6,1706,,,,1231,1698,1697,466,1702,1706
BRYANT,BRYANT,6,1704,,,293,294,310,138,1514,1704,
LESKARD,LESKARD,6,1704,,,50,231,1167,1490,1704,96,
AVIARY,AVIARY,6,1702,,34,33,34,1701,1702,1697,,
CONCHITES_MARMOR,CONCHITES MARMOR,6,1702,,,46,46,979,30,1702,44,
BLACKSTONE,BLACKSTONE,6,1695,,,,1113,1695,1694,1691,1600,1387
CHATHAM,CHATHAM,6,1695,1778|1810,53,,208,,208,208,1695,136
STAFFA,STAFFA,6,1690,1797,,1614,,1112,1642,1130,1690,515
ECHINUS,ECHINUS,6,1676,,63,296,1676,29,30,30,,
MAST,MAST,6,1672,1823,31,1639,1629,1642,1672,,64,
ANNATES,ANNATES,6,1669,,87,99,1669,70,70,70,,
CONVOLVULUS,CONVOLVULUS,6,1669,,60,1626,1669,26,26,26,,
NOMBREDEDIOS,NOMBRE-DE-DIOS,6,1666,1842,,41,42,41,41,41,,1666
BOTTOMY,BOTTOMY,6,1663,1778|1842,49,,48,49,297,1663,,42
CECIL,CECIL,6,1663,1810,,1273,1276,,1273,1275,1663,1343
OLYMPIC_GAMES,OLYMPIC GAMES,6,1663,1797,,215,,1656,1663,1663,666,392
PHIDIAS,PHIDIAS,6,1660,1810,,390,390,,390,390,407,1660
MENNONITES,MENNONITES,6,1653,1778,93,,1651,1653,1651,1651,1634,
MURCIA,MURCIA,6,1644,,,,250,252,253,253,968,1644
BOULANGER,BOULANGER,6,1640,,,,612,1418,615,616,1640,422
TACITUS,TACITUS,6,1635,,,,1015,1015,1016,1015,893,1635
OIL,OIL,6,1632,,,1632,762,77,69,73,15,
NAME,NAME,6,1631,,,1289,1534,1631,1631,1630,1610,
SHILLING,SHILLING,6,1629,,,32,1629,957,954,954,950,
HERBAL,HERBAL,6,1628,,,1628,29,226,31,31,32,
ASSUMPSIT,ASSUMPSIT,6,1627,1810|1823,21,1600,1627,,1600,,24,23
ELLIOT,ELLIOT,6,1627,,,,1482,1627,1613,1576,1195,1141
GARRICK,GARRICK,6,1624,,,,1589,650,1597,1596,1580,1624
LATRUNCULI,LATRUNCULI,6,1621,,,,887,1621,257,258,264,123
BOIARDO,BOIARDO,6,1620,1797,,39,,1156,33,40,854,1620
GLOCESTER,GLOCESTER,6,1613,,29,1118,1562,868,1613,870,,
CANDAHAR,CANDAHAR,6,1610,,,,166,170,169,102,1606,1610
OLDHAM,OLDHAM,6,1608,1823,,204,207,208,207,,276,1608
KRAKEN,KRAKEN,6,1604,,,1599,1604,84,84,84,84,
MORE,MORE,6,1600,,,1600,1168,1384,1385,1385,1327,
PERRAULT,PERRAULT,6,1596,1823,,368,284,367,369,,1596,697
LACONIA,LACONIA,6,1595,,,,127,93,126,93,59,1595
ORLEANS,ORLEANS,6,1595,1778|1810,44,,1273,,1595,317,422,1168
PLUMBERY,PLUMBERY,6,1592,1778,1592,,1491,1485,1486,1484,1503,
WILSON,WILSON,6,1586,,,1586,1150,1162,1161,1163,597,
SANDAL,SANDAL,6,1582,,,127,130,68,1171,1582,131,
NERO,NERO,6,1576,1810,,266,1389,,1390,1390,1576,251
EXHIBITION,EXHIBITION,6,1571,,,,89,89,89,89,68,1571
DITTON,DITTON,6,1570,,,,1570,756,757,758,735,525
ENFIELD,ENFIELD,6,1566,,,,1566,632,632,632,736,401
VANDYCK,VANDYCK,6,1564,,,1248,1246,694,693,693,1564,
TOMB,TOMB,6,1562,1778,36,,1511,1562,1398,1399,1303,
JAVA,JAVA,6,1561,,37,1495,1561,1557,1555,1521,,
REMPHAN,REMPHAN,6,1559,,,,1559,1537,1537,1536,1410,299
RAT,RAT,6,1555,,38,1306,1555,275,272,276,,
HUMANITIES,HUMANITIES,6,1554,,29,29,1554,28,28,29,,
ISATIS,ISATIS,6,1551,,110,1522,1551,48,48,120,,
CARDIGANSHIRE,CARDIGANSHIRE,6,1547,,,190,190,190,190,184,1547,
LIGHTER,LIGHTER,6,1538,1810,21,59,58,,58,1538,58,
MICKLE,MICKLE,6,1533,,,,1533,1504,1527,1523,686,509
NOSE,NOSE,6,1529,,,120,1529,1527,1529,1526,180,
LAMA,LAMA,6,1523,,184,193,1519,1523,1521,1523,,
STOCKS,STOCKS,6,1523,,65,1523,619,622,621,610,,
ALLEYN,ALLEYN,6,1517,,,,1342,1517,1344,1339,1348,1080
BARLOW,BARLOW,6,1510,1797,,1289,,1290,1289,1510,436,945
PETERHEAD,PETERHEAD,6,1488,,,,713,791,817,834,1242,1488
ELIS,ELIS,6,1486,,,,631,630,629,637,1094,1486
GAMBIA,GAMBIA,6,1486,1778|1797,23,,,61,61,63,16,1486
NUMERAL_LETTERS,NUMERAL LETTERS,6,1479,,30,804,1479,1388,1389,1391,,
CARDAN,CARDAN,6,1477,1797,,1476,,1462,1477,1464,1273,606
ISOCRATES,ISOCRATES,6,1476,1810,,145,145,,144,145,732,1476
STYRAX,STYRAX,6,1475,,41,156,1475,29,18,29,,
ANDRONA,ANDRONA,6,1473,,,190,182,1374,1473,1315,116,
ECBATANA,ECBATANA,6,1467,,,,129,130,130,130,921,1467
ORRERY,ORRERY,6,1462,,,1289,1462,175,118,119,106,
CAPSULE,CAPSULE,6,1458,1797,97,285,,289,289,1458,31,
BOHEMIA,BOHEMIA,6,1452,,50,1452,1448,1449,1116,1144,,
FOTHERGILL,FOTHERGILL,6,1451,,,,1398,1451,1403,1387,1069,549
PYLUS,PYLUS,6,1450,1842,,200,204,211,203,203,,1450
VIRGINIA,VIRGINIA,6,1450,,58,884,1450,1320,1307,1268,,
DELFT,DELFT,6,1449,1797|1842,139,1097,,1100,1105,1449,,1074
MARLY,MARLY,6,1441,,,107,107,1441,1412,1438,62,
ZAMA,ZAMA,6,1437,,,1434,1432,1437,1433,1319,104,
TACK,TACK,6,1435,,,1435,334,337,317,310,229,
RACING,RACING,6,1433,,,1433,628,625,626,626,124,
DOMENICHINO,DOMENICHINO,6,1432,1810,,97,97,,97,97,1432,395
HYSTRIX,HYSTRIX,6,1427,,727,1112,1427,393,395,398,,
METAPONTUM,METAPONTUM,6,1426,1842,,74,75,74,1426,76,,231
ACCLAMATION,ACCLAMATION,6,1422,1823|1842,65,875,1422,1394,1397,,,1408
SCOTOMIA,SCOTOMIA,6,1410,,24,15,15,15,15,1410,,
BIGAMY,BIGAMY,6,1409,1842,,464,465,464,464,473,,1409
MORAVIA,MORAVIA,6,1408,1823,25,741,457,749,403,,1408,
GENERATE,GENERATE,6,1406,,,1406,171,172,172,172,173,
PALACE,PALACE,6,1406,,,264,347,1406,1371,381,43,
PRATT,PRATT,6,1406,,,,1406,1332,1334,1355,1051,472
DORCHESTER,DORCHESTER,6,1404,1778|1810,44,,43,,61,257,187,1404
BORMIO,BORMIO,6,1403,1797|1810,15,121,,,121,102,43,1403
ICONOCLASTES,ICONOCLASTES,6,1401,,,77,1356,1400,1401,841,1238,
CRONSTADT,CRONSTADT,6,1399,,,,589,588,589,583,351,1399
MARTIGUES,MARTIGUES,6,1398,1842,,42,42,42,42,1398,,106
OLIVAREZ,OLIVAREZ,6,1396,,,,1396,1378,1387,1380,41,472
JULIAN,JULIAN,6,1394,1797,29,909,,1394,908,909,265,
DEATH,DEATH,6,1393,,,573,665,164,1393,199,889,
STARK,STARK,6,1390,,,,1390,1386,1390,1388,580,445
BENEVENTO,BENEVENTO,6,1389,,,74,1387,1387,1389,1367,106,
CROTALUM,CROTALUM,6,1389,,,,771,130,130,130,1389,110
MARASMUS,MARASMUS,6,1387,,1387,14,14,14,14,14,,
BRECHIN,BRECHIN,6,1386,1815,,1386,1055,1058,,1059,686,841
NAZARITE,NAZARITE,6,1386,,,,1374,1377,1375,1386,1365,323
CHAPPE,CHAPPE,6,1385,,,,1385,36,150,36,734,76
NESTORIUS,NESTORIUS,6,1378,,,,830,845,829,831,736,1378
SALUTATION,SALUTATION,6,1371,,75,75,1231,1371,1371,1365,,
DEMETRIUS,DEMETRIUS,6,1370,,,,734,1366,1370,1366,966,1106
NOAH,NOAH,6,1367,,,151,1367,1366,1367,1366,1087,
MUSEUM,MUSEUM,6,1364,,,,1364,269,269,270,126,133
LAUD,LAUD,6,1362,,,,628,633,632,632,766,1362
JEWEL,JEWEL,6,1360,,14,1071,1230,168,1360,1360,,
GRACES,GRACES,6,1358,1797|1810,112,206,,,253,253,1358,312
FINGAL,FINGAL,6,1355,,,18,1354,1355,1353,1354,59,
DUROTRIGES,DUROTRIGES,6,1341,,,,240,242,241,241,1341,163
SECUNDINES,SECUNDINES,6,1340,,28,26,1340,1328,26,1329,,
DUNKIRK,DUNKIRK,6,1339,1797,14,1230,,1320,1318,1339,109,
FULLING,FULLING,6,1332,1810|1823,108,611,869,,1332,,1030,878
OTHO,OTHO,6,1332,,,,945,964,939,941,412,1332
GAY,GAY,6,1331,1842,,1101,1099,1104,1105,1105,,1331
JUSTICIAR,JUSTICIAR,6,1331,,,45,45,46,44,44,1331,
CARLSTADT,CARLSTADT,6,1328,1815|1823,67,27,27,27,,,1328,178
BEDFORD,BEDFORD,6,1322,1810|1823,24,282,928,,291,,127,1322
CAUSE,CAUSE,6,1322,,306,499,1319,1322,1320,1285,,
LUCIA,LUCIA,6,1322,,,709,721,730,732,111,1322,
PAGO,PAGO,6,1322,,,,1098,1322,1322,1322,52,64
SAP,SAP,6,1318,,,159,1318,1185,1101,1103,87,
IONIA,IONIA,6,1316,,,,459,215,215,193,854,1316
KIOF,KIOF,6,1313,,21,59,60,1313,1009,1010,,
HERRING,HERRING,6,1312,,,325,1159,1312,1312,1312,480,
FENTON,FENTON,6,1307,,,220,222,222,222,221,1307,
GRACCHUS,GRACCHUS,6,1305,,,,98,98,100,98,1305,80
HEROD,HEROD,6,1302,,,126,126,1301,1301,1302,1218,
STAFF,STAFF,6,1301,1797,52,165,,1301,169,167,66,
PRISON,PRISON,6,1299,1842,,147,171,1239,1299,1299,,1247
DIJON,DIJON,6,1298,1778|1797,27,,,98,98,98,166,1298
PRIOR,PRIOR,6,1298,,,451,1215,1091,1086,487,1298,
RADNORSHIRE,RADNORSHIRE,6,1297,,,104,139,139,139,135,1297,
FICUS,FICUS,6,1292,1797,86,1292,,784,782,481,243,
GLOVER,GLOVER,6,1287,,,,1266,1267,1264,1287,1099,406
PEDOMETER,PEDOMETER,6,1287,,,,179,127,126,125,117,1287
UNDECAGON,UNDECAGON,6,1287,,7,7,18,7,7,1287,,
SALUTE,SALUTE,6,1284,,,1164,1169,1167,1284,1167,188,
AIXLACHAPELLE,AIX-LA-CHAPELLE,6,1281,1778|1797,39,,,1281,1242,1237,294,574
CARPINUS,CARPINUS,6,1281,,66,168,1281,199,297,298,,
BREAK,BREAK,6,1273,,,74,74,1273,74,874,75,
POCOCKE,POCOCKE,6,1270,,,,506,501,499,164,1270,338
MELMOTH,MELMOTH,6,1267,,,,523,522,521,522,1267,409
BUTLER,BUTLER,6,1266,,,1227,201,1215,1266,1228,1251,
FERRO,FERRO,6,1265,,72,112,649,1260,1261,1265,,
SCHOOL,SCHOOL,6,1261,1778,18,,843,1261,494,843,74,
STRAHAN,STRAHAN,6,1259,,,,1259,1258,1258,1258,731,376
HOADLEY,HOADLEY,6,1254,1842,,893,890,1037,1254,301,,343
OSIRIS,OSIRIS,6,1252,,,51,1218,1248,1252,1252,1220,
HUET,HUET,6,1251,1815,,437,436,436,,552,1150,1251
PYRUS,PYRUS,6,1249,,50,701,1249,27,26,26,,
CAPTAIN,CAPTAIN,6,1247,1797|1823,223,255,,253,1247,,48,233
BOLSWERT,BOLSWERT,6,1242,,,,1222,714,1242,1239,192,192
HARMATTAN,HARMATTAN,6,1238,,,,1237,1238,1237,1236,962,66
RHONE,RHONE,6,1238,1810|1815,58,55,55,,,129,1238,1039
GMELIN,GMELIN,6,1237,,,,402,898,899,898,1237,671
KNAVE,KNAVE,6,1231,1815,15,124,123,1231,,129,127,
PIRON,PIRON,6,1231,,,,1231,1228,1231,1226,539,443
VINEGAR,VINEGAR,6,1231,,,1130,1231,48,48,47,34,
BASE,BASE,6,1229,,228,489,489,1229,511,494,,
GOTHLAND,GOTHLAND,6,1226,,46,1226,1217,78,78,78,,
FLECHIER,FLECHIER,6,1222,,,,128,127,127,127,827,1222
VALENTINIANS,VALENTINIANS,6,1221,1797|1815,1221,297,,297,,296,45,345
BECKET,BECKET,6,1220,,,,1126,1126,1127,1126,1203,1220
PICCOLOMINI,PICCOLOMINI,6,1211,,,,1206,1211,1210,1207,494,325
ATROPA,ATROPA,6,1208,,331,654,1208,375,376,343,,
VIDA,VIDA,6,1207,1842,,209,214,207,207,207,,1207
ETOLIA,ETOLIA,6,1206,,,1204,1206,645,1127,1206,973,
RONSARD,RONSARD,6,1205,,,,1180,1178,1179,1205,589,433
LASH,LASH,6,1204,,,82,1204,84,84,84,82,
ABSALOM,ABSALOM,6,1202,1810,,127,126,,280,261,260,1202
PANARO,PANARO,6,1199,,52,241,37,1197,1197,1199,,
LAMB,LAMB,6,1195,,,179,283,157,1043,111,1195,
BIRCH,BIRCH,6,1194,,,,1190,1183,1193,1194,1176,775
ROLLOCK,ROLLOCK,6,1190,,,,1190,675,678,674,655,404
COLLINS,COLLINS,6,1188,1797,,1035,,1188,1182,1182,445,1076
DRINK,DRINK,6,1187,,124,1186,1181,1184,1187,1184,,
DOUBLETS,DOUBLETS,6,1185,,134,133,1185,134,134,134,,
NUREMBERG,NUREMBERG,6,1185,1842,,648,1066,873,1136,1135,,1185
MINT,MINT,6,1183,,277,1049,1172,1182,1183,1114,,
STEEVENS,STEEVENS,6,1181,,,,1181,742,743,743,743,552
AUGUSTIN,AUGUSTIN,6,1180,1823,,1164,1180,1179,328,,328,1009
PEMBROKESHIRE,PEMBROKESHIRE,6,1176,1842,,319,739,442,374,377,,1176
DOVER,DOVER,6,1175,,63,422,1153,424,1175,1171,,
SEPIA,SEPIA,6,1174,,159,678,1174,333,376,339,,
EUSEBIUS,EUSEBIUS,6,1173,1842,,314,320,314,314,372,,1173
ALDRED,ALDRED,6,1167,,,,1165,1166,1167,1166,1167,284
KLEIST,KLEIST,6,1165,,,1000,1165,895,895,894,426,
BOETHIUS,BOETHIUS,6,1163,,,984,983,1163,984,985,987,
LYNNREGIS,LYNN-REGIS,6,1156,1778,30,,1148,1156,1146,1152,616,
IMMORTAL,IMMORTAL,6,1154,1797,25,27,,17,17,1154,17,
BLUSHING,BLUSHING,6,1153,,,,1153,287,174,174,158,165
MYRICA,MYRICA,6,1153,,50,406,1153,50,26,26,,
SERINGAPATAM,SERINGAPATAM,6,1153,,,,417,552,551,551,1153,405
RIBES,RIBES,6,1148,,58,1116,1148,37,37,37,,
RISIBLE,RISIBLE,6,1146,,,1023,882,880,1144,1146,628,
TEMPE,TEMPE,6,1144,1823,,399,368,362,362,,134,1144
ALLITERATION,ALLITERATION,6,1143,,,,1143,1141,1141,1141,726,752
IMPLICATION,IMPLICATION,6,1143,,21,1143,166,166,166,166,,
FONTENELLE,FONTENELLE,6,1139,1810,,219,219,,575,576,363,1139
FORNICATION,FORNICATION,6,1139,,,130,1135,1135,1139,1136,380,
CONGREVE,CONGREVE,6,1137,1815,,875,872,876,,803,1085,1137
REFINING,REFINING,6,1136,,38,1136,1133,149,149,149,,
BELESIS,BELESIS,6,1135,1810,,1135,1133,,1134,1133,908,36
ONANIA,ONANIA,6,1135,,30,1005,1135,871,872,873,,
BACKER,BACKER,6,1134,,,,380,1134,380,380,126,78
DAUCUS,DAUCUS,6,1125,,56,1096,1125,27,27,27,,
HERSE,HERSE,6,1124,,,144,1124,143,144,144,84,
ZEA,ZEA,6,1124,,71,779,1124,1087,1078,1075,,
PETRA,PETRA,6,1123,1842,,243,244,244,245,245,,1123
CENTRAL_RULE,CENTRAL RULE,6,1122,,215,1122,135,136,136,136,,
CIMEX,CIMEX,6,1120,,100,67,768,55,56,1120,,
DIONYSIUS,DIONYSIUS,6,1119,,,,369,277,278,277,280,1119
PLATFORM,PLATFORM,6,1113,1810,66,267,261,,378,1113,1053,
HYMEN,HYMEN,6,1112,,55,554,1112,930,853,827,,
FRUIT,FRUIT,6,1110,1778,114,,1104,858,1110,1109,261,
ATONY,ATONY,6,1109,,19,19,19,19,19,1109,,
CAMDEN,CAMDEN,6,1109,1810,,633,952,,1058,1059,1109,1061
ALLEGRO,ALLEGRO,6,1108,,,64,64,1108,807,822,64,
SHOT,SHOT,6,1106,1797,24,925,,1104,1106,1105,154,
MUTIUS,MUTIUS,6,1104,1810,,1104,299,,176,299,311,183
BERGMAN,BERGMAN,6,1091,,,,1091,1088,1085,886,1088,398
JAGO,JAGO,6,1091,,39,431,661,1090,1091,1066,,
SURNAME,SURNAME,6,1083,,,19,1082,1083,1082,1082,885,
DODDRIDGE,DODDRIDGE,6,1082,,,,310,310,311,310,316,1082
POPULAR,POPULAR,6,1081,,7,1081,7,7,7,7,,
FLEETWOOD,FLEETWOOD,6,1078,,,,175,175,175,175,828,1078
DEPRESSOR,DEPRESSOR,6,1075,,19,1075,19,63,19,19,,
TESSELATED_PAVEMENTS,TESSELATED PAVEMENTS,6,1075,,1075,19,512,19,19,19,,
BLOEMART,BLOEMART,6,1072,1842,,117,1067,519,1072,520,,43
STOCK,STOCK,6,1072,,10,30,155,138,138,1072,,
MERCIA,MERCIA,6,1071,,,1053,1063,1064,1063,1071,1018,
PATERCULUS,PATERCULUS,6,1069,1810,,913,913,,1069,912,468,509
PIPER,PIPER,6,1069,1823,1069,574,319,887,888,,518,
SENSE,SENSE,6,1066,,94,83,1066,883,884,882,,
CYNARA,CYNARA,6,1063,,46,1048,1063,342,282,757,,
DUCHAL,DUCHAL,6,1063,,,,162,162,163,1063,165,57
REVERIE,REVERIE,6,1062,1823,42,574,1062,1044,1042,,42,
WHIRLWIND,WHIRLWIND,6,1058,,,1058,709,703,702,702,79,
CHANCERY,CHANCERY,6,1055,1815|1823,372,933,662,971,,,634,1055
DEMOCRITUS,DEMOCRITUS,6,1052,1823,,467,475,715,472,,310,1052
SEIZURE,SEIZURE,6,1048,,,812,1048,61,63,61,144,
PEN,PEN,6,1040,,,254,1034,1035,1039,1040,172,
FUGUE,FUGUE,6,1038,1797,20,1038,,1037,1037,1037,131,
GOMBROON,GOMBROON,6,1038,,,1032,1031,1038,1038,1036,318,
DEFOLIATION,DEFOLIATION,6,1036,,,,970,992,1036,972,897,880
HEAD,HEAD,6,1036,,,742,530,531,1036,539,11,
HOTBEDS,HOT-BEDS,6,1036,,19,939,948,1036,947,947,,
AVILA,AVILA,6,1034,1823,25,161,161,161,161,,1034,
LACQUERS,LACQUERS,6,1028,,,688,1028,362,362,362,360,
ORESTES,ORESTES,6,1027,1810,,207,1024,,1027,1025,476,344
LEVIGATION,LEVIGATION,6,1025,1810,23,31,1025,,24,24,24,
MANOMETER,MANOMETER,6,1020,,,920,921,1020,1018,1017,86,
PELLETIER,PELLETIER,6,1018,,,88,1018,569,568,558,564,
DEISTS,DEISTS,6,1007,,305,305,1005,1006,1007,506,,
CHAMBERS,CHAMBERS,6,1006,1815,,347,923,824,,1006,862,605
PARRHASIUS,PARRHASIUS,6,1006,,,,1006,535,1005,1005,693,334
PHILOSTRATUS,PHILOSTRATUS,6,1003,,,,1003,1002,1002,1002,906,231
TRIM,TRIM,6,1003,1842,,326,80,80,1003,80,,74
KIRCHER,KIRCHER,6,1002,1810,,208,150,,208,208,1002,624
PICKETS,PICKETS,6,1001,,,1001,155,152,178,178,123,
HYACINTH,HYACINTH,6,1000,,413,414,1000,47,40,39,,
PHARMACY,PHARMACY,5,174178,1815|1823|1842,28,109711,174178,175,,,,16
MAMMALIA,MAMMALIA,5,166827,,,,,94898,99133,98529,166827,147742
ZYGOMATICUS,ZYGOMATICUS,5,146181,,,146181,23,21,21,21,,
HYDRODYNAMICS,HYDRODYNAMICS,5,135117,,,,,90932,91007,93469,84840,135117
YOUNG,YOUNG,5,94641,1797|1823,,877,,877,875,,7658,94641
WEEK,WEEK,5,88485,1797,223,59,,88485,37,47,,
MOLLUSCA,MOLLUSCA,5,87318,,,,,29,29,29,64916,87318
PART,PART,5,80722,,,128,251,80722,278,253,,
UTICA,UTICA,5,67551,,,122,99,67551,100,100,,
SCRIBONIUS,SCRIBONIUS,5,48901,,,27,48901,23561,23713,22287,,
DECOMPOSITION,DECOMPOSITION,5,48878,,,149,149,148,149,48878,,
STRENGTH_OF_MATERIALS,STRENGTH OF MATERIALS,5,45720,,,,,45330,45720,44177,30312,44581
BELGIUM,BELGIUM,5,43495,1842,,,80,79,79,78,,43495
THEOGNIS,THEOGNIS,5,40207,1797|1823,,7544,,40207,8545,,282,3437
SEAMANSHIP,SEAMANSHIP,5,38396,,,,28326,27391,28079,28132,38396,
MACEDON,MACEDON,5,33859,,,23557,33019,33760,33859,33760,,
DIALLING,DIALLING,5,33079,,,,,22783,25590,23022,12265,33079
PRECESSION_OF_THE_EQUINOXES,PRECESSION OF THE EQUINOXES,5,30554,,,,,16391,15082,14835,9589,30554
MUSHROOM,MUSHROOM,5,27974,,,1232,27974,18894,20364,18372,,
ROOF,ROOF,5,27732,1810,,,22569,,23206,23222,21712,27732
IVREA,IVREA,5,27610,1815|1842,,55,53,17,,17,,27610
SHAKESPEARE,SHAKESPEARE,5,27502,1797|1842,,1756,,3866,3766,3283,,27502
BUENOS_AYRES,BUENOS AYRES,5,27184,1810,,,492,,233,521,27184,1074
BEE,BEE,5,27089,,,2732,26829,25746,27089,26287,,
BOTALLUS,BOTALLUS,5,26315,,,67,69,24563,26315,9907,,
ARC,ARC,5,25269,,,,,1414,1418,1415,1324,25269
GUNNER,GUNNER,5,23843,,155,23843,155,155,154,,,
MENSURATION,MENSURATION,5,23366,,,,,17357,16979,17516,17512,23366
LEGERDEMAIN,LEGERDEMAIN,5,23072,,,10311,23072,22768,22773,22329,,
PARTNERSHIP,PARTNERSHIP,5,22008,1797|1823,,1141,,1526,1515,,30,22008
DOCK,DOCK,5,21463,1797,,313,,370,370,21463,17610,
MYSORE,MYSORE,5,20768,1823,,,2652,10163,19231,,20768,960
MYSTERIES,MYSTERIES,5,20240,1842,,,20240,10685,1149,6498,,7991
POLITICAL,POLITICAL,5,19941,,,,1283,19941,1246,18726,67,
PAVING,PAVING,5,19633,,,19633,1059,1066,1067,1067,,
UNITED_PROVINCES,UNITED PROVINCES,5,19217,,,5901,19217,8872,8863,8795,,
STONES,STONES,5,18416,1810,857,3552,4791,,1018,18416,,
MINERAL,MINERAL,5,18379,1797,530,2541,,6818,18379,5514,,
NETHERLANDS,NETHERLANDS,5,18232,1797,,362,,1695,1696,1712,18232,
DOCIMENUM_MARMOR,DOCIMENUM MARMOR,5,17977,,,,,116,118,118,120,17977
CALENDAR,CALENDAR,5,17948,1778|1815|1823,47,,81,33,,,17696,17948
COALERY,COALERY,5,17713,,,16775,16466,17682,17713,5214,,
ETHNARCHA,ETHNARCHA,5,17635,,,,,236,238,236,215,17635
PASSION,PASSION,5,15613,,,2882,15613,15391,15191,15598,,
JESUITS,JESUITS,5,15578,1810,,3935,3732,,3850,3843,15578,
GUILLOTINE,GUILLOTINE,5,15102,,,,,15102,458,458,355,613
CENTER,CENTER,5,14612,,,106,160,14505,14574,14612,,
VEGA,VEGA,5,13983,,,74,808,13983,13966,808,,
GASSENDI,GASSENDI,5,13970,1823,,,489,489,489,,13970,13960
ENGRAVING,ENGRAVING,5,13800,,,2663,6164,13798,13800,60,,
PROJECTION_OF_THE_SPHERE,PROJECTION OF THE SPHERE,5,13732,,,1456,13516,12581,13732,13027,,
SOCIETIES,SOCIETIES,5,13340,,,,387,7775,12806,13340,1187,
MENTHA,MENTHA,5,13328,1810|1815,83,550,585,,,24,13328,
CHRISTCHURCH,CHRIST-CHURCH,5,13289,1815|1823|1842,339,74,30,13289,,,,198
CHRISTMAS_DAY,CHRISTMAS DAY,5,12843,,,,,12843,310,167,167,516
PYROMETER,PYROMETER,5,12432,,,,1517,1523,1512,1492,12432,
MEADOW,MEADOW,5,12398,,41,213,12398,53,53,,,
DALRYMPLE,DALRYMPLE,5,12345,1842,,,5122,1985,1984,1985,,12345
SWIFT,SWIFT,5,12163,1797|1823,,3800,,6628,6625,,6935,12163
SHEEP,SHEEP,5,11949,,,2335,11949,11265,10353,11850,,
SERIES,SERIES,5,11898,1797|1823,57,104,,11186,11898,,11436,
HARMONICA,HARMONICA,5,11634,1810,,,6280,,7280,11634,1760,241
SILIUS_ITALICUS,SILIUS ITALICUS,5,11377,,,,,541,540,11377,377,404
DOMINGO,DOMINGO,5,11099,1810,30,212,212,,287,11099,,
PLANT,PLANT,5,10990,1823,,10990,302,342,353,,46,
EUSTACHIUS,EUSTACHIUS,5,10935,1823|1842,,23,23,23,23,,,10935
STOPPERS,STOPPERS,5,10744,,,,256,257,257,10744,26,
PARTHIA,PARTHIA,5,10552,1810|1842,,10552,10124,,10210,10526,,4452
AEROPHYLACEA,AEROPHYLACEA,5,10091,1810|1842,,20,10091,,84,84,,20
HERCULANEUM,HERCULANEUM,5,10064,1810,,,1065,,1071,8196,10064,3762
SPIRITUAL,SPIRITUAL,5,10016,1797,57,56,,10016,9165,8787,,
CATOPTRICS,CATOPTRICS,5,10010,,,4104,5431,5193,4501,10010,,
FEZZAN,FEZZAN,5,9953,,,,,1750,1750,1141,4463,9953
HEDGES,HEDGES,5,9842,,95,4671,9842,109,109,,,
IRON,IRON,5,9641,1823,,154,9641,121,121,,18,
MAHOMETANISM,MAHOMETANISM,5,9558,,,8608,9507,9523,9558,9140,,
LACERTA,LACERTA,5,9541,,3535,5521,9541,141,141,,,
SIMIA,SIMIA,5,9459,,,6485,9459,32,32,32,,
HOTTENTOTS,HOTTENTOTS,5,9245,1810,,8815,9223,,9243,9245,49,
SQUARERIGGED,SQUARE-RIGGED,5,9202,1797,,132,,123,9202,8961,48,
ZONE,ZONE,5,9013,1797|1815,27,475,,127,,127,9013,
MOUNTAINS,MOUNTAINS,5,8916,,,3661,8916,2572,2571,2572,,
MICHAELIS,MICHAELIS,5,8908,,,,2089,2218,8908,575,543,
BUCHANAN,BUCHANAN,5,8785,1810|1815,,1762,1886,,,1872,8153,8785
MASSINGER,MASSINGER,5,8617,1810,,,150,,150,140,1160,8617
BUCANEER,BUCANEER,5,8609,,,,,8609,6222,4931,4489,2962
KAMTSCHATKA,KAMTSCHATKA,5,8563,,,,,8563,7965,8555,3564,921
PHILEMON,PHILEMON,5,8536,1810,,,342,,8536,345,157,381
MEASLES,MEASLES,5,8441,,26,28,28,8441,191,,,
FORTESCUE,FORTESCUE,5,8391,1797|1810,,329,,,331,331,8391,1194
POTASH,POTASH,5,8380,1778|1815,197,,7704,7547,,8380,48,
CARACCAS,CARACCAS,5,8357,,,308,308,309,308,8357,,
ZYMOSIMETER,ZYMOSIMETER,5,8338,,,,1452,8338,191,124,65,
FOUNDRY,FOUNDRY,5,8274,,,4809,8188,7645,8274,8236,,
FURR,FURR,5,8145,,,43,3339,8145,8104,8116,,
PORISM,PORISM,5,8071,1823,,,7187,8013,8071,,6948,7088
VERTUMNUS,VERTUMNUS,5,7893,,,,162,96,96,98,7893,
SENTIMENTS,SENTIMENTS,5,7834,1797,13,7834,,6003,6015,5994,,
ALEUTIAN,ALEUTIAN,5,7742,,,,,1429,172,6846,7742,1772
HARRIOT,HARRIOT,5,7130,,,,7130,590,594,594,502,
PLEASURE,PLEASURE,5,7050,1815,,36,7040,6430,,7050,7028,
FEODAL,FEODAL,5,6899,,,8,6899,8,6773,6745,,
LOVE,LOVE,5,6856,,,228,6252,6230,6279,6856,,
LAVA,LAVA,5,6850,,,5472,6850,5304,5818,5831,,
FIELDING,FIELDING,5,6812,,,,339,340,415,340,6812,
SMEATON,SMEATON,5,6694,,,,1977,2032,2035,6694,1199,
MAHOMET,MAHOMET,5,6631,,,5435,5969,585,6058,6631,,
THEBAID,THEBAID,5,6557,1797,27,27,,28,28,6557,,
BRASSICA,BRASSICA,5,6537,1815,60,6537,6509,6332,,6337,,
HOMOGENEOUS,HOMOGENEOUS,5,6534,,,,47,47,47,47,6534,
ALKALI,ALKALI,5,6330,1778|1810|1823,27,,6330,,218,,61,61
MASQUE,MASQUE,5,6298,,,,6284,6298,6281,6082,213,
SPALLANZANI,SPALLANZANI,5,6271,1810,,,6271,,2870,2309,2333,2419
CHRISTOPHERS,CHRISTOPHERS,5,6247,1797|1810|1815,71,125,,,,143,671,6247
NAVAL,NAVAL,5,6238,,,6238,1686,442,453,453,,
LAURUS,LAURUS,5,6137,1815,512,1627,6137,26,,26,,
TOBACCO,TOBACCO,5,6029,1842,,,461,1729,1727,1728,,6029
LOMBARD,LOMBARD,5,5984,1823,,,5984,94,94,,93,318
HUSBAND,HUSBAND,5,5865,1778,10,,5865,576,47,577,,
CRAYON,CRAYON,5,5860,1778,117,,5825,5860,4725,5844,,
POSTURE,POSTURE,5,5700,,,5700,348,349,349,349,,
GREGORIAN_YEAR,GREGORIAN YEAR,5,5640,,,352,5640,353,352,352,,
SENTIMENT,SENTIMENT,5,5565,,,71,5565,71,71,71,,
SATYRS,SATYRS,5,5560,,,,78,76,76,76,5560,
PHYSIOGNOMONICS,PHYSIOGNOMONICS,5,5553,,,37,37,5553,1712,667,,
PLASTIC,PLASTIC,5,5518,1797,,1073,,5093,5518,26,26,
MECONIUM,MECONIUM,5,5404,,49,79,578,5404,13,,,
POLYPHEMUS,POLYPHEMUS,5,5295,,,,215,214,5295,213,212,
SILPHIUM,SILPHIUM,5,5278,1810,42,54,5278,,31,30,,
POLYPUS,POLYPUS,5,5201,1815,,36,5201,456,,456,422,
FISHING,FISHING,5,5155,,,4371,5155,3252,2502,3240,,
WODROW,WODROW,5,5149,,,,,5125,5149,5146,2648,1214
HOME,HOME,5,5118,,,,3619,3629,3622,5118,5039,
DEFOE,DEFOE,5,5069,,,,,441,442,391,5066,5069
ANGLESEY,ANGLESEY,5,5041,,,395,5041,5030,5021,4981,,
TREE,TREE,5,5041,1815,21,262,5017,5041,,4732,,
KNIGHTHOOD,KNIGHTHOOD,5,4926,,,4926,4863,424,533,425,,
LEEDS,LEEDS,5,4796,1797|1815|1823,29,400,,668,,,4538,4796
STEWART,STEWART,5,4625,1810,,,1438,,1438,1438,2427,4625
WORK,WORK,5,4625,,,,95,2294,94,95,4625,
MISER,MISER,5,4567,,,,4478,4560,4561,4567,34,
BARTHELEMY,BARTHELEMY,5,4523,,,,,3497,4523,3998,4164,2571
MINIATURE,MINIATURE,5,4432,1815|1823,1398,4432,1594,3995,,,13,
FIFESHIRE,FIFESHIRE,5,4383,,,,,1178,1169,1190,4383,4336
PASCAL,PASCAL,5,4383,1797,,1409,,4381,4383,4377,2925,
DERBY,DERBY,5,4367,1810,,,346,,350,79,3536,4367
LAMBERT,LAMBERT,5,4316,1815,,638,924,641,,641,4316,
DREAMS,DREAMS,5,4212,1842,,,4208,4212,3922,4187,,1188
SEMIPELAGIANS,SEMIPELAGIANS,5,4208,1842,,,227,3713,4208,3146,,40
CATO,CATO,5,4195,1810|1823,,4195,3587,,1590,,2723,2734
INTERMENT,INTERMENT,5,4133,,,,4133,4127,4131,3574,2418,
CHARLES_MARTEL,CHARLES MARTEL,5,3971,1797|1810,,52,,,3962,3971,108,77
ORPHEUS,ORPHEUS,5,3968,1810,,3201,3506,,3968,2191,602,
THEODORET,THEODORET,5,3943,,,347,3943,424,426,2000,,
GERARD,GERARD,5,3942,1815|1823,,47,3942,184,,,1021,416
ARUNDELIAN_MARBLES,ARUNDELIAN MARBLES,5,3870,,,,3869,3870,3867,3869,3525,
SHELLS,SHELLS,5,3823,,,2411,3823,344,341,346,,
PLEADINGS,PLEADINGS,5,3802,,,3800,3802,3719,3716,3719,,
CARTES,CARTES,5,3756,1823|1842,,568,568,569,568,,,3756
NEEDLE,NEEDLE,5,3754,1810|1815,784,2021,3754,,,2452,25,
DENDROMETER,DENDROMETER,5,3721,,,,1591,3135,3721,3124,156,
FLOWERS,FLOWERS,5,3628,,,3410,3628,3581,3581,3595,,
EDINBURGHSHIRE,EDINBURGHSHIRE,5,3621,,,,,622,738,3294,2923,3621
LIFE,LIFE,5,3618,,,52,648,3618,3618,3616,,
SHEFFIELD,SHEFFIELD,5,3617,1778|1797|1823,19,,,623,1218,,3617,775
NOTTINGHAM,NOTTINGHAM,5,3601,1778|1797|1810,76,,,,1272,1262,2830,3601
CAMMIN,CAMMIN,5,3596,1815,27,16,2051,3038,,3596,,
RHEUM,RHEUM,5,3549,,,1391,3549,3379,2821,3076,,
INVERNESSSHIRE,INVERNESS-SHIRE,5,3540,1810|1815,,137,1154,,,1446,3540,3153
PRAYER,PRAYER,5,3519,,,,3518,3507,3512,3519,3137,
HATFIELD,HATFIELD,5,3511,1778|1797|1823,11,,,147,147,,3511,184
MANDING,MANDING,5,3496,1842,,,3496,709,710,708,,408
BOOK,BOOK,5,3463,1810,,1343,3298,,3463,3446,2734,
CRAYER,CRAYER,5,3463,1810,,,511,,511,509,3463,165
HERSCHEL,HERSCHEL,5,3452,,,,45,31,32,32,3452,
CORNWALL,CORNWALL,5,3381,,,,,2461,2465,2477,3370,3381
FABRICIUS,FABRICIUS,5,3381,,,,794,783,783,783,3381,
PATRIOTISM,PATRIOTISM,5,3362,,,,3347,2801,3362,3360,163,
METASTASIO,METASTASIO,5,3358,1815,,,1343,1350,,1374,3358,2836
TETRAO,TETRAO,5,3347,,,2686,3347,46,46,46,,
CANABAC,CANABAC,5,3346,,,,3346,71,71,71,24,
PATKUL,PATKUL,5,3330,,,,3330,3312,3314,3128,778,
STADTHOLDER,STADTHOLDER,5,3315,1810|1823,200,195,3315,,1788,,21,
POLISHING,POLISHING,5,3302,,,45,3302,3258,40,41,,
MADEIRAS,MADEIRAS,5,3294,,,2932,2954,3294,3259,3265,,
AMBERGRIS,AMBERGRIS,5,3293,,,,,2723,3291,3293,2572,1668
MORGAGNI,MORGAGNI,5,3264,1810,,714,3264,,275,834,361,
SLEEP,SLEEP,5,3259,1797,149,892,,1922,3259,3257,,
GUITAR,GUITAR,5,3231,1797|1823,,143,,724,724,,3227,3231
BASTILE,BASTILE,5,3230,1810,,56,3230,,3207,3208,1168,
PISUM,PISUM,5,3225,,,2496,3225,1568,1566,1566,,
SANCHONIATHO,SANCHONIATHO,5,3195,,,,2871,3195,3190,3185,3077,
BLANC,BLANC,5,3194,1810|1842,,70,3186,,3186,3194,,35
JYNX,JYNX,5,3165,,,3165,885,464,460,460,,
CHARITY,CHARITY,5,3160,1778|1810|1823,77,,3160,,2618,,2482,34
PARAGRAPH,PARAGRAPH,5,3154,,,17,17,3154,17,16,,
WALPOLE,WALPOLE,5,3148,1842,,,1970,1971,1969,1970,,3148
PRACTICE,PRACTICE,5,3131,,,2703,3082,3131,3068,3071,,
CINCTURE,CINCTURE,5,3105,1778,39,,34,3100,3105,34,,
LOGOGRAPHY,LOGOGRAPHY,5,3100,,,,3100,3086,3087,3086,333,
MAURITIUS,MAURITIUS,5,3098,1823,,,2247,2410,2425,,2616,3098
ETHIOPIA,ETHIOPIA,5,3095,1810|1815|1823,55,1888,3095,,,,335,91
WARWICKSHIRE,WARWICKSHIRE,5,3056,,,,,747,747,740,1590,3056
FUND,FUND,5,3049,1810|1823,,3049,2065,,2387,,123,129
MENSES,MENSES,5,3007,,,86,3007,70,146,70,,
PIKE,PIKE,5,2961,,,870,1005,1553,2961,1554,,
CHAMOUNI,CHAMOUNI,5,2950,,,,2946,2950,2950,2950,122,
OROBIO,OROBIO,5,2943,1810,,,1768,,869,2943,866,351
MYRISTICA,MYRISTICA,5,2877,,,,2877,2074,2135,2073,824,
FUNGI,FUNGI,5,2847,,,,2809,2842,2847,2845,30,
EULER,EULER,5,2838,1823,,,2264,2267,2266,,2838,2448
GLACIERS,GLACIERS,5,2811,,,,2800,2806,2811,2800,899,
ANTIOCH,ANTIOCH,5,2801,1778|1823|1842,26,,2794,2801,2799,,,1954
FLETEWOOD,FLETEWOOD,5,2793,1810|1823,,125,2789,,2793,,1199,124
SIXTH,SIXTH,5,2788,,,656,2772,2773,2775,2788,,
SMOLLET,SMOLLET,5,2787,,,1925,2787,2758,2762,2762,,
DARTOS,DARTOS,5,2778,,,37,37,38,37,2778,,
CLOUD,CLOUD,5,2768,1815|1823,,1741,2435,2428,,,2475,2768
AYR,AYR,5,2765,,,,,911,909,916,2765,897
STEPHENS,STEPHENS,5,2739,,,1532,2226,2739,2645,2700,,
HISPANIOLA,HISPANIOLA,5,2717,,,1118,2286,2711,2717,2389,,
NECROMANCY,NECROMANCY,5,2717,,,,2668,2717,2663,2589,2142,
ADANSON,ADANSON,5,2713,,,,,194,194,2713,2712,1306
ROBBERY,ROBBERY,5,2652,,,635,633,2650,633,2652,,
SCHEELE,SCHEELE,5,2650,1810,,,2565,,2650,2650,1670,2583
COWPER,COWPER,5,2644,,,,,2428,2425,2427,2500,2644
MAITTAIRE,MAITTAIRE,5,2605,,,,874,883,893,888,2605,
CALCEARIUM,CALCEARIUM,5,2604,,,,27,6,2604,6,27,
SEAMEN,SEAMEN,5,2604,,,2604,685,684,684,1621,,
FRINGILLA,FRINGILLA,5,2588,1810,960,1353,2588,,83,59,,
UNIFORMITY,UNIFORMITY,5,2585,,30,2585,122,121,121,,,
BARROWS,BARROWS,5,2582,,,,2582,2427,2432,2430,739,
CHATTERTON,CHATTERTON,5,2572,1842,,,1495,2572,1494,1503,,1434
PULEX,PULEX,5,2571,,76,1717,2571,853,853,,,
JULIERS,JULIERS,5,2569,1810,32,2569,478,,481,461,,
PHILISTINES,PHILISTINES,5,2558,1842,,,2558,2558,2554,2103,,941
MITHRIDATES,MITHRIDATES,5,2537,1810|1815,,151,1489,,,944,978,2537
NICEPHORUS,NICEPHORUS,5,2537,1810|1823,,176,1393,,343,,426,2537
JOAN,JOAN,5,2530,,,643,2530,323,323,323,,
HALES,HALES,5,2526,,,,,2526,2503,2525,2443,431
TENNIS,TENNIS,5,2491,,,,2396,2491,2428,1902,11,
PRIESTLEY,PRIESTLEY,5,2482,,,,,2338,2339,1771,2365,2482
SALTPETRE,SALTPETRE,5,2482,,,,1916,2482,2479,2465,57,
MAHWAH,MAHWAH,5,2454,,,,2454,800,803,798,47,
ORDNANCE,ORDNANCE,5,2453,1810,,707,2453,,2150,1679,257,
NICERON,NICERON,5,2443,1797,,99,,606,1027,605,2443,
RABBIT,RABBIT,5,2441,,,1293,1293,2441,2299,2311,,
NEEDLES,NEEDLES,5,2435,1797|1823,,28,,2431,2435,,923,1164
MARITIME,MARITIME,5,2418,1797|1810,328,1166,,,1171,2418,1184,
LINEN,LINEN,5,2413,1823|1842,,1026,1650,277,897,,,2413
BONES,BONES,5,2391,,,1743,2391,2252,2262,2262,,
WESLEY,WESLEY,5,2387,1823,,,2387,2362,2357,,1356,1315
ABBOTSLANGLEY,ABBOTS-LANGLEY,5,2367,,,,,2367,17,42,28,23
PLAUTUS,PLAUTUS,5,2349,1797|1815,,200,,206,,206,1701,2349
CONTINENCE,CONTINENCE,5,2347,,,,2347,2343,1937,2344,23,
BLACKLOCK,BLACKLOCK,5,2342,,,,,2334,2342,2342,2268,635
COLLISION,COLLISION,5,2337,1810|1842,,47,25,,29,29,,2337
BATTEL,BATTEL,5,2262,1797|1810,,2142,,,2149,2262,1022,586
END_OF_THE_THIRD_VOLUME,END OF THE THIRD VOLUME,5,2256,,,2256,397,69,88,80,,
ILDEFONSO,ILDEFONSO,5,2243,1823,,,2191,1596,2243,,178,66
FOSTER,FOSTER,5,2232,1810,,,339,,1571,1327,1183,2232
BRONZING,BRONZING,5,2231,,,27,26,27,26,2231,,
LIVIUS,LIVIUS,5,2220,,,,2220,2095,2094,2123,1665,
SAHARA,SAHARA,5,2216,,,,714,705,706,704,2216,
HUTTON,HUTTON,5,2188,,,,,2148,2150,2188,1759,1131
CAERMARTHEN,CAERMARTHEN,5,2186,1797|1810|1823,17,498,,,498,,138,2186
MELCHISEDEC,MELCHISEDEC,5,2184,1815,,,1297,1297,,1298,2181,2184
ASPHALTITES,ASPHALTITES,5,2180,1810,,1760,2168,,2180,2162,1854,
ACOSTA,ACOSTA,5,2175,,,,,1304,1304,1312,2175,978
APPOINTEE,APPOINTEE,5,2166,,,58,2166,99,99,98,,
DUMBNESS,DUMBNESS,5,2158,,,1568,2121,1961,2150,2158,,
VISION,VISION,5,2128,,,28,2128,27,27,27,,
AUDITORY,AUDITORY,5,2122,,,51,2122,61,61,2089,,
IGNATIA,IGNATIA,5,2121,,,,2121,282,282,282,278,
CHATEAUBRIANT,CHATEAU-BRIANT,5,2113,1810|1842,,2113,18,,383,23,,65
ADAMS,ADAMS,5,2104,,,,,77,77,77,1876,2104
COCHINCHINA,COCHIN-CHINA,5,2086,,,1141,2086,2085,2085,2085,,
PEIRESC,PEIRESC,5,2075,1810,,,2075,,2075,2075,999,438
COLT,COLT,5,2062,,,1539,1516,2062,1535,1534,,
ASIA_MINOR,ASIA MINOR,5,2058,1815|1842,,58,58,58,,58,,2058
AGRIGENTUM,AGRIGENTUM,5,2057,1823,,,2002,2057,2053,,988,1029
ARGUMENT,ARGUMENT,5,2030,1815,55,41,41,2026,,2030,,
MANNERS,MANNERS,5,2016,,,1953,1989,2014,2016,2016,,
MONTGOMERYSHIRE,MONTGOMERYSHIRE,5,1986,1797|1815,,87,,144,,147,1731,1986
OLYMPIAS,OLYMPIAS,5,1984,1842,,,1984,320,320,320,,481
QUALITY,QUALITY,5,1980,1778,63,,1875,1845,1980,1953,,
LAMANON,LAMANON,5,1975,,,,1975,667,674,672,573,
ELEGY,ELEGY,5,1968,1778|1810|1815,158,,11,,,1968,25,110
PREDETERMINATION,PREDETERMINATION,5,1956,,,,42,1956,67,42,35,
INFIDELITY,INFIDELITY,5,1954,,,,1298,1953,1954,1953,1935,
FELTING,FELTING,5,1953,,,,1953,1115,1118,1116,34,
PHARSALIA,PHARSALIA,5,1952,,,,1952,1805,1941,648,63,
PUNCTUATION,PUNCTUATION,5,1946,1815|1842,,807,810,1946,,1865,,1748
CENSURE,CENSURE,5,1945,1810|1815|1823,43,43,43,,,,43,1945
PHARAOH,PHARAOH,5,1941,,,,1941,1891,1929,1921,1457,
LOUTH,LOUTH,5,1937,,,,,279,273,272,1937,1787
ANNEALING,ANNEALING,5,1936,,,,,1618,1909,1594,1934,1936
AVERNUS,AVERNUS,5,1936,,,472,1936,737,733,1153,,
SCIURUS,SCIURUS,5,1901,1810,130,1659,1901,,38,38,,
CLEMENCY,CLEMENCY,5,1896,,,,1718,1896,1717,1718,1721,
CHALLENGE,CHALLENGE,5,1893,,,,1893,1892,1892,1890,50,
TRANSYLVANIA,TRANSYLVANIA,5,1891,,,,187,187,187,190,1891,
WALTON,WALTON,5,1889,,,,,46,46,46,832,1889
BAMBOROUGH,BAMBOROUGH,5,1886,,,,,757,1886,1342,136,159
NORIA,NORIA,5,1883,,,,577,580,579,1883,533,
MUNYCHIA,MUNYCHIA,5,1880,,,1880,123,121,120,120,,
WEBSTER,WEBSTER,5,1880,,,,,1046,1051,1022,684,1880
BIRTH,BIRTH,5,1864,,,,1864,1474,1439,1438,90,
DAUBENTON,DAUBENTON,5,1864,1842,,,701,1477,1491,1486,,1864
GROUTHEAD,GROUTHEAD,5,1864,,,,1029,1030,1033,1864,1372,
LICETUS,LICETUS,5,1864,,,,107,107,106,107,1864,
JOEL,JOEL,5,1861,,,1861,188,180,180,180,,
LUCERNE,LUCERNE,5,1858,1815,,,800,797,,1431,291,1858
ABERCROMBY,ABERCROMBY,5,1857,,,,,1855,1855,1857,1207,1612
HINZUAN,HINZUAN,5,1851,,,,1851,693,659,661,217,
HAGARENS,HAGARENS,5,1845,,,,1845,160,160,160,159,
PEASANT,PEASANT,5,1845,,,,1845,1689,1175,1684,10,
HORNBY,HORNBY,5,1839,1797,,309,,1555,137,1839,76,
ARK,ARK,5,1837,,,,1834,1837,1835,1835,619,
OMENTUM,OMENTUM,5,1837,,,112,1837,31,31,31,,
BOHOL,BOHOL,5,1828,1778|1797|1810,13,,,,255,255,47,1828
PACIFIC_OCEAN,PACIFIC OCEAN,5,1815,1842,,,171,167,168,168,,1815
POULTRY,POULTRY,5,1808,,17,643,607,1808,1454,,,
BALLAD,BALLAD,5,1804,1778|1797|1810,63,,,,61,61,1804,1704
VANBRUGH,VANBRUGH,5,1794,1823,,268,16,132,132,,1794,
DAMIETTA,DAMIETTA,5,1790,,,,,1790,1789,1790,803,376
JOSEPHUS,JOSEPHUS,5,1788,1797|1842,,193,,193,194,194,,1788
HELIANTHUS,HELIANTHUS,5,1786,1810,42,65,1786,,1713,1114,,
SACKVILLE,SACKVILLE,5,1783,1797|1823,,802,,1783,1747,,761,1057
WORD,WORD,5,1782,,,1782,288,343,287,340,,
ASPEROSA,ASPEROSA,5,1769,1810,,,99,,37,26,26,1769
NORTHAMPTONSHIRE,NORTHAMPTONSHIRE,5,1767,1797|1810,,333,,,457,466,1767,1261
ARISTOTELIA,ARISTOTELIA,5,1730,,,,43,41,41,41,1730,
COFFEE_ALSO,COFFEE ALSO,5,1726,1810|1823,,1270,1264,,1264,,383,1726
ITALICA,ITALICA,5,1724,,,,94,95,95,95,1724,
FIGURAL,FIGURAL,5,1717,1778|1810,42,,42,,47,1717,13,
ARMACALES,ARMACALES,5,1711,,,85,1711,85,85,85,,
HIGHLANDERS,HIGHLANDERS,5,1709,1797,,1690,,1709,1709,1709,43,
HIBISCUS,HIBISCUS,5,1705,1810,39,1649,1705,,71,70,,
MAGDALEN,MAGDALEN,5,1692,1797,41,41,,221,221,1692,,
ALP_ARSLAN,ALP ARSLAN,5,1680,,,,,1679,1677,1680,1393,1097
ASPARAGUS,ASPARAGUS,5,1679,1810,65,1679,956,,297,297,,
HELMINTHOLITHUS,HELMINTHOLITHUS,5,1675,,37,37,37,1675,31,,,
ANSELM,ANSELM,5,1672,,,,,408,408,408,363,1672
PERCEPTION,PERCEPTION,5,1659,,,1442,1659,1638,1640,1642,,
PULO,PULO,5,1659,,,,1262,652,652,653,1659,
METAL,METAL,5,1655,,,,1655,140,140,140,14,
ARDEA,ARDEA,5,1654,1797,1287,1654,,92,92,92,,
ASCHAM,ASCHAM,5,1645,1810,,,571,,1272,1645,1529,1485
ILLUMINATI,ILLUMINATI,5,1644,,,,,119,119,118,114,1644
PRISMOID,PRISMOID,5,1635,,,,1635,45,45,45,45,
GUALEOR,GUALEOR,5,1632,,,28,1570,1632,1632,1631,,
COBALT,COBALT,5,1626,1810|1815|1823,156,860,1626,,,,488,145
BATTERINGRAM,BATTERING-RAM,5,1619,1815|1823,,427,426,428,,,1619,406
APPRENTICESHIP,APPRENTICESHIP,5,1612,,,,,1190,1204,1190,1431,1612
TADPOLE,TADPOLE,5,1606,,,653,1606,40,40,40,,
HIDALGO,HIDALGO,5,1604,1842,,,1604,1602,1604,1604,,15
PARTISAN,PARTISAN,5,1598,1797,,71,,72,72,1598,55,
JUNIPERUS,JUNIPERUS,5,1596,1778,67,,1596,26,26,27,,
JATROPHA,JATROPHA,5,1589,,67,1589,1118,26,26,,,
PARTRIDGE,PARTRIDGE,5,1578,1797,,1100,,1578,1574,1575,28,
RUNCIMAN,RUNCIMAN,5,1578,,,,,1578,1529,1529,1279,297
GEMMA,GEMMA,5,1569,,,1548,1552,1568,1568,1569,,
PHILOSOPHER,PHILOSOPHER,5,1568,1797,21,107,,19,1567,1568,,
CRANE,CRANE,5,1561,1815,41,29,1561,26,,34,,
LANERKSHIRE,LANERKSHIRE,5,1558,,,730,1209,1558,1558,1556,,
FOOTE,FOOTE,5,1554,1815,,1554,1552,1551,,1552,1183,
RODNEY,RODNEY,5,1549,1842,,,1361,1085,1083,1086,,1549
MORAT,MORAT,5,1539,1842,,,1085,758,394,1539,,170
PHAETON,PHAETON,5,1539,,,,1539,466,466,467,449,
PLINTH,PLINTH,5,1528,1815,12,131,1513,1528,,131,,
STRANGE,STRANGE,5,1525,1823,,,1218,1525,1523,,1411,948
CIRCONCELLIONES,CIRCONCELLIONES,5,1522,1815,,721,681,666,,667,1522,
FOUNTAINTREE,FOUNTAIN-TREE,5,1521,1815,,1521,1179,1366,,1367,328,
ASSASSIN,ASSASSIN,5,1513,1797|1810|1823,32,1303,,,1513,,696,694
WRECK,WRECK,5,1507,,,1484,1481,1480,1486,1507,,
COURSE,COURSE,5,1504,,,25,179,179,179,1504,,
SHERLOCK,SHERLOCK,5,1473,,,,,738,1448,1473,729,789
PIETY,PIETY,5,1469,,,,1469,1467,1467,1468,77,
CUPEL,CUPEL,5,1454,,,1454,681,444,443,443,,
LYONET,LYONET,5,1449,,,,1449,1070,1071,1073,1034,
FUNERAL_ORATION,FUNERAL ORATION,5,1448,1815,14,105,1446,1448,,1446,,
APPRENTICE,APPRENTICE,5,1442,,,,,445,459,1442,562,562
PERQUISITE,PERQUISITE,5,1439,,,43,43,44,43,1439,,
BRAMINS,BRAMINS,5,1415,,,486,1277,1013,1266,1415,,
CHINAROOT,CHINA-ROOT,5,1410,1797,31,188,,142,1410,123,,
HATUAN,HATUAN,5,1406,1778,20,,35,35,1406,34,,
SEJANT,SEJANT,5,1396,,51,24,1396,1394,24,,,
ALMAMON,ALMAMON,5,1378,,,,413,1378,1378,1377,1078,
PIQUET,PIQUET,5,1371,,,,1067,1067,1063,1065,1371,
GALLIA,GALLIA,5,1363,1842,,,398,398,400,399,,1363
INDIGOFERA,INDIGOFERA,5,1361,1778,720,,1361,1151,1154,1153,,
MAS,MAS,5,1359,,,,1359,467,484,482,337,
MOTIVE,MOTIVE,5,1358,,,,1358,33,33,33,34,
PETCHELI,PETCHELI,5,1358,,,147,1358,1332,1355,1335,,
APOSTIL,APOSTIL,5,1346,1797,140,10,,1342,1344,1346,,
AMARANTHUS,AMARANTHUS,5,1343,,61,1343,693,26,26,,,
ALLAHABAD,ALLAHABAD,5,1342,,,,,410,409,379,1342,338
AMALEK,AMALEK,5,1342,,,,1342,1088,1088,1087,1087,
ANOSSI,ANOSSI,5,1340,,,1334,1335,1340,1339,1339,,
SEEKS,SEEKS,5,1340,,,,893,892,883,1340,92,
RATE,RATE,5,1335,1797,33,1332,,1331,1335,1323,,
BZOVIVS,BZOVIVS,5,1333,,,,,1333,433,433,383,588
ATTILA,ATTILA,5,1332,,,,1115,1300,1332,1292,181,
METELLUS,METELLUS,5,1331,,,,,394,392,389,406,1331
GUAJACUM,GUAJACUM,5,1327,,361,1073,1327,30,30,,,
AGRIOPHAGI,AGRIOPHAGI,5,1326,1797|1810,,66,,,66,66,1326,56
BRINDLEY,BRINDLEY,5,1319,,,,,1304,1307,1307,1319,837
MONETARIUS,MONETARIUS,5,1319,,,,45,47,46,46,1319,
ROSE,ROSE,5,1313,,,960,1057,381,1311,1313,,
SHIELDS,SHIELDS,5,1307,1842,,,162,1307,204,204,,1024
BUTE,BUTE,5,1306,1797|1842,,428,,507,503,1306,,284
DIARBEKIR,DIARBEKIR,5,1306,,,,927,909,909,905,1306,
ALCAREZ,ALCAREZ,5,1303,,,163,163,1303,163,165,,
CANARY,CANARY,5,1301,1797,45,1024,,425,331,1301,,
HOLYHEAD,HOLYHEAD,5,1297,,,409,520,1297,1297,1287,,
DIOGENES,DIOGENES,5,1295,1797|1815,,851,,1214,,1295,1287,1147
RHETORIANS,RHETORIANS,5,1294,1815,,41,41,41,,43,1294,
REFORM,REFORM,5,1293,,,,1292,1291,1293,1293,20,
ORFA,ORFA,5,1286,1810,,82,82,,408,82,1286,
UNDECEMVIR,UNDECEMVIR,5,1278,,141,111,112,1278,112,,,
WATTS,WATTS,5,1273,1842,,,246,1273,242,227,,383
MASSUAH,MASSUAH,5,1261,,,,1257,1261,1259,1131,197,
HELENA,HELENA,5,1256,1810|1815|1823,210,422,927,,,,1256,916
ALMOHEDES,ALMOHEDES,5,1243,,,,,1240,1243,1243,1234,647
JESUS_CHRIST,JESUS CHRIST,5,1241,,,1233,1233,1239,1241,1235,,
PERRUKE,PERRUKE,5,1239,1778|1823,45,,485,1239,775,,583,
THEFT,THEFT,5,1230,,,1182,959,1230,1230,829,,
MAGELLAN,MAGELLAN,5,1228,1797|1842,,222,,1228,762,763,,230
OPOCALPASUM,OPOCALPASUM,5,1226,,,,1226,55,55,55,55,
BOURBOURG,BOURBOURG,5,1223,,,28,28,1223,27,28,,
MAGNANIMITY,MAGNANIMITY,5,1223,,,,1223,1223,1223,1223,107,
PANTALARIA,PANTALARIA,5,1220,,,63,405,1220,403,1025,,
NIMROD,NIMROD,5,1219,,,,1208,1210,1209,1210,1219,
ICEHOUSE,ICE-HOUSE,5,1214,1778|1815,736,,879,1212,,1214,670,
CAMPHORA,CAMPHORA,5,1210,,,203,208,1210,208,213,,
VARIETY,VARIETY,5,1209,,,1209,115,110,110,110,,
CRACKOW,CRACKOW,5,1205,,,293,1204,1205,1204,1201,,
LACCA,LACCA,5,1205,1797|1810,313,377,,,1203,1205,196,
CAPIAS,CAPIAS,5,1200,1778|1797|1842,52,,,1200,274,273,,489
MUNDA,MUNDA,5,1194,,,33,1193,1194,1193,1194,,
BEALE,BEALE,5,1192,1810|1823,,142,1192,,142,,133,139
BOURCHIER,BOURCHIER,5,1192,1810,,291,292,,1192,292,294,
ICEISLAND,ICE-ISLAND,5,1191,1815,,80,1191,1188,,1188,335,
BEAM,BEAM,5,1190,1797|1810|1823,1190,324,,,332,,142,170
CERASTIUM,CERASTIUM,5,1190,1810,83,26,55,,1190,1139,,
FALL_OF_MAN,FALL OF MAN,5,1188,,,,1180,1181,1181,1188,176,
HIPPARCHUS,HIPPARCHUS,5,1187,1810,,,115,,115,115,1046,1187
DORIA,DORIA,5,1181,1810,,1181,379,,380,380,391,
ANDROGYNES,ANDROGYNES,5,1180,,,,1180,1138,1132,1137,122,
MUSK,MUSK,5,1179,1810|1842,,706,1179,,48,48,,370
TITIANO_VECELLI,TITIANO VECELLI,5,1172,,,,1172,1171,1167,1168,690,
LELAND,LELAND,5,1170,,,614,1170,1056,1057,1057,,
REAUMUR,REAUMUR,5,1170,1823,,,1141,1170,1146,,1141,580
INGRATITUDE,INGRATITUDE,5,1167,,,,1167,1167,1166,1167,1078,
MEDITULLIUM,MEDITULLIUM,5,1163,1778,23,,1163,28,28,28,,
NOLLET,NOLLET,5,1161,,,,1157,1158,1156,1161,440,
AMASIS,AMASIS,5,1160,,,,,825,1159,1160,695,486
NORIS,NORIS,5,1159,1823,,,1159,889,890,,900,399
KILLARNEY,KILLARNEY,5,1153,,,,985,750,985,984,1153,
QUICK,QUICK,5,1147,1810,1093,368,63,,1146,1147,,
QUID_PRO_QUO,QUID PRO QUO,5,1144,1810|1842,,101,101,,98,101,,1144
LICENSE,LICENSE,5,1143,,,,,174,164,14,13,1143
BAUHIN,BAUHIN,5,1141,,,,,711,714,719,710,1141
PLENUS_FLOS,PLENUS FLOS,5,1140,,,1140,1105,1099,1100,1100,,
WATSON,WATSON,5,1140,1797|1842,,656,,562,562,557,,1140
OXGANG,OXGANG,5,1138,1810,,110,25,,25,25,1138,
PHILETAS,PHILETAS,5,1135,,,,98,98,98,1135,96,
EQUINOCTIAL,EQUINOCTIAL,5,1133,,,,296,305,303,304,1133,
CIVIL,CIVIL,5,1131,1797|1823,65,310,,1131,856,,113,
MERIDEN,MERIDEN,5,1129,,,,72,1129,73,73,55,
BINDING,BINDING,5,1128,1778,1128,,159,108,165,108,,
NOSTRADAMUS,NOSTRADAMUS,5,1126,,,164,1124,1126,1125,1126,,
BOYD,BOYD,5,1125,1815|1823,,346,341,347,,,1125,621
PINNA,PINNA,5,1121,,,466,1121,226,262,226,,
JABESH,JABESH,5,1118,,,,58,58,58,58,1118,
MALLEOLI,MALLEOLI,5,1118,,,,1118,76,76,76,44,
PAPAVER,PAPAVER,5,1114,1815,74,369,1114,28,,28,,
CALIPPIC_PERIOD,CALIPPIC PERIOD,5,1103,1778|1815,1103,,206,203,,187,198,
LADOGNA,LADOGNA,5,1095,,,1095,27,27,27,27,,
PRIMOGENITURE,PRIMOGENITURE,5,1095,1823,,,123,321,320,,362,1095
GLORY,GLORY,5,1094,,,,1083,1092,1094,1093,1092,
HOMAGE,HOMAGE,5,1092,,64,41,1092,41,41,,,
KINGDOM,KINGDOM,5,1092,,,10,10,41,41,1092,,
SPARTIUM,SPARTIUM,5,1087,,,295,1087,823,820,820,,
PATIENCE,PATIENCE,5,1086,,,,1086,1086,1086,1086,671,
MOREL,MOREL,5,1083,1815,,435,1083,392,,392,1001,
FORCING,FORCING,5,1078,,,672,840,1078,191,189,,
OVID,OVID,5,1078,,,216,1062,702,1064,1078,,
GUYON,GUYON,5,1068,1797|1842,,248,,249,249,249,,1068
PATELLA,PATELLA,5,1059,,,50,1059,492,493,493,,
APOSTOLIC,APOSTOLIC,5,1056,1842,,,938,417,1056,416,,143
EXPERIENCE,EXPERIENCE,5,1046,1778|1797,26,,,137,114,1046,16,
ACESINES,ACESINES,5,1041,,,,,63,63,63,1041,64
ASSISE,ASSISE,5,1040,,,1026,1026,1029,1040,1040,,
BAPTIST,BAPTIST,5,1036,,,,1036,1036,1035,175,975,
SACRAMENT,SACRAMENT,5,1035,1810|1815|1823,128,129,1035,,,,711,624
CHANTOR,CHANTOR,5,1029,1797,1029,219,,163,163,163,,
HUYSUM,HUYSUM,5,1028,1810,,,1028,,1025,1025,523,299
PLUMMET,PLUMMET,5,1027,1815|1823,344,65,1027,340,,,66,
MORNAY,MORNAY,5,1024,1823,,245,1004,1024,1021,,996,
SEM,SEM,5,1020,,,1020,46,59,46,46,,
FLUIDITY,FLUIDITY,5,1018,,,1010,1018,456,1012,1012,,
DACTYLUS,DACTYLUS,5,1015,1778|1815,69,,1015,27,,29,13,
PERIOSTEUM,PERIOSTEUM,5,1011,,,111,86,86,85,1011,,
VAUDOIS,VAUDOIS,5,1009,1778,18,,1009,392,388,388,,
LUDAMAR,LUDAMAR,5,1003,,,,1003,446,446,444,218,
APOSTASY,APOSTASY,5,1002,,,,,596,597,596,1002,935
TOUCHSTONE,TOUCHSTONE,5,1000,,,,101,1000,100,104,98,
HINDUSTAN,HINDUSTAN,4,111064,1815|1823,,,14889,17287,,,111064,69793
CONCHOLOGY,CONCHOLOGY,4,96051,,,,,2334,86522,96051,2,
GEOLOGY,GEOLOGY,4,80319,,,,,72529,80319,80231,30,
STEAMENGINE,STEAM-ENGINE,4,62211,1810|1815|1842,,7998,39059,,,41085,,62211
THUS,THUS,4,61936,,,,61936,21184,94,68,,
TAXATION,TAXATION,4,51357,1842,,,,13026,13017,13017,,51357
SCRIPTURE,SCRIPTURE,4,49795,,,,,,4015,49795,13993,18152
WORKHOUSE,WORK-HOUSE,4,33947,1810,,,33947,,2201,2197,86,
HELMINTHOLOGY,HELMINTHOLOGY,4,32787,,,,,30396,32787,31259,9817,
SURGEON,SURGEON,4,31955,,,,290,31955,290,290,,
NEWSPAPERS,NEWSPAPERS,4,31048,1815|1842,,,213,266,,272,,31048
EARTHQUAKE,EARTHQUAKE,4,27688,1810|1815|1823|1842,35,15413,27688,,,,,224
TIDE,TIDE,4,25800,,,,24784,25556,25558,25800,,
JESUS,JESUS,4,24400,,,,,,75,76,24400,6154
PERSPECTIVE,PERSPECTIVE,4,23293,1797|1810|1815,4257,5796,,,,23293,395,
CONCORDAT,CONCORDAT,4,23166,1815|1823,,,178,178,,,169,23166
TIMBER,TIMBER,4,23015,1778|1797|1815|1823,8,,,11,,,23015,19259
HINDOSTAN,HINDOSTAN,4,21121,,,,3376,3859,21121,21105,,
MALT,MALT,4,17935,,,,17935,3805,3812,3810,,
SPECTRE,SPECTRE,4,17762,,,,17762,9663,9679,8591,,
OTAHEITE,OTAHEITE,4,16930,1823,,,,16930,16925,,28,384
MINIATURE_PAINTING,MINIATURE PAINTING,4,16250,1815,,,,11194,,16250,10458,404
JETTE,JETTE,4,14494,,,,14494,39,39,39,,
ETNA,ETNA,4,13413,,,,13413,15,15,15,,
ARCHITECT,ARCHITECT,4,13309,1810|1815|1823,,13309,43,,,,627,626
ASSAYING,ASSAYING,4,12970,1810|1815,,,333,,,8023,8000,12970
ESSAYING,ESSAYING,4,12809,,,,12809,85,87,87,,
HINDOOS,HINDOOS,4,12407,,,,12393,12245,12407,12277,,
WINCKLEMAN,WINCKLEMAN,4,12009,,,,12009,1239,1719,1237,,
MYTTOTON,MYTTOTON,4,11183,,,,33,11183,33,33,,
PLATONISM,PLATONISM,4,9771,1797,,111,,5826,9771,5842,,
ORB,ORB,4,9726,1810,,137,137,,138,9726,,
KAMSIN,KAMSIN,4,9153,,,,9153,603,660,605,,
LEIGHTON,LEIGHTON,4,9030,1810|1815|1823,,400,400,,,,9030,3327
GREENHOUSE,GREEN-HOUSE,4,9007,1815|1842,,,1469,2054,,9007,,67
AERONAUTICA,AERONAUTICA,4,8882,1810|1815,,,29,,,29,50,8882
EQUUS,EQUUS,4,8821,1810,5850,6900,8821,,27,,,
DIOPTRICS,DIOPTRICS,4,8427,1797,,7716,,3328,8427,8415,,
FIXED_BODIES,FIXED BODIES,4,8064,1810|1815,,98,8064,,,259,27,
DRAIN,DRAIN,4,7925,,,,,58,58,58,7925,
POTAMON,POTAMON,4,7724,,,,,232,7724,233,155,
POTATO,POTATO,4,7630,1823|1842,,,7630,2558,2358,,,333
ROSSSHIRE,ROSS-SHIRE,4,7343,,,,,2583,2545,3138,7343,
BURNS,BURNS,4,7215,1810|1815,,,5015,,,7215,5361,5377
LINDSAY,LINDSAY,4,6936,1810|1823,,,369,,369,,6936,1150
FLAT,FLAT,4,6911,,,,142,142,142,6911,,
LAPITHUS,LAPITHUS,4,6889,1823,,,216,216,218,,6889,
ANIMALCULES,ANIMALCULES,4,6748,,,,6748,108,108,665,,
STEMSON,STEMSON,4,6707,,,,40,40,40,6707,,
GRYLLUS,GRYLLUS,4,6665,1810|1815,86,797,6665,,,27,,
END_OF_THE_FIRST_VOLUME,END OF THE FIRST VOLUME,4,6535,1797|1810,283,6535,,,40,58,,
HESSIAN_FLY,HESSIAN FLY,4,6503,,,,6503,6501,6493,6503,,
HANDEL,HANDEL,4,6255,1810|1823,,,6255,,6003,,2561,2571
DYE,DYE,4,6208,,,,6208,51,727,724,,
FREDERICK_II,FREDERICK II,4,6171,,,,6080,6171,6145,5398,,
VARI,VARI,4,6145,,,,21,21,6145,21,,
ADDISON,ADDISON,4,6038,1810|1815|1823,,2292,4275,,,,4220,6038
MIRACLES,MIRACLES,4,5926,1823|1842,,,3049,5001,3079,,,5926
ERASMUS,ERASMUS,4,5909,1810|1815|1823,,227,227,,,,5837,5909
CAMPBELL,CAMPBELL,4,5788,1810|1815|1823,,2397,4748,,,,4926,5788
LINNAEUS,LINNAEUS,4,5744,1797|1815,,1869,,5744,,5023,4295,
CONGIARIUM,CONGIARIUM,4,5579,,,,113,5579,114,113,,
MOLIERE,MOLIERE,4,5575,1810|1815|1842,,311,310,,,305,,5575
PANTHEISM,PANTHEISM,4,5573,1810|1815,,,561,,,196,521,5573
ENCANTHIS,ENCANTHIS,4,5487,1778|1797,51,,,5487,50,51,,
ROXBURGHSHIRE,ROXBURGHSHIRE,4,5454,1815|1823|1842,,498,495,5249,,,,5454
ENCAUSTIC_PAINTING,ENCAUSTIC PAINTING,4,5431,,,,,,5431,5409,5182,489
PERCUSSION,PERCUSSION,4,5320,1810|1815|1823,21,21,5320,,,,26,
MAGIC_SQUARE,MAGIC SQUARE,4,5244,1823|1842,,,5244,5133,4746,,,865
BOUGUER,BOUGUER,4,5171,1810|1815,,,5171,,,2033,2022,1374
MISSOURI,MISSOURI,4,5138,,,,,,195,424,5138,2121
PARVICH,PARVICH,4,5112,1823,,,5112,178,179,,134,
SELFHEAL,SELF-HEAL,4,5028,,,,5028,4856,4869,4867,,
AEM,AEM,4,4985,,,,,4381,4378,5,4985,
SELDEN,SELDEN,4,4900,1823,,,,942,945,,948,4900
PETERSBURGH,PETERSBURGH,4,4879,,,,1481,150,149,4879,,
SUICIDE,SUICIDE,4,4814,1810|1815,,,4814,,,4812,2578,2399
ERASISTRATUS,ERASISTRATUS,4,4753,1810|1823,,,4753,,261,,254,209
PAULO,PAULO,4,4727,,,,,655,652,612,4727,
RICHMOND,RICHMOND,4,4631,1778|1797|1810|1815,39,,,,,143,602,4631
SENSES,SENSES,4,4620,,,,,4608,4620,4615,4440,
EVAPORATION,EVAPORATION,4,4585,,28,4401,4585,27,,,,
SIERRA_LEONA,SIERRA LEONA,4,4585,,,,3658,4173,4585,4391,,
KALMUCS,KALMUCS,4,4583,,,,4577,4582,4583,4583,,
SECEDERS,SECEDERS,4,4532,,320,314,4499,4532,,,,
AERSCHOT,AERSCHOT,4,4255,,,,,,172,172,144,4255
SIAM,SIAM,4,4189,1797|1810|1815|1823,39,648,,,,,4153,4189
MANGANESE,MANGANESE,4,4182,,,,4182,32,32,32,,
MONTESQUIEU,MONTESQUIEU,4,4128,1810|1815|1842,,736,737,,,1216,,4128
PASTE,PASTE,4,4097,,,,275,1302,4097,3588,,
MOREAU,MOREAU,4,4056,1810|1815|1823,,79,79,,,,4056,2236
TEST,TEST,4,4053,,,904,857,4053,2040,,,
MORNEGAROU,MORNE-GAROU,4,4011,,,,4011,349,348,348,,
SENNAAR,SENNAAR,4,3978,,,,3978,3959,2454,3957,,
HOBSONSCHOICE,HOBSON'S-CHOICE,4,3977,,,,52,3564,52,3977,,
OUSE,OUSE,4,3954,1797|1810|1815|1823,62,74,,,,,3954,242
LIBERTINES,LIBERTINES,4,3952,,,,3952,582,568,568,,
RIGHTS,RIGHTS,4,3930,1797|1815|1823,,3930,,3473,,,1894,1407
BOSWELL,BOSWELL,4,3910,1810|1815,,,1793,,,3910,3907,1483
BUBASTIS,BUBASTIS,4,3863,1810|1815,,,704,,,706,3863,364
PLAYHOUSE,PLAYHOUSE,4,3754,1815,,,3737,3754,,3749,3740,
BEAN,BEAN,4,3727,1797|1810|1823,,422,,,255,,368,3727
PIANO_FORTE,PIANO FORTE,4,3719,,,,3719,1324,1328,1328,,
CHAUCER,CHAUCER,4,3692,1810,,,1232,,1066,1066,3692,
FIREPHILOSOPHERS,FIRE-PHILOSOPHERS,4,3566,,,,,3565,3566,3544,294,
ALOE,ALOE,4,3517,1810|1815|1823|1842,300,1806,3517,,,,,200
ARKWRIGHT,ARKWRIGHT,4,3462,,,,,856,870,851,3462,
RUDDIMAN,RUDDIMAN,4,3426,1810,,,3426,,3423,3395,3204,
OUTLAWRY,OUTLAWRY,4,3425,1797,,55,,425,432,3425,,
FORSTER,FORSTER,4,3346,1810|1815,,,3168,,,3346,2165,2105
AGRARIAN_LAWS,AGRARIAN LAWS,4,3330,1823|1842,,,199,199,198,,,3330
FERMAT,FERMAT,4,3258,1810|1815,,,3258,,,983,475,985
GOTHS,GOTHS,4,3201,,,,,1215,1182,1210,3201,
SEVERUSS_WALL,SEVERUS'S WALL,4,3196,1810|1815,,2556,3193,,,2657,3196,
KABOBIQUAS,KABOBIQUAS,4,3182,,,,3182,257,256,257,,
SURREY,SURREY,4,3171,1823,,,,257,258,,1639,3171
GRENADE,GRENADE,4,3170,1823|1842,,,3170,3100,3102,,,1440
IMPOSTOR,IMPOSTOR,4,3143,,,,3076,1780,3143,3133,,
ARGYLESHERE,ARGYLESHERE,4,3131,1778|1810|1815|1823,37,,389,,,,3131,2524
PASTURE,PASTURE,4,3130,,,121,3130,230,230,,,
SIAM_PROPER,SIAM PROPER,4,3095,,,,3095,2658,3094,3094,,
MALLICOLLO,MALLICOLLO,4,3053,1810|1823,,2595,3053,,361,,54,
MESSENA,MESSENA,4,3031,1797|1810,,3031,,,92,92,88,
MEDICIS,MEDICIS,4,3026,,,,2176,3024,3026,3023,,
PHOENICIA,PHOENICIA,4,3009,1797,,1278,,3007,2926,3009,,
UNITED_BRETHREN,UNITED BRETHREN,4,3009,,,,3009,685,687,686,,
AGARICUS,AGARICUS,4,3002,1810|1815|1823|1842,123,2688,3002,,,,,36
MILLE_PASSUS,MILLE PASSUS,4,2979,1810,,,89,,89,2979,90,
ENARTHROSIS,ENARTHROSIS,4,2971,1797,,2971,,48,53,48,,
CAMERA_LUCIDA,CAMERA LUCIDA,4,2955,,,,,,323,2724,2530,2955
CINCHONA,CINCHONA,4,2912,1810|1815|1823|1842,1379,2138,2912,,,,,1020
ALVA_DE_TORMES,ALVA DE TORMES,4,2849,1810|1823,,38,38,,2849,,2423,
CHRISTIANSTAD,CHRISTIANSTAD,4,2806,1797|1815|1842,,26,,144,,2806,,80
MAYER,MAYER,4,2767,1810|1823,,,135,,135,,2767,610
BARBADOES,BARBADOES,4,2748,,,,,,1755,1808,1161,2748
MONSTER,MONSTER,4,2730,1778|1797|1810|1815,67,,,,,2730,1599,1614
SCOTER,SCOTER,4,2717,,,,2717,2446,2464,2421,,
ANGLE_OF_REFRACTION_NOW_GENERALLY,ANGLE OF REFRACTION NOW GENERALLY,4,2698,1810|1823|1842,,46,46,,46,,,2698
SAUNDERSON,SAUNDERSON,4,2692,,,,2688,2691,2691,2692,,
KORAQUAS,KORAQUAS,4,2689,,,,2689,281,282,282,,
ROWNING,ROWNING,4,2676,,,,198,207,2676,2673,,
ORCHARD,ORCHARD,4,2613,1810|1823,,1715,2613,,2218,,26,
ABELARD,ABELARD,4,2594,1810|1815|1823,,542,542,,,,2594,2103
PIVAT,PIVAT,4,2571,,,,2569,2570,2571,2571,,
MAMERTINI,MAMERTINI,4,2558,,,,163,2558,163,163,,
PLATE,PLATE,4,2555,1810,,808,2555,,826,827,,
CHIMNEYS,CHIMNEYS,4,2537,,,,692,2510,2537,2509,,
DAMIENS,DAMIENS,4,2535,1810|1823,,,2535,,1176,,915,183
FRANCIS,FRANCIS,4,2495,1842,,,,173,173,173,,2495
METELIN,METELIN,4,2495,,,,2495,2128,2130,2130,,
DOUBLE,DOUBLE,4,2494,,,1435,1435,2494,1439,,,
BOYSE,BOYSE,4,2461,1815|1823,,2461,2433,2432,,,2366,
EVILMERODACH,EVIL-MERODACH,4,2461,,,,197,198,199,2461,,
RIO_DE_JANEIRO,RIO DE JANEIRO,4,2443,1842,,,,1044,1043,1014,,2443
PARSNIP,PARSNIP,4,2435,1815,,2395,2400,2400,,2435,,
ACER,ACER,4,2418,1810|1815|1823|1842,74,1199,2418,,,,,42
DANTE,DANTE,4,2406,1810|1823,,297,1969,,1968,,2406,
HUME,HUME,4,2402,1797,,1508,,1500,1498,2402,,
CASSINI,CASSINI,4,2391,1810|1815,,,1839,,,1907,2391,83
WIGTON,WIGTON,4,2379,,,,,93,93,92,2379,
WINTON,WINTON,4,2365,1823,,,,2365,183,,848,614
LIEOUKIEOU,LIEOU-KIEOU,4,2351,,,,2300,2302,2300,2351,,
AVEZZANO,AVEZZANO,4,2315,,,,137,2315,137,137,,
GHOST,GHOST,4,2302,,,,2302,2293,2294,2295,,
PARACELSIUS,PARACELSIUS,4,2300,1815|1823,,,208,208,,,2300,1006
DANMONII,DANMONII,4,2299,1823,,,336,2299,333,,328,
MAMRE,MAMRE,4,2292,,,,1332,2292,195,173,,
BAILLY,BAILLY,4,2277,1810|1823,,,1424,,2025,,2277,2173
FIFE,FIFE,4,2269,1810|1815|1823|1842,51,2269,283,,,,,40
BULAM,BULAM,4,2267,,,,2267,1384,1433,1445,,
ASPICUETA,ASPICUETA,4,2265,1815|1842,,,422,448,,2265,,178
ARTHRODIA,ARTHRODIA,4,2251,1810,47,55,55,,2251,,,
RASAY,RASAY,4,2245,1810,,,184,,206,206,2245,
STARCH,STARCH,4,2244,1823,,,2244,2107,2105,,334,
EUCLID_OF_MEGARA,EUCLID OF MEGARA,4,2226,1823,,,212,243,243,,2226,
PIGEON,PIGEON,4,2217,,,,2216,2216,2217,2217,,
ARTHUR,ARTHUR,4,2191,1810|1815,,85,2191,,,1418,650,
STEPHANUS,STEPHANUS,4,2182,1810|1815|1823,,74,74,,,,2182,1908
REPRODUCTION,REPRODUCTION,4,2150,1810|1815|1823,308,2142,2150,,,,44,
MAMMOTH,MAMMOTH,4,2149,,,,2149,420,420,422,,
SKY,SKY,4,2138,,35,26,2138,1904,,,,
OWHYHEE,OWHYHEE,4,2077,1823,,,2077,2048,2077,,15,
MONTAGUE,MONTAGUE,4,2070,1797,,2070,,942,962,941,,
AUDRAN,AUDRAN,4,2053,1823,,,,2037,2053,,1372,842
MILO,MILO,4,2040,1797|1815|1823,,409,,2040,,,380,865
TENERIFF,TENERIFF,4,2030,,,130,2030,1314,1306,,,
COLUTEA,COLUTEA,4,2025,1797|1815,383,2025,,207,,206,,
SKYE,SKYE,4,2015,,,,,,2015,2014,1115,1544
MARIONIS,MARIONIS,4,2007,,,,80,2007,41,41,,
HIGHMORE,HIGHMORE,4,2003,,,,2002,2003,2001,2003,,
ORIGEN,ORIGEN,4,1995,1810,,951,1974,,1974,1995,,
LADON,LADON,4,1977,,,,1977,469,469,470,,
XIMENES,XIMENES,4,1976,1815,,1976,1428,1433,,1430,,
SALTASH,SALTASH,4,1972,,,,,,1972,1305,99,84
JUDGES,JUDGES,4,1965,1810,,,516,,1964,1965,491,
CANARIA,CANARIA,4,1963,1815,,45,1963,121,,121,,
PENNANT,PENNANT,4,1959,1823,,,1959,1060,1059,,957,
ISPANAHAN,ISPANAHAN,4,1955,1797|1815|1823,30,1326,,1249,,,1955,
MERCURIALIS,MERCURIALIS,4,1942,1810|1815,77,572,1942,,,883,,
CYPRIANUS,CYPRIANUS,4,1924,1810|1823,,778,1924,,781,,839,
NOTTINGHAMSHIRE,NOTTINGHAMSHIRE,4,1908,1810|1815|1823,,956,1697,,,,1880,1908
GRASSHOPPER,GRASSHOPPER,4,1907,1797|1810|1842,,1907,,,208,208,,4
OLEA,OLEA,4,1902,1810|1815,401,841,1902,,,42,,
TULIPA,TULIPA,4,1902,1797,32,1902,,39,39,,,
ARGYLLSHIRE,ARGYLLSHIRE,4,1901,1797,,587,,1877,1901,1866,,
BISMUTH,BISMUTH,4,1894,1810|1815|1823,,64,1894,,,,282,132
OUTLAW,OUTLAW,4,1890,1797|1810|1842,,25,,,98,95,,1890
MONTH,MONTH,4,1885,,,,1790,1518,1885,1516,,
BOSEA,BOSEA,4,1871,,41,153,178,1871,,,,
LITUUS,LITUUS,4,1868,1815,,,142,39,,1868,101,
IKENILD_STREET,IKENILD STREET,4,1867,1797,,29,,1867,30,30,,
STACHYS,STACHYS,4,1836,1778|1810,65,,368,,31,1836,,
PENELOPE,PENELOPE,4,1835,1810|1823,,,1835,,116,,106,89
ASPLENIUM,ASPLENIUM,4,1832,,68,94,109,1832,,,,
OLAX,OLAX,4,1827,1778|1815,37,,41,1827,,1717,,
NEVA,NEVA,4,1815,,,,1815,1166,1438,1434,,
MANILLA,MANILLA,4,1805,1842,,,,1779,1805,1802,,623
AYRSHIRE,AYRSHIRE,4,1791,1842,,,,1068,778,1791,,1551
NICOLE,NICOLE,4,1765,1810|1815|1823,,145,578,,,,1420,1765
BAGUETTE,BAGUETTE,4,1747,1810,21,1747,21,,21,,,
MOSA,MOSA,4,1747,,,,123,1335,1294,1747,,
ARTOBRIGA,ARTOBRIGA,4,1742,,,,1742,32,32,32,,
POPULUS,POPULUS,4,1707,1778,67,,1707,84,84,,,
ARECA,ARECA,4,1705,1810|1815|1823|1842,49,631,1705,,,,,138
MASSUET,MASSUET,4,1705,,,,69,69,69,1705,,
GANGES,GANGES,4,1693,1823,,,,148,148,,1376,1693
ARBUTUS,ARBUTUS,4,1680,1810|1815|1823|1842,97,563,1680,,,,,82
LEO,LEO,4,1672,,,580,609,1642,1672,,,
SAURIN,SAURIN,4,1669,,,,1666,1665,1669,1667,,
OMOA,OMOA,4,1667,,,,,1667,1666,1658,22,
COSSACKS,COSSACKS,4,1663,1823|1842,,,1661,1663,1661,,,557
PHAGEDENIC_MEDICINES,PHAGEDENIC MEDICINES,4,1651,,,,1651,177,177,177,,
HENAUT,HENAUT,4,1629,1810|1823,,,1629,,1620,,933,621
BENARES,BENARES,4,1610,,,,,315,313,320,1610,
MERMAID,MERMAID,4,1610,1810|1815,,692,857,,,1610,337,
PALLAVICINI,PALLAVICINI,4,1606,,,,1606,1551,1552,703,,
FAINT_ACTION,FAINT ACTION,4,1602,,,,,28,47,28,1602,
POLLIO,POLLIO,4,1602,1797|1810|1823,,104,,,1602,,226,418
ARBA,ARBA,4,1597,,,,1594,1597,1595,1596,,
ANTIGONEA,ANTIGONEA,4,1590,,,,129,1589,1588,1590,,
ADANSONIA,ADANSONIA,4,1577,1810|1815|1823,17,549,1577,,,,6,
OUPOEYTSE,OU-POEY-TSE,4,1562,,,,1562,719,732,720,,
CROTCHET,CROTCHET,4,1557,1842,,,,45,46,46,,1557
GRATITUDE,GRATITUDE,4,1556,,,,1550,1547,1556,1547,,
BOURDALOUE,BOURDALOUE,4,1554,1810|1815,,99,99,,,99,1554,
HUNNS,HUNNS,4,1551,,,,,1510,1510,1510,1551,
FER_DE_FOURCHETTE,FER DE FOURCHETTE,4,1548,1778|1810|1823,51,,1548,,47,,53,
ORICHALCUM,ORICHALCUM,4,1546,1810,,,1541,,1546,1546,1535,
BARLEY,BARLEY,4,1536,,,117,1536,248,247,,,
YEAR,YEAR,4,1530,,,,1530,1527,1527,1524,,
EASTER_ISLAND,EASTER ISLAND,4,1526,1815|1823,,1512,1516,1526,,,20,
KOUMISS,KOUMISS,4,1516,1810,,,1516,,1510,1510,34,
SAVILLE,SAVILLE,4,1514,,,,,1514,1512,1514,850,
TASSO,TASSO,4,1492,,,,,878,877,851,1492,
JOY,JOY,4,1487,,,,1487,60,44,44,,
PSYLLI,PSYLLI,4,1482,,,,,1482,1481,1482,39,
KENNICOTT,KENNICOTT,4,1476,1823|1842,,,1211,1476,1475,,,1036
NARDUS,NARDUS,4,1461,,,,1461,145,145,144,,
REGATA,REGATA,4,1460,,,,1460,1459,1457,1458,,
PARAMARIBO,PARAMARIBO,4,1452,1815,,,1452,102,,102,341,
HERRNHUT,HERRNHUT,4,1435,1842,,,,1435,1432,889,,73
PISSASPHALTUM,PISSASPHALTUM,4,1431,,,,,1431,536,542,155,
CHOPINE,CHOPINE,4,1429,,,,1429,59,59,59,,
MACBRIDE,MACBRIDE,4,1429,,,,1020,1429,1427,1428,,
GROSE,GROSE,4,1419,1810|1842,,,1419,,475,474,,585
LESGUIS,LESGUIS,4,1414,,,,1405,1414,1410,1411,,
SAILING,SAILING,4,1410,1810,43,1369,1410,,1405,,,
SEAPOYS,SEAPOYS,4,1407,,,23,1407,1384,1403,,,
IRENAEUS,IRENAEUS,4,1405,1797|1823|1842,,212,,189,189,,,1405
ROSETTO,ROSETTO,4,1397,1815,,235,1355,1397,,1355,,
CONSCIENCE,CONSCIENCE,4,1393,,,,1361,1328,1328,1393,,
PICUS,PICUS,4,1393,1797|1815,63,1393,,263,,262,,
CHRYSOLITE,CHRYSOLITE,4,1392,1810|1815|1823|1842,88,1392,270,,,,,163
PIRA,PIRA,4,1388,,,,1385,1385,1387,1388,,
AMRUEBNALAS,AMRU-EBN-AL-AS,4,1378,1842,,,,1366,1378,1376,,740
POLLUTION,POLLUTION,4,1378,1815,,321,629,319,,1378,,
MEDIA,MEDIA,4,1375,1797|1810|1823,,805,,,807,,1323,1375
NAUSCOPY,NAUSCOPY,4,1372,1810,,,1372,,284,284,315,
MARNE,MARNE,4,1366,,,,,,20,20,1330,1366
BLETONISM,BLETONISM,4,1358,1810|1842,,,1355,,1358,826,,27
HUYGENS,HUYGENS,4,1355,,,,329,1355,330,330,,
RHINEGAU,RHINEGAU,4,1346,,,,1346,1249,1248,1249,,
EQUITES,EQUITES,4,1339,1842,,,,238,238,237,,1339
PHILOPOEMEN,PHILOPOEMEN,4,1329,,,,1328,1329,1328,1329,,
PROCELLARIA,PROCELLARIA,4,1326,1810,52,1164,1326,,105,,,
GRONOVIUS,GRONOVIUS,4,1323,1810,,,69,,245,244,1323,
COURSES,COURSES,4,1321,,,40,42,44,1321,,,
NICHOLLS,NICHOLLS,4,1310,,,,1305,1310,1308,1310,,
CHOPIN,CHOPIN,4,1306,1810|1815|1823,,1306,81,,,,17,15
JUAN_FERNANDEZ,JUAN FERNANDEZ,4,1305,1815|1823|1842,,450,450,446,,,,1305
IDIOCY,IDIOCY,4,1294,1810,,,1294,,1294,1294,981,
EXCISE,EXCISE,4,1291,1778|1810|1815|1823,1111,,994,,,,521,1291
KINCARDINESHIRE,KINCARDINESHIRE,4,1289,1842,,,,782,776,785,,1289
PLUMBUM,PLUMBUM,4,1283,,,,26,22,1283,33,,
WORT,WORT,4,1281,,,,68,544,544,1281,,
COURSING,COURSING,4,1278,,90,1266,1278,1276,,,,
ARACK,ARACK,4,1276,1797,,449,,1204,370,1276,,
SCOUGAL,SCOUGAL,4,1274,1823,,,,1273,1274,,231,194
ATOOL,ATOOL,4,1272,1823,,,1272,1117,1124,,99,
SANDWICH_ISLANDS,SANDWICH ISLANDS,4,1270,1815,,,1270,1266,,1264,759,
APIUM,APIUM,4,1264,1810|1815|1823|1842,80,1264,515,,,,,13
STEREOMETER,STEREOMETER,4,1258,1823,,,1258,420,420,,19,
CAREW,CAREW,4,1254,1797|1810|1815,,236,,,,1254,1171,1134
PEBBLES,PEBBLES,4,1254,1810|1815|1823,88,371,1254,,,,13,
GALVANI,GALVANI,4,1252,,,,,957,1151,956,1252,
CIVILITY,CIVILITY,4,1250,,,,1250,707,709,709,,
ACONITUM,ACONITUM,4,1246,1810|1815|1823,128,882,1246,,,,4,
ATTAINDER,ATTAINDER,4,1239,1810|1842,,,1239,,625,40,,829
LIRIODENDRON,LIRIODENDRON,4,1238,,,,1238,517,26,26,,
PETROJOANNITES,PETROJOANNITES,4,1233,,,,1233,92,92,92,,
RUYSCHE,RUYSCHE,4,1232,1810|1815,,,1232,,,634,637,542
OVERALL,OVERALL,4,1231,,,,645,1231,648,616,,
KNOUT,KNOUT,4,1229,,,,217,218,1229,218,,
COUTHUTLAUGH,COUTHUTLAUGH,4,1228,,,,,73,73,73,1228,
REMBRANDT_VAN_RHIN,REMBRANDT VAN RHIN,4,1226,1842,,,,672,673,1110,,1226
ANTONINUSS_WALL,ANTONINUS'S WALL,4,1225,,,,,,1225,1225,1130,1085
DAMIANISTS,DAMIANISTS,4,1223,1778|1797|1810,90,,,,46,1223,47,
GALLA,GALLA,4,1216,,,,1199,1215,1215,1216,,
GENTOOS,GENTOOS,4,1213,,,,1205,1211,1213,758,,
HENLEY,HENLEY,4,1213,1810,19,56,1213,,1212,,,
BENHINNOM,BENHINNOM,4,1206,,,,95,1206,97,100,,
OSTIACKS,OSTIACKS,4,1203,,,,1079,698,1203,641,,
RAVILLIAC,RAVILLIAC,4,1199,,,,1168,1199,1193,1197,,
PETRIFIED_CITY,PETRIFIED CITY,4,1195,,,,1192,1195,894,846,,
SCEPTIC,SCEPTIC,4,1195,1810,,,1195,,1194,614,1186,
MIEL,MIEL,4,1188,1810|1842,,,394,,394,394,,1188
CHARADRIUS,CHARADRIUS,4,1186,1810,486,1130,1186,,7,,,
PSEUDONYMUS,PSEUDONYMUS,4,1175,,,1175,38,282,39,,,
SCHOENOBATES,SCHOENOBATES,4,1173,1797,,1173,,63,63,63,,
IVA,IVA,4,1171,,,,296,126,1171,447,,
CLYTIA,CLYTIA,4,1165,,,,74,1156,1165,74,,
APELLES,APELLES,4,1162,1797|1815|1823,,404,,805,,,1162,1057
EUSTATIA,EUSTATIA,4,1160,1810|1815,,325,1160,,,775,296,
ACHIAR,ACHIAR,4,1159,1810|1815|1823|1842,31,1159,77,,,,,74
JANSSENS,JANSSENS,4,1159,,,,596,1159,970,971,,
ALLATIUS,ALLATIUS,4,1153,1810|1815,,273,1153,,,264,258,
BLOMARY,BLOMARY,4,1150,1797|1815,19,19,,1150,,1149,,
SHADOWS,SHADOWS,4,1141,,,,703,1141,569,566,,
PRIVY,PRIVY,4,1137,,,,1137,1079,1134,1083,,
VILLIERS,VILLIERS,4,1132,1810|1815|1823,,1132,1128,,,,196,196
KLOPSTOCK,KLOPSTOCK,4,1131,,,,,1125,1131,1131,842,
ALWAIDII,ALWAIDII,4,1130,1810|1815,,,38,,,1130,860,39
WARDSHIP,WARDSHIP,4,1127,1797,,1026,,1127,1020,1020,,
PHOLEYS,PHOLEYS,4,1125,,,,1125,986,987,986,,
AFGHANS,AFGHANS,4,1121,,,,1121,690,692,366,,
ALAUDA,ALAUDA,4,1119,1810|1815|1823|1842,357,940,1119,,,,,41
MOTOUALIS,MOTOUALIS,4,1116,,,,,1115,1115,1116,26,
HEISTERIA,HEISTERIA,4,1105,,,,798,1091,1091,1105,,
RETICULAR_BODY,RETICULAR BODY,4,1103,1797,,276,,1102,1103,1101,,
CHRYSOLARUS,CHRYSOLARUS,4,1102,,,,86,401,1098,1102,,
FATA_MORGANA,FATA MORGANA,4,1088,1810|1823,,,564,,1088,,1039,711
PENTAGRAPH,PENTAGRAPH,4,1085,1797|1815,20,562,,1065,,1085,,
JIDDA,JIDDA,4,1074,,,,1060,1072,1074,1074,,
CATANEA,CATANEA,4,1062,1797,,67,,1062,1062,1057,,
CAESAR,CAESAR,4,1061,1810|1815,202,1043,1061,,,1053,,
HECLA,HECLA,4,1048,,,,1047,1048,1048,1048,,
CAERMARTHENSHIRE,CAERMARTHEN-SHIRE,4,1043,1815,,,184,186,,1043,982,
PRINTS,PRINTS,4,1035,,,,693,1033,1033,1035,,
BATAVORUM_INSULA,BATAVORUM INSULA,4,1032,1797|1810|1815,,1032,,,,347,266,143
PITHOU,PITHOU,4,1032,,,,,,720,658,1032,46
AMAZONIA,AMAZONIA,4,1029,,,,1022,1024,1027,1029,,
SCHOMBERG,SCHOMBERG,4,1023,1810|1842,,,1018,,1020,1023,,483
NORFOLK_ISLAND,NORFOLK ISLAND,4,1021,1815,,,,1020,,1021,272,781
GYPSUM,GYPSUM,4,1018,1810|1815|1823|1842,258,261,1018,,,,,693
OFFERINGS,OFFERINGS,4,1011,,,,401,1011,1011,1011,,
CANAAN,CANAAN,4,1002,,,,,,1002,1002,997,364
LUNGS,LUNGS,4,1002,,,259,156,1002,770,,,
ALCANNIA,ALCANNIA,4,1001,1778|1797|1823,1001,,,79,80,,79,
DISS,DISS,3,414526,1778|1797|1810|1815|1823,13,,,,,,214734,414526
ROMANS,ROMANS,3,112764,,,,,,,112764,88,2746
FISHERIES,FISHERIES,3,82833,,,,,,,21345,23050,82833
AUSTRALASIA,AUSTRALASIA,3,76269,,,,,,,19107,19938,76269
HORTICULTURE,HORTICULTURE,3,71836,,,,,,,132,71836,53532
POLITICAL_ECONOMY,POLITICAL ECONOMY,3,63445,1823,,,,,18535,,7823,63445
KITCHEN_GARDEN,KITCHEN GARDEN,3,59017,1815|1842,,,,47,,59017,,29997
ERPETOLOGY,ERPETOLOGY,3,58063,,,,,58063,57937,57021,,
HUSBANDRY,HUSBANDRY,3,57386,1810|1823,,,57386,,246,,38,
RHETORIC,RHETORIC,3,49611,1778|1797|1810|1815|1823,200,,,,,,27343,49611
MEDICAL_JURISPRUDENCE,MEDICAL JURISPRUDENCE,3,49033,,,,,,,1064,49033,30400
MEDALS,MEDALS,3,42468,1823,,,,42468,17051,,33689,
ORES,ORES,3,40775,1842,,,,,40775,40576,,39
EQUATIONS,EQUATIONS,3,37622,,,,,,,53,37622,37223
RESISTANCE_OF_FLUIDS,RESISTANCE OF FLUIDS,3,35323,,,,,,,35323,26299,1325
CETOLOGY,CETOLOGY,3,34977,,,,,34658,34977,34539,,
COMPARATIVE_ANATOMY,COMPARATIVE ANATOMY,3,34446,1815|1823|1842,,,29229,91,,,,34446
COTTON_MANUFACTURE,COTTON MANUFACTURE,3,34240,,,,,,,27092,34240,30166
MEDAL,MEDAL,3,33444,1797|1810,1454,8419,,,33444,,,
IMPOST,IMPOST,3,32984,,42,30,32984,,,,,
MACEDONIA,MACEDONIA,3,31742,1778|1797|1810|1815|1823,34,,,,,,31742,20925
LOGARITHMIC_CURVE,LOGARITHMIC CURVE,3,27658,,714,697,27658,,,,,
ARACHNIDES,ARACHNIDES,3,26096,,,,,,,2271,25772,26096
CONSTANTINOPOLITAN_HISTORY,CONSTANTINOPOLITAN HISTORY,3,24697,1823,,,,,9634,,24697,24025
AERONAUTICS,AERONAUTICS,3,24436,,,,,,,24343,24436,15470
LOGARITHMS_OF_NUMBERS,LOGARITHMS OF NUMBERS,3,22937,,,,,18254,18725,22937,,
ANGINA_PECTORIS,ANGINA PECTORIS,3,22557,1815|1842,,,,2133,,22557,,26
PHILOSOPHIZING,PHILOSOPHIZING,3,21950,,,,,4615,21950,13338,,
FUNDING_SYSTEM,FUNDING SYSTEM,3,21509,,,,,,,17860,17144,21509
WEIGHTS_AND_MEASURES,WEIGHTS AND MEASURES,3,20926,1810|1815|1823,,,1159,,,,19734,20926
PATHOLOGY,PATHOLOGY,3,20768,1778|1797|1810|1815|1823,14,,,,,,20768,256
HENRY_IV,HENRY IV,3,20528,,,,2043,20528,1007,,,
PHRENITIC,PHRENITIC,3,20002,,,,,,42,42,20002,
HENRY_OF_HUNTINGDON,HENRY OF HUNTINGDON,3,19578,1810|1815|1823|1842,,692,19578,,,,,2420
BETTINELLI,BETTINELLI,3,19401,,,,,,,19401,1227,995
AEROSTATION,AEROSTATION,3,19227,1810,,,7484,,19128,19227,,
ARTS,ARTS,3,18917,,,,,,,17134,17882,18917
DEAF_AND_DUMB,DEAF AND DUMB,3,18873,,,,,,,17900,17660,18873
EBERHARD,EBERHARD,3,18800,,,,,,,18800,1369,1316
OPHIOLOGY,OPHIOLOGY,3,18429,,,,,17324,18429,16857,,
IONIAN_ISLANDS,IONIAN ISLANDS,3,18316,,,,,,,29,9901,18316
ROPES,ROPES,3,18264,1810,,,15627,,17669,18264,,
SLAVERY,SLAVERY,3,17488,1810|1815|1823,,,17488,,,,9208,10750
ORDERS,ORDERS,3,17422,1810|1823|1842,,,794,,882,,,17422
GARVE,GARVE,3,16409,,,,,,,16409,558,295
DRYANDER,DRYANDER,3,15947,,,,,,,1424,1426,15947
MUS,MUS,3,15848,,907,9136,15848,,,,,
MATERIALISTS,MATERIALISTS,3,14965,,,,147,14861,14965,,,
WOUNDS,WOUNDS,3,14631,,,,,14631,14584,14592,,
SLAUGHTER,SLAUGHTER,3,14153,,,,,14118,14153,14140,,
BALM_OF_GILEAD,BALM OF GILEAD,3,13486,,,,,,,13486,2781,983
DANCING,DANCING,3,13299,1815,,,13299,2424,,2030,,
PENN,PENN,3,12618,1810|1815|1823|1842,,1312,1395,,,,,12618
CATHEDRAL,CATHEDRAL,3,12613,1778|1797|1810|1815,9,,,,,12613,5582,
KANT,KANT,3,12064,1810|1815|1823,,,283,,,,4731,12064
MIRABEAU,MIRABEAU,3,11891,1810|1815|1823,,,1971,,,,10188,11891
OUDE,OUDE,3,11803,1823,,,,,148,,2840,11803
DIETETICS,DIETETICS,3,11683,,,,,,,3555,11683,11671
DESERT,DESERT,3,11539,1815|1823,,,,11539,,,103,81
COPYRIGHT,COPYRIGHT,3,11390,,,,,,,11390,9533,9403
ANNUALRENT,ANNUALRENT,3,11350,1778|1797|1810|1815|1823,85,,,,,,2662,11350
SQUARING,SQUARING,3,11302,1815|1823,,,,11302,,,4592,4604
COTTAGE_SYSTEM,COTTAGE SYSTEM,3,10708,,,,,,,9894,10471,10708
SIGNALS,SIGNALS,3,10697,1810|1815|1823,,1944,7483,,,,10697,
STORK,STORK,3,10495,,,,8735,10495,8101,,,
IMPOTENCE,IMPOTENCE,3,10452,1797|1815|1823,,227,,10452,,,218,
GALILEO_GALILEI,GALILEO GALILEI,3,10017,,,,,,,694,10017,9714
MEDALLIONS,MEDALLIONS,3,9918,1797|1810|1815,62,62,,,,9918,,
ZOOPHYTES,ZOOPHYTES,3,9768,1823|1842,,,,2185,2185,,,9768
WILNA,WILNA,3,9726,1778|1797|1815|1823,26,,,9726,,,856,
OVIS,OVIS,3,9313,,960,2019,9313,,,,,
SURVIVORSHIP,SURVIVORSHIP,3,9234,,,,,6470,6595,9234,,
ACHROMATIC_GLASSES,ACHROMATIC GLASSES,3,8921,,,,,,,8921,5003,4599
BALANCE_OF_POWER,BALANCE OF POWER,3,8484,,,,,,,8484,6971,6946
MUSCLE,MUSCLE,3,8425,,427,811,8425,,,,,
BLACK_SEA,BLACK SEA,3,8091,,,,,,,4963,6226,8091
GRANDEUR,GRANDEUR,3,8074,,,7816,5671,8074,,,,
GUNSMITHERY,GUN-SMITHERY,3,7969,1815,,,7969,7950,,7948,,
CUCULUS,CUCULUS,3,7943,,285,1797,7943,,,,,
ANNULOSA,ANNULOSA,3,7918,,,,,,,7918,56,32
ANNUITY,ANNUITY,3,7803,1815,,,6391,7803,,7175,,
CASTE,CASTE,3,7794,,,,,,,7794,7110,2232
PELICANUS,PELICANUS,3,7634,1810,,4413,7634,,62,,,
ALPHONSO_II,ALPHONSO II,3,7457,1815,,,,7457,,1331,6218,
BECCARIA,BECCARIA,3,7399,,,,,,,7399,5323,7362
MEDICI,MEDICI,3,7224,1810|1815|1823,,,7224,,,,1185,3126
GOOD_FRIDAY,GOOD FRIDAY,3,7129,1810|1823|1842,,,2438,,204,,,7129
DELILLE,DELILLE,3,7111,,,,,,,7111,2227,218
FALCO,FALCO,3,6749,,1868,3673,6749,,,,,
TYTLER,TYTLER,3,6716,1810|1815|1823,,,2869,,,,1765,6716
HIPPOPOTAMUS,HIPPOPOTAMUS,3,6648,,1635,1311,6648,,,,,
ISCHURIA,ISCHURIA,3,6620,1815|1823,,,133,6620,,,20,
CRICOIDES,CRICOIDES,3,6599,,,,,6003,6599,6565,,
ARANEA,ARANEA,3,6581,,1757,2550,6581,,,,,
FONTINALIS,FONTINALIS,3,6397,1810|1815,,72,111,,,6397,,
FICHTE,FICHTE,3,6372,,,,,,,6372,3018,2821
ASHANTEE,ASHANTEE,3,6084,,,,,,,145,6084,2841
ORCUS,ORCUS,3,6049,1810|1823,,,121,,6049,,124,
HANDS,HANDS,3,6035,1797|1810|1815,63,310,,,,6035,,
MASSACHUSETTS,MASSACHUSETTS,3,5979,,,,,,,560,5979,3447
GENUS_LXXXIV,GENUS LXXXIV,3,5888,1815,,,5888,2071,,2070,,
ELLIPTOGRAPH,ELLIPTOGRAPH,3,5754,,,,,,,5754,907,905
GUATIMALA,GUATIMALA,3,5721,1810|1815|1823,,249,252,,,,5721,
SHIPS_FORM_GAUGE,SHIP'S FORM GAUGE,3,5715,,,,,4973,5715,5715,,
AERY,AERY,3,5663,1810,,,5663,,909,2687,,
LESLIE,LESLIE,3,5651,1810|1815|1823|1842,,868,865,,,,,5651
ERNESTI,ERNESTI,3,5609,,,,,,,5609,2505,1493
ELEPHAS,ELEPHAS,3,5588,,2827,3550,5588,,,,,
COULOMB,COULOMB,3,5559,,,,,,,5559,5522,5524
PHASIANUS,PHASIANUS,3,5532,,321,3262,5532,,,,,
EMBANKMENT,EMBANKMENT,3,5402,,,,,,,601,5402,5365
BARTHEZ,BARTHEZ,3,5225,,,,,,,4517,5225,1281
NORTHWICH,NORTHWICH,3,5200,1778|1797|1810|1815|1823,10,,,,,,5200,182
DRAINS,DRAINS,3,5056,,45,5030,5056,,,,,
GENUS_LXXVIII,GENUS LXXVIII,3,5054,1815,,,5044,5054,,5054,,
BELOOCHISTAN,BELOOCHISTAN,3,5053,,,,,,,5053,4378,5036
EDYSTONE,EDYSTONE,3,5035,,,,,5035,4807,4805,,
CONDILLAC,CONDILLAC,3,5029,,,,,,,5008,5017,5029
TREBUCHET,TREBUCHET,3,4982,,,,18,19,4982,,,
COCCUS,COCCUS,3,4951,,54,985,4951,,,,,
CURRIE,CURRIE,3,4949,,,,,,,4939,4949,2268
STRUTHIO,STRUTHIO,3,4932,,96,4932,4517,,,,,
CHURCHILL,CHURCHILL,3,4888,1797|1810|1815|1842,,2824,,,,4888,,2576
BAILLIE,BAILLIE,3,4861,1815|1823,,,,3021,,,4291,4861
ROBERTSON,ROBERTSON,3,4845,1823,,,,,2569,,2647,4845
FOUNDERY,FOUNDERY,3,4829,1778|1797|1810|1815|1823,4829,,,,,,2115,3115
GOLDONI,GOLDONI,3,4810,1810|1823,,,4810,,646,,1101,
ASSAM,ASSAM,3,4802,,,,,,,4802,4715,4227
HORNE,HORNE,3,4744,1810|1823|1842,,,4744,,1676,,,186
DONEGAL,DONEGAL,3,4719,,,,,,,2211,4364,4719
SMELLING,SMELLING,3,4675,,,,750,4664,4675,,,
DIDEROT,DIDEROT,3,4669,1815,,,4669,1241,,1230,,
GUYTON_DE_MORVEAU,GUYTON DE MORVEAU,3,4593,,,,,,,4593,4179,3816
SHEERNESS,SHEERNESS,3,4582,1823,,,,,95,,302,4582
BIRDCALL,BIRD-CALL,3,4572,1810|1815,,54,54,,,4572,,
REDRUTH,REDRUTH,3,4570,1778|1797|1810|1815|1823,10,,,,,,76,4570
BIRDCATCHING,BIRD-CATCHING,3,4561,,,2162,4561,4021,,,,
FOURCROY,FOURCROY,3,4557,,,,,,,4554,4557,3633
RANA,RANA,3,4556,,95,3907,4556,,,,,
ANTIOCHIA,ANTIOCHIA,3,4537,,,,,350,523,4537,,
BASKETMAKING,BASKET-MAKING,3,4512,,,,,,,4337,4512,4147
CAMPER,CAMPER,3,4484,,,,,,,3749,4484,2115
GLOUCESTERSHIRE,GLOUCESTERSHIRE,3,4437,,,,,,,3752,2758,4437
GADUS,GADUS,3,4370,,73,4370,4356,,,,,
LOXIA,LOXIA,3,4363,,50,837,4363,,,,,
MOTACILLA,MOTACILLA,3,4319,,55,780,4319,,,,,
ARSENIC,ARSENIC,3,4294,,38,17,4294,,,,,
WESTMEATH,WESTMEATH,3,4193,1778|1797|1810|1815|1823,125,,,,,,4170,4193
BEDDOES,BEDDOES,3,4169,,,,,,,4149,4169,2477
VERONICA,VERONICA,3,3902,,43,3902,270,,,,,
COCHIN_CHINA,COCHIN CHINA,3,3891,1778|1797|1810|1815|1823,65,,,,,,3530,3891
DAEMON,DAEMON,3,3834,,60,61,3834,,,,,
SALMO,SALMO,3,3747,,46,3397,3747,,,,,
GENUS_LXVI,GENUS LXVI,3,3729,1815,,,3729,61,,61,,
MOZART,MOZART,3,3694,1810|1815|1823,,,3694,,,,3430,3576
PASTIME,PASTIME,3,3639,1815|1823,,,3639,2288,,,2513,
BOULTON,BOULTON,3,3566,,,,,,,3566,1032,960
CAMELUS,CAMELUS,3,3535,,583,1908,3535,,,,,
CONDAMINE,CONDAMINE,3,3480,,,,,,,3480,3474,2366
SUS,SUS,3,3438,,133,3119,3438,,,,,
BEATTIE,BEATTIE,3,3408,,,,,,,3399,3408,2699
VENEZUELA,VENEZUELA,3,3380,1778|1797|1810|1815|1823,31,,,,,,3380,3086
MILLENIUM,MILLENIUM,3,3364,1810|1815|1823,,,2891,,,,3341,3364
DOLOMIEU,DOLOMIEU,3,3283,,,,,,,3251,3268,3283
GENUS_LXXXVII,GENUS LXXXVII,3,3280,1815,,,936,928,,3280,,
WEAVINGLOOM,WEAVING-LOOM,3,3262,1815,,,2152,3262,,3259,,
CHENIER,CHENIER,3,3260,,,,,,,3260,945,292
BANNOCKBURN,BANNOCKBURN,3,3246,,,,,,,3246,37,103
CIRCARS,CIRCARS,3,3237,,,,,,,1828,2265,3237
POLITENESS,POLITENESS,3,3220,,,,,,3216,3220,191,
BLAMONT,BLAMONT,3,3213,,,,,3213,32,38,,
MADRAS,MADRAS,3,3204,1778|1797|1810|1815|1823,74,,,,,,3204,2982
CUTLERY,CUTLERY,3,3203,,,,,,,3203,2903,2760
WAKEFIELD,WAKEFIELD,3,3099,1778|1797|1810|1815|1823,28,,,,,,2640,3099
HEYNE,HEYNE,3,3072,,,,,,,2437,2432,3072
CINCINNATUS,CINCINNATUS,3,3068,1810|1815|1842,,,376,,,3068,,113
EDRISI,EDRISI,3,3059,,,,,,,3059,1889,1896
DEPHLOGISTICATED_AIR,DEPHLOGISTICATED AIR,3,3031,1810|1823|1842,,,3031,,49,,,6
FLOATAGES,FLOATAGES,3,3028,,,,,3028,2959,3028,,
FILTRATION,FILTRATION,3,2998,1810|1823,,,44,,40,,2998,
ODESSA,ODESSA,3,2991,,,,,,,196,2991,1279
MAINE,MAINE,3,2971,1778|1797|1810|1815|1823,28,,,,,,2592,2971
AMBERGREASE,AMBERGREASE,3,2956,,157,237,2956,,,,,
DUHAMEL,DUHAMEL,3,2944,,,,,,,2944,2328,2450
BICHAT,BICHAT,3,2930,,,,,,,2930,2926,2622
BAZEEGURS,BAZEEGURS,3,2918,,,,,,,2906,2918,741
FONTANA,FONTANA,3,2874,,,,,,,2819,2874,1773
BORROMEUS,BORROMEUS,3,2871,,,,2871,2605,2604,,,
ILLINOIS,ILLINOIS,3,2865,1815|1823,,,,111,,,2865,2341
BRUCKER,BRUCKER,3,2817,,,,,,,2816,2817,2816
ALFIERI,ALFIERI,3,2778,,,,,,,2769,2778,2773
PORTO_RICO,PORTO RICO,3,2776,1778|1797|1810|1815|1823,51,,,,,,2776,976
CABANIS,CABANIS,3,2769,,,,,,,2762,2769,2004
DANEGELT,DANEGELT,3,2767,,,,,,,2767,170,774
ALVA,ALVA,3,2760,1815|1842,,,,2752,,2760,,1737
DARWIN,DARWIN,3,2742,1823|1842,,,,2737,2742,,,731
ARREOYS,ARREOYS,3,2721,,,,,,,2721,2105,2043
WERST,WERST,3,2700,,,,,464,465,2700,,
DISPERSSION,DISPERSSION,3,2686,1842,,,,,1382,1356,,2686
WARTON,WARTON,3,2659,1810|1815|1823,,,2659,,,,1077,1552
BASEDOW,BASEDOW,3,2641,,,,,,,2640,2641,906
SENSITIVEPLANT,SENSITIVE-PLANT,3,2637,,,,2637,1965,2594,,,
BRAMAH,BRAMAH,3,2627,,,,,,,2603,2627,2626
SLACKEN,SLACKEN,3,2614,,,,,,64,64,2614,
GROTIUS,GROTIUS,3,2607,1810|1823|1842,,,778,,778,,,2607
BUATNANCAY,BUAT-NANCAY,3,2592,,,,,,,2592,355,237
LORETTO,LORETTO,3,2567,1815,,,2473,2567,,2469,,
ALCEDO,ALCEDO,3,2530,1810|1815|1823|1842,,1463,2530,,,,,44
NEUCHATEL,NEUCHATEL,3,2525,1810,,,2525,,1041,501,,
TRINGA,TRINGA,3,2523,,56,2523,1552,,,,,
BAMBOO,BAMBOO,3,2470,,,,,,,2470,2333,1606
VIVES,VIVES,3,2419,1810|1815|1823|1842,,6,2419,,,,,212
PEDICULUS,PEDICULUS,3,2402,,63,1920,2402,,,,,
SHAWLS,SHAWLS,3,2395,,,,,,317,317,2395,
RED_SEA,RED SEA,3,2382,1797|1815|1823,,76,,2382,,,1268,
ADELUNG,ADELUNG,3,2377,,,,,,,2362,2377,1540
SPALDING,SPALDING,3,2369,1778|1797|1810|1815|1823,15,,,,,,92,2369
FIRMICUS,FIRMICUS,3,2362,1815|1823,,,,2362,,,576,242
BASSORA,BASSORA,3,2352,1823,,,,582,582,,2352,
STARBOARD,STAR-BOARD,3,2337,1778|1810|1815,42,,259,,,2337,,
MENDOZA,MENDOZA,3,2333,1810|1815|1823|1842,,75,75,,,,,2333
BORDA,BORDA,3,2323,,,,,,,2319,2323,2323
BURGER,BURGER,3,2323,,,,,,,2323,2316,1791
FRISI,FRISI,3,2314,,,,,,,2313,2314,1972
MARHATTAS,MARHATTAS,3,2294,,,,,2202,2260,2294,,
CASTI,CASTI,3,2289,,,,,,,2278,2289,1355
BATTATAS,BATTATAS,3,2283,1810,,115,2283,,134,,,
DIOECIA,DIOECIA,3,2279,1810,,124,2279,,1420,,,
BRONTOLOGY,BRONTOLOGY,3,2277,1797|1810|1815|1823,,20,,,,,2277,15
MONTESA,MONTESA,3,2260,,,,,2260,777,38,,
DENBIGHSHIRE,DENBIGHSHIRE,3,2244,,,,,,,1823,1875,2244
SYMPATHY_ALSO,SYMPATHY ALSO,3,2233,1810|1815,,2233,1315,,,1352,,
AGUESSEAU,AGUESSEAU,3,2224,,,,,,,2224,2211,1163
ANVILLE,ANVILLE,3,2170,,,,,,,2170,2057,1332
PARADISEA,PARADISEA,3,2169,1810|1815,,1740,2169,,,718,,
CASSIMER,CASSIMER,3,2167,,,,,2150,2167,16,,
NONUPLA,NONUPLA,3,2155,,,,165,2155,172,,,
HAVANNA,HAVANNA,3,2151,1778,28,,2144,2151,,,,
HAVANA,HAVANA,3,2147,1842,,,,,778,2147,,253
VERDEN,VERDEN,3,2129,1810|1815|1823|1842,,690,2129,,,,,77
BALA,BALA,3,2124,1797|1810|1815|1823|1842,386,2124,,,,,,95
CYPRINUS,CYPRINUS,3,2112,,50,2112,1587,,,,,
HERTFORDSHIRE,HERTFORDSHIRE,3,2086,,,,,,,2078,2003,2086
BETULA,BETULA,3,2079,,169,1263,2079,,,,,
CORNWALLIS,CORNWALLIS,3,2076,,,,,,,2024,2076,1953
SULPHUR,SULPHUR,3,2076,,,1273,2076,28,,,,
SANQUHAR,SANQUHAR,3,2049,1778|1797|1810|1815|1823,14,,,,,,98,2049
SAUSSURE,SAUSSURE,3,2046,1815,,,2046,792,,793,,
OSTREA,OSTREA,3,2045,,56,1142,2045,,,,,
ABBREVIATIONS,ABBREVIATIONS,3,2037,1815|1823,,,,549,,,2037,1989
CAMOENS,CAMOENS,3,2028,1797|1810|1815|1823,,2013,,,,,2028,1862
BECKMANN,BECKMANN,3,2021,,,,,,,1948,1315,2021
VULTUR,VULTUR,3,2017,,83,1678,2017,,,,,
MARIUS,MARIUS,3,2014,1810,,625,2014,,1439,,,
KEATE,KEATE,3,2013,1815|1823,,,2013,540,,,535,
COCCINELLA,COCCINELLA,3,2009,,1613,2009,338,,,,,
CUSTOMS,CUSTOMS,3,1977,1778|1810,278,,1977,,1313,,,
CARLOW,CARLOW,3,1973,,,,,,,1466,1960,1973
LUC,LUC,3,1966,1778|1797|1810|1815|1823,11,,,,,,1966,1960
POVERTY,POVERTY,3,1947,1810,,,169,,170,1947,,
SCOLOPAX,SCOLOPAX,3,1912,,38,1910,1912,,,,,
URSUS,URSUS,3,1877,,307,1877,1784,,,,,
PLEURONECTES,PLEURONECTES,3,1865,,49,1865,989,,,,,
BOSHIESMEN,BOSHIES-MEN,3,1843,1810,,,1840,,1838,1843,,
CABOT,CABOT,3,1830,1823,,,,595,594,,1830,
ILA,ILA,3,1826,1810|1815,,493,1686,,,1826,,
MARQUESAS_ISLANDS,MARQUESAS ISLANDS,3,1825,,,,,1825,1821,1813,,
MONTAIGNE,MONTAIGNE,3,1810,1797|1810|1823|1842,,146,,,147,,,1810
LAND_TAX,LAND TAX,3,1789,,,,,1786,1786,1789,,
BEAUMARCHAIS,BEAUMARCHAIS,3,1788,,,,,,,1773,1788,525
AMARYLLIS,AMARYLLIS,3,1742,,61,1742,1214,,,,,
FISHING_BY,FISHING BY,3,1717,1815,,,1106,1717,,1648,,
ABDALLATIF,ABDALLATIF,3,1682,,,,,,,1663,1682,1682
PAPILIO,PAPILIO,3,1680,,50,716,1680,,,,,
DOLLOND,DOLLOND,3,1666,,,,,,,1657,1666,1662
BOTTRIGARO,BOTTRIGARO,3,1662,,,1662,290,290,,,,
GIANTS_CAUSEWAY,GIANT'S CAUSEWAY,3,1660,1778|1797|1810|1823|1842,40,,,,1660,,,1408
PORTOBELLO,PORTO-BELLO,3,1652,,,1432,1625,1652,,,,
CAMERA_OBSCURA,CAMERA OBSCURA,3,1645,1823,,,,,170,,135,1645
DARFUR,DARFUR,3,1637,1815|1823,,,,794,,,1637,1126
HAMI,HAMI,3,1634,1810,,,1630,,1630,1634,,
VEGETATION,VEGETATION,3,1614,,33,1135,1614,,,,,
ACARUS,ACARUS,3,1611,,763,1611,1525,,,,,
COPHTI,COPHTI,3,1606,,,,1606,1181,1182,,,
ARAGON,ARAGON,3,1599,1797|1810|1815|1823,,197,,,,,1486,1599
KASSON,KASSON,3,1597,1810,,,1597,,341,340,,
CUPELLATION,CUPELLATION,3,1593,1810,,,772,,1006,1593,,
RAINBOW,RAINBOW,3,1573,1797|1810|1815|1823|1842,109,112,,,,,,1573
RHIZOPHORA,RHIZOPHORA,3,1564,1797|1810,,770,,,776,1564,,
BAHAMAS,BAHAMAS,3,1561,1810|1815|1823,,,356,,,,913,1561
OPAL,OPAL,3,1556,,249,256,1556,,,,,
CALIBER_RULE,CALIBER RULE,3,1554,,,,,,1554,1548,178,
SAINT,SAINT,3,1540,1810|1815|1823,,179,1540,,,,1101,
PICTURESQUE_BEAUTY,PICTURESQUE BEAUTY,3,1532,,,,,1532,1400,1528,,
SEINE,SEINE,3,1532,,,,,,,239,1481,1532
SUNDERLAND,SUNDERLAND,3,1526,1778|1797|1810|1815|1823,22,,,,,,829,1526
TURDUS,TURDUS,3,1526,,40,1496,1526,,,,,
BOUGAINVILLE,BOUGAINVILLE,3,1523,,,,,,,1479,1523,733
MAECENAS,MAECENAS,3,1517,,,,,1517,495,1514,,
BANFFSHIRE,BANFFSHIRE,3,1513,,,,,,,1201,1513,1436
NEWPORT,NEWPORT,3,1510,1778|1797|1810|1815|1823,75,,,,,,466,1510
DUNDAS,DUNDAS,3,1502,,,,,,,1072,1502,1462
SIERRA_LEONE,SIERRA LEONE,3,1501,1815,,,,190,,188,1501,
ORCHIS,ORCHIS,3,1498,,48,571,1498,,,,,
DOLICHOS,DOLICHOS,3,1490,,60,1490,1064,,,,,
JUDGMENT,JUDGMENT,3,1488,1810|1815|1823,,1488,855,,,,626,
CRAWFORD,CRAWFORD,3,1485,,,,,,,1371,1485,1204
SEGALIEN,SEGALIEN,3,1474,,,,1474,654,600,,,
ANQUETIL_DU_PERRON,ANQUETIL DU PERRON,3,1468,,,,,,,1468,871,1273
ARBELA,ARBELA,3,1465,1810|1815|1823,,,1465,,,,238,176
AGNESI,AGNESI,3,1462,,,,,,,1100,1462,1297
CAVANILLES,CAVANILLES,3,1454,,,,,,,1454,1446,1137
LEIBNITZIAN_PHILOSOPHY,LEIBNITZIAN PHILOSOPHY,3,1453,,,,,1447,1449,1453,,
PANAX,PANAX,3,1448,,62,646,1448,,,,,
PHOLAS,PHOLAS,3,1448,,38,1445,1448,,,,,
DRAGOONING,DRAGOONING,3,1447,1823,,,,,1447,,314,317
NASSAU,NASSAU,3,1447,1778|1797|1810|1815|1823,19,,,,,,1447,1351
ARBALEST,ARBALEST,3,1439,,,,,1439,1433,1433,,
CASTRUCCIO_CASTRACANI,CASTRUCCIO CASTRACANI,3,1430,,,,,,,1430,569,512
CANARYBIRD,CANARY-BIRD,3,1427,,,,698,1427,1426,,,
PHARPAR,PHARPAR,3,1411,1810,,,120,,119,1411,,
PILASTER,PILASTER,3,1408,1797|1815,,6,,1408,,1407,,
DUNBARTONSHIRE,DUNBARTONSHIRE,3,1407,,,,,1407,485,495,,
SCYTHE,SCYTHE,3,1407,,,,,1388,1407,1401,,
AETH,AETH,3,1404,,,,,,1404,25,1357,
PILATE,PILATE,3,1400,1810|1815|1823,,,1400,,,,1361,163
ROSETTA,ROSETTA,3,1397,1823,,,,,1397,,1094,283
PLINY_THE_ELDER,PLINY THE ELDER,3,1379,1797|1810,,1379,,,133,134,,
APELYTES,APELYTES,3,1371,1810,,,1371,,1369,1369,,
BOTTS,BOTT'S,3,1369,,,,1369,1365,1365,,,
CONFEDERATION_OF_THE_RHINE,CONFEDERATION OF THE RHINE,3,1364,,,,,,,1036,1029,1364
VESPA,VESPA,3,1361,,56,1189,1361,,,,,
CO,CO,3,1355,1815,,,15,1355,,976,,
DISPERSION,DISPERSION,3,1343,1815|1823,,,1343,1339,,,998,
DENINA,DENINA,3,1332,,,,,,,1330,1256,1332
BANDELLO,BANDELLO,3,1323,,,,,,,1303,1306,1323
NEVERS,NEVERS,3,1307,1797,16,146,,1307,,,,
STRANRAER,STRANRAER,3,1303,1778|1797|1810|1815|1823,40,,,,,,271,1303
NAVARRE,NAVARRE,3,1302,1797|1815,,185,,1090,,1302,,
SECUNDUS,SECUNDUS,3,1302,1823,,,,,1302,,1166,663
VIENNE,VIENNE,3,1300,,,,,,,209,1197,1300
JUVENALIS,JUVENALIS,3,1296,1815|1823,,,,538,,,602,1296
SOUTH_SEA,SOUTH SEA,3,1292,1810|1815,,1292,396,,,392,,
VERMONT,VERMONT,3,1291,,,,,,,463,962,1291
LYTHRUM,LYTHRUM,3,1289,,1289,231,266,,,,,
PHARSALUS,PHARSALUS,3,1289,1797|1810|1815|1823|1842,22,1289,,,,,,132
CASTRATION_ALSO,CASTRATION ALSO,3,1288,,,,213,211,1288,,,
EMOUY,EMOUY,3,1284,1815|1823,,,1282,1284,,,89,
ACHILLEA,ACHILLEA,3,1282,1778|1810|1815|1823|1842,61,,1282,,,,,5
CERTHIA,CERTHIA,3,1273,,723,100,1273,,,,,
RIO_GRANDE,RIO GRANDE,3,1271,1778|1797|1810|1815|1823,50,,,,,,373,1271
LUCARIA,LUCARIA,3,1270,1810,,,109,,1270,1267,,
DARFOOR,DARFOOR,3,1266,,,,,471,1265,1266,,
PHILLYREA,PHILLYREA,3,1256,,31,58,1256,,,,,
DIDELPHIS,DIDELPHIS,3,1254,1797|1810,511,780,,,1254,,,
ASTRONOMICAL,ASTRONOMICAL,3,1251,1810,,1251,79,,78,,,
CARNATIC,CARNATIC,3,1250,,,,,,,499,1250,1095
HELIACAL,HELIACAL,3,1250,1797,141,133,,1250,,,,
EMBERIZA,EMBERIZA,3,1245,,766,562,1245,,,,,
CRACOW,CRACOW,3,1242,1778|1797|1810|1815|1823,67,,,,,,271,1242
GREENCLOTH,GREEN-CLOTH,3,1229,1778|1810|1815,1229,,211,,,210,,
MONTAGUE_ISLAND,MONTAGUE ISLAND,3,1225,1815,,,,166,,166,1225,
JAGHIREDER,JAGHIREDER,3,1224,1810,,,1224,,5,5,,
BUSCHING,BUSCHING,3,1217,,,,,,,1217,1193,980
CESAROTTI,CESAROTTI,3,1213,,,,,,,1204,1213,868
HALLELUJAH,HALLELUJAH,3,1201,1810|1815|1823,,,206,,,,217,1201
FRIGHT,FRIGHT,3,1196,,,,,1196,1193,1194,,
LEECH,LEECH,3,1194,1797,,200,,207,1194,,,
BAOBAB,BAOBAB,3,1181,1810|1815|1823|1842,,1181,15,,,,,38
PRINCE_OF_WALESS_ISLAND,PRINCE OF WALES'S ISLAND,3,1180,1810|1815,,,603,,,1180,616,
AMURATH_IV,AMURATH IV,3,1179,,,,,878,1179,1177,,
ARALIA,ARALIA,3,1178,,46,165,1178,,,,,
WOLVERHAMPTON,WOLVERHAMPTON,3,1174,1778|1797|1810|1815|1823,9,,,,,,432,1174
GORDIANUS,GORDIANUS,3,1171,1797|1810|1815|1823,,200,,,,,1171,362
LAVOISIER,LAVOISIER,3,1170,,,,,1168,1169,1170,,
ARUNDO,ARUNDO,3,1156,,57,428,1156,,,,,
ESOX,ESOX,3,1150,,47,987,1150,,,,,
BENEDICTINS,BENEDICTINS,3,1146,1797,260,526,,1146,,,,
MUSIMON,MUSIMON,3,1132,1815,,,,1132,,153,172,
COLUMBIUM,COLUMBIUM,3,1131,1815|1842,,,,1131,,1098,,45
HEBERDEN,HEBERDEN,3,1131,,,,,,,1131,1094,1092
PARIAN_CHRONICLE,PARIAN CHRONICLE,3,1130,,,,,350,1130,347,,
DILLENIUS,DILLENIUS,3,1128,,,,,,,1128,1125,432
ADRIAN_IV,ADRIAN IV,3,1124,,,,,,1124,1122,910,
LUGO,LUGO,3,1124,1778|1797|1810|1815|1823,21,,,,,,112,1124
LEMUR,LEMUR,3,1119,,507,506,1119,,,,,
CASSIA,CASSIA,3,1118,,66,387,1118,,,,,
LAOCOON,LAOCOON,3,1116,1815,,,,1116,,1115,390,
DELETERIOUS,DELETERIOUS,3,1112,1810|1815|1823,,,1112,,,,11,18
SHEBBEARE,SHEBBEARE,3,1108,,,,,,1108,1098,716,
WORSHIP_OF_GOD,WORSHIP OF GOD,3,1103,,,,,1103,1102,1102,,
GENUS_LXXXIII,GENUS LXXXIII,3,1101,1815,,,1019,1100,,1101,,
MERGUS,MERGUS,3,1099,,183,440,1099,,,,,
MELOE,MELOE,3,1097,,62,636,1097,,,,,
SANDARACH,SANDARACH,3,1092,,,280,222,1092,,,,
CONSTANCY,CONSTANCY,3,1084,1815|1823,,,728,1084,,,32,
HIEROMANCY,HIEROMANCY,3,1083,1810|1815|1823,,,177,,,,18,1083
BUENOSAYRES,BUENOS-AYRES,3,1081,1797|1810|1815|1823|1842,52,200,,,,,,1081
FIXMILLNER,FIXMILLNER,3,1077,1823|1842,,,,1077,952,,,185
ARUM,ARUM,3,1075,,40,940,1075,,,,,
MORAVIANS,MORAVIANS,3,1065,1797|1810|1815|1823|1842,112,132,,,,,,1065
CATANIA,CATANIA,3,1062,1810|1815|1823,,,1062,,,,262,471
PRUNUS,PRUNUS,3,1062,,69,545,1062,,,,,
SOLEN,SOLEN,3,1062,,47,1062,574,,,,,
DOUBLET,DOUBLET,3,1056,1797|1810|1823|1842,,1049,,,1056,,,449
DESSAULT,DESSAULT,3,1044,,,,,1043,1044,1044,,
DASYPUS,DASYPUS,3,1040,,1040,663,650,,,,,
FAROE,FAROE,3,1040,,,,,,,1040,905,911
FULICA,FULICA,3,1039,,208,432,1039,,,,,
ABDOLLATIPH,ABDOLLATIPH,3,1038,,,,,503,1025,1038,,
TROCHILUS,TROCHILUS,3,1038,,67,1038,843,,,,,
GASTRIC_JUICE,GASTRIC JUICE,3,1037,1797|1810|1815|1823,,171,,,,,18,1037
TENEBRIO,TENEBRIO,3,1036,,39,1036,114,,,,,
PALAMBOANG,PALAMBOANG,3,1034,,,,1034,52,52,,,
QUARRIES,QUARRIES,3,1030,1810,,,1030,,1015,1015,,
ARISTOLOCHIA,ARISTOLOCHIA,3,1011,,44,909,1011,,,,,
DAHOMY,DAHOMY,3,1008,,,,,1008,1005,1006,,
DECIUS,DECIUS,3,1007,1797|1810,,1007,,,952,942,,
CANAAAN,CANAAAN,3,1002,1815|1823|1842,,,1002,1002,,,,115
GENUS_IX,GENUS IX,2,103704,1810|1815,,,103704,,,18903,,
PHYSICAL_GEOGRAPHY,PHYSICAL GEOGRAPHY,2,97768,,,,,,,,14870,97768
RENNIE,RENNIE,2,78293,,,,,,,,4202,78293
RIVERS,RIVERS,2,56977,1797|1810|1815,,2986,,,,56977,,
RAILWAYS,RAILWAYS,2,55447,,,,,,,,55447,43287
POLITICAL_ARITHMETIC,POLITICAL ARITHMETIC,2,53870,,,,,,,,53870,210
LIEGNITZ,LIEGNITZ,2,52448,,,,,,,,227,52448
INDIAN,INDIAN,2,52087,1815|1823,,,,52087,,,14,
CLOCKS,CLOCKS,2,50891,1823,,,,,10,,50891,
REPTILIA,REPTILIA,2,50663,,,,,,,,50663,18550
VOLTAIC_ELECTRICITY,VOLTAIC ELECTRICITY,2,49962,,,,,,,,36002,49962
ARISTOTLES_PHILOSOPHY,ARISTOTLE'S PHILOSOPHY,2,44966,,,,,,,,43340,44966
SOMNAMBULISM,SOMNAMBULISM,2,44827,,,,,,,,1598,44827
HINDU_COOSH,HINDU COOSH,2,41526,,,,,,,,152,41526
CORN_LAWS_AND_CORN_TRADE,CORN LAWS AND CORN TRADE,2,39873,,,,,,,,35956,39873
STEAM_NAVIGATION,STEAM NAVIGATION,2,38855,,,,,,,,25889,38855
JAMBILICUS,JAMBILICUS,2,38744,,,,,,,124,38744,
FIGURE_OF_THE_EARTH,FIGURE OF THE EARTH,2,38114,,,,,,,,34827,38114
UNITED_STATES_OF_NORTH_AMERICA,UNITED STATES OF NORTH AMERICA,2,35280,,,,,,,,35280,29142
ZOO_PHYTES,ZOO PHYTES,2,34145,,,,,,,,34145,33897
ELEMENTS_OF_MUSIC,ELEMENTS OF MUSIC,2,32702,1815,,,,11979,,32702,,
HYGROMETRY,HYGROMETRY,2,32670,,,,,,,,32670,2613
BRECONSHIRE,BRECONSHIRE,2,31873,,,,,,,31873,827,
BRAZIL,BRAZIL,2,30833,,,,,,,,28286,30833
POORLAWS,POOR-LAWS,2,30684,,,,,,,,30684,27782
BOSWORTHMARKET,BOSWORTH-MARKET,2,30352,,,,,,,,30352,113
NAPOLEON,NAPOLEON,2,30107,,,,,,,,30107,19278
VETERINARY_SCIENCE,VETERINARY SCIENCE,2,29749,,,,,,,,29749,4187
ANIMAL_KINGDOM,ANIMAL KINGDOM,2,29429,,,,,,,,27535,29429
HYDROSTATICS,HYDROSTATICS,2,29181,,18829,29181,,,,,,
NATIONAL_EDUCATION,NATIONAL EDUCATION,2,29141,,,,,,,,47,29141
COLOMBIA,COLOMBIA,2,27136,,,,,,,,27136,875
PAPAL_STATES,PAPAL STATES,2,26980,,,,,,,,4857,26980
VEGETABLE_PHYSIOLOGY,VEGETABLE PHYSIOLOGY,2,26059,,,,,,,12564,26059,
FELLOW_OF_THE_ROYAL_SOCIETY_OF_LONDON,FELLOW OF THE ROYAL SOCIETY OF LONDON,2,26007,,,,,,,,26007,26005
TRIGONOMETRICAL_SURVEY,TRIGONOMETRICAL SURVEY,2,25772,,,,,,,,24198,25772
BEDWIN,BEDWIN,2,25293,1778|1797|1810|1815|1823,20,,,,,,25293,
POLYNESIA,POLYNESIA,2,25137,,,,,,,,19470,25137
WATT,WATT,2,24945,,,,,,,,6664,24945
SWEDEN_IS_BY_NO,SWEDEN IS BY NO,2,24087,,,,,,22935,24087,,
AERONAUT,AERONAUT,2,22929,,,,,22929,46,,,
LESLEY,LESLEY,2,22835,,,,,,,,22835,1522
SAVINGS_BANKS,SAVINGS BANKS,2,22569,,,,,,,,1358,22569
BOLIVIA,BOLIVIA,2,22041,,,,,,,,20803,22041
WELLINGTON,WELLINGTON,2,22020,1778|1797|1810|1815|1823|1842,10,,,,,,,22020
SPECULATIVE_MATHEMATICS,SPECULATIVE MATHEMATICS,2,21394,,,,,,,,14286,21394
AETNA,AETNA,2,20517,1797,,6573,,20517,,,,
IRONMAKING,IRON-MAKING,2,20297,,,,,,,95,20297,
COLLIERY,COLLIERY,2,20228,,,,,,,,20228,442
JURISPRUDENCE,JURISPRUDENCE,2,20136,1778|1797|1810|1815|1823,23,,,,,,20136,
PERSHORE,PERSHORE,2,19913,,,,,,,,19913,14872
BURNING_GLASSES,BURNING GLASSES,2,19892,,,,,,,,19892,19877
WANTAGE,WANTAGE,2,19891,,,,,,,,19891,152
APPARITIONS,APPARITIONS,2,19000,,,,,,,,18982,19000
TIDES,TIDES,2,18947,,,,,,,,5478,18947
LOMBARDY,LOMBARDY,2,18697,1778|1797|1810|1815|1823|1842,34,,,,,,,18697
LOYOLA,LOYOLA,2,17734,1815|1823|1842,,,,192,,,,17734
STONES_AND_EARTHS,STONES AND EARTHS,2,17465,,,,,16417,17465,,,
CRYSTALS,CRYSTALS,2,17354,1815,,,,3066,,17354,,
METEOROLITE,METEOROLITE,2,17311,1823|1842,,,,,17311,,,9493
OTAHEITEE,OTAHEITEE,2,16899,,,13464,16899,,,,,
UNIVERSITIES_ENGLISH,UNIVERSITIES (English),2,16845,,,,,,,,16845,206
MORTAGNE,MORTAGNE,2,16772,,,,,,,,93,16772
PRACTICE_OF_NAVIGATION,PRACTICE OF NAVIGATION,2,16688,,,,,,,16688,16502,
ARCHER,ARCHER,2,16670,,16670,12,,,,,,
LIBERTY_OF_THE_PRESS,LIBERTY OF THE PRESS,2,16541,,,,,,,,16523,16541
CRUSADES,CRUSADES,2,16465,,,,,,,,16465,16465
NAVEW,NAVEW,2,16317,,,,,,16317,9007,,
MELVILLE,MELVILLE,2,16251,,,,,,,,16251,5218
IRRIGATION,IRRIGATION,2,15865,,,,,,,,14488,15865
POSTOFFICE,POST-OFFICE,2,15752,,,,,,,,15752,11592
ECONOMISTS,ECONOMISTS,2,15436,,,,,,,,15436,15432
DIALING,DIALING,2,15037,,,654,15037,,,,,
SMELLIE,SMELLIE,2,14820,,,,,,,,14820,1870
BIBLIOGRAPHY,BIBLIOGRAPHY,2,14678,,,,,,,,14678,14612
PHRENOLOGY,PHRENOLOGY,2,14551,,,,,,,,5956,14551
CAPILLARY_ACTION,CAPILLARY ACTION,2,14157,,,,,,,,14157,13745
MINIATUREPAINTING,MINIATURE-PAINTING,2,14050,,,10856,14050,,,,,
ELECTROMETER,ELECTROMETER,2,13787,1810,,,2941,,13787,,,
PONTOON,PONTOON,2,13380,,,,,,,,13380,51
MATHEMATICS,MATHEMATICS,2,13323,,,,,,,,13323,815
TENCE,TENCE,2,13319,1815|1823,,,,13319,,,83,
GOUT,GOUT,2,12912,1797|1810|1815|1823|1842,,5,,,,,,12912
DIFFERENT,DIFFERENT,2,12627,1842,,,,,,332,,12627
BREAKWATER,BREAKWATER,2,12460,1842,,,,,,12460,,12319
REGISTRATION,REGISTRATION,2,12127,,,,,,,,7134,12127
STATIC,STATIC,2,11838,1842,,,,,,29,,11838
CIVIL_LAW,CIVIL LAW,2,11628,1778|1797|1810|1815|1823,61,,,,,,11628,
AEROLOGY,AEROLOGY,2,11183,,,11,11183,,,,,
MYTILUS,MYTILUS,2,11138,1810,,,3985,,11138,,,
CHRISTIANITY,CHRISTIANITY,2,10993,,,,,,,,10993,6295
BLOWPIPE,BLOW-PIPE,2,10980,,,,,,,10764,10980,
FUR_TRADE,FUR TRADE,2,10905,,,,,,,,10905,9519
MILITARY_STATE,MILITARY STATE,2,10884,1815|1823,,,,10884,,,1681,
PARSON_AND_VICAR,PARSON AND VICAR,2,10608,,,,,,,,10608,688
BARBARY_STATES,BARBARY STATES,2,10578,,,,,,,10578,7741,
NEWPORTPAGNELL,NEWPORT-PAGNELL,2,10480,,,,,,,,10480,104
NEPAUL,NEPAUL,2,10449,,,,,,,,10108,10449
AFGHANISTAN,AFGHANISTAN,2,10427,,,,,,,,10427,10213
NIEBUHR,NIEBUHR,2,10386,,,,,,,,9993,10386
COMERCOLLY,COMERCOLLY,2,10029,,,,,,,,10029,6991
GENUS_LXXXV,GENUS LXXXV,2,10005,1815,,,,3975,,10005,,
UNIVERSITY_OF_PARIS,UNIVERSITY OF PARIS,2,10001,,,,,,,,10001,9469
PALEY,PALEY,2,9965,,,,,,,,3814,9965
EMIGRATION,EMIGRATION,2,9617,,,,,,,9617,9489,
GOETHE,GOETHE,2,9510,,,,,,,,9510,6888
LAGRANGE,LAGRANGE,2,9493,,,,,,,,9481,9493
UNIVERSITY_OF_LONDON,UNIVERSITY OF LONDON,2,9421,,,,,,,,1790,9421
KALEIDOSCOPE,KALEIDOSCOPE,2,9217,,,,,,,,9217,3029
CRUSTACEA,CRUSTACEA,2,8973,,,,,,,,8613,8973
AQUEDUCT,AQUEDUCT,2,8800,,,,,,,,8389,8800
DAVY,DAVY,2,8601,,,,,,,,8601,7939
BUCAANEER,BUCAANEER,2,8577,1797,,8577,,127,,,,
HIRUNDO,HIRUNDO,2,8438,,,4735,8438,,,,,
TONNAGE,TONNAGE,2,8378,,,,,,,,8378,4945
SURVIVORSHP,SURVIVORSHP,2,8337,,,,7582,8337,,,,
MACHIAVELLI,MACHIAVELLI,2,8241,,,,,,,,7804,8241
CHINESE,CHINESE,2,8125,1778|1797,8125,,,11,,,,
UNIVERSITIES_SCOTTISH,UNIVERSITIES (Scottish),2,8100,,,,,,,,8100,4749
LITHOGRAPHY,LITHOGRAPHY,2,8044,,,,,,,,8044,5266
FEODAL_SYSTEM,FEODAL SYSTEM,2,7986,1797,,7986,,6773,,,,
MADEIRA,MADEIRA,2,7943,,,,,,,,1729,7943
OILS,OILS,2,7841,1810|1815|1823|1842,,,1051,,,,,7841
UNIVERSITY_OF_DUBLIN,UNIVERSITY OF DUBLIN,2,7805,,,,,,,,5266,7805
RICHELIEU,RICHELIEU,2,7687,,,,,,,,266,7687
PLATINA,PLATINA,2,7548,,,7548,4117,,,,,
HORATIUS_FLACCUS,HORATIUS FLACCUS,2,7521,,,,,,,,1295,7521
PYRENEES,PYRENEES,2,7515,,,,,,,,531,7515
ETRUSCANS,ETRUSCANS,2,7502,,,,,,,,5807,7502
ROUSSILLON,ROUSSILLON,2,7354,1823|1842,,,,,7354,,,490
BAROMETRICAL_MEASUREMENTS,BAROMETRICAL MEASUREMENTS,2,7351,,,,,,,,7351,6015
RETICULATION,RETICULATION,2,7344,,,,,,,,7344,6516
STOURPORT,STOURPORT,2,7313,,,,,,,,6919,7313
SWERTIA,SWERTIA,2,7302,1778,53,,7302,,,,,
BOODROOM,BOODROOM,2,7177,,,,,,,,244,7177
CANARY_ISLANDS,CANARY ISLANDS,2,7167,1842,,,,,,2748,,7167
BRAHMINS,BRAHMINS,2,7140,,,,,,,,6425,7140
CUMBERLAND_RICHARD,"CUMBERLAND, RICHARD",2,7090,,,,,,,,7090,7064
ABDC,ABDC,2,6949,1815,,,,6949,,4526,,
JOHNSON,JOHNSON,2,6941,1823|1842,,,,,6941,,,6821
ENGLISH_LANGUAGE,ENGLISH LANGUAGE,2,6932,,,,,,,,6796,6932
ROSCOE,ROSCOE,2,6873,,,,,,,,6873,4838
BATHS,BATHS,2,6790,,,,,,,,6790,3464
GUATEMALA,GUATEMALA,2,6508,,,,,,105,6508,,
HIMALAYA,HIMALAYA,2,6502,,,,,,,,4839,6502
BYRON,BYRON,2,6409,,,,,,,,5503,6409
PORSON,PORSON,2,6401,,,,,,,,6401,5834
LACCADIVES,LACCADIVES,2,6392,,,,,,,,233,6392
LAING,LAING,2,6375,,,,,,,,6375,574
KAFFA,KAFFA,2,6361,,,,,,,,193,6361
CLARK,CLARK,2,6336,,,,,,62,6336,,
MOSQUITO_SHORE,MOSQUITO SHORE,2,6256,,,,,,,,6,6256
MUSTELA,MUSTELA,2,6244,,,6244,5380,,,,,
LINLITHGOWSHIRE,LINLITHGOWSHIRE,2,6187,,,,,459,6187,,,
GENUS_LXXXVI,GENUS LXXXVI,2,6035,,,,5944,6035,,,,
PASSERES,PASSERES,2,6016,,,6016,431,,,,,
MACKINTOSH,MACKINTOSH,2,5985,,,,,,,,5985,4597
FELIX,FELIX,2,5964,1797|1810|1815|1823|1842,,5964,,,,,,252
DREDGING,DREDGING,2,5918,,,,,,,3995,5918,
ICE_ICE,ICE ICE,2,5906,,,,,,5906,3821,,
ANNUEL_OF_NORWAY,ANNUEL OF NORWAY,2,5871,,,,,,5871,128,,
RICARDO,RICARDO,2,5848,,,,,,,,5848,5395
WILSON_FLORENCE,"WILSON, FLORENCE",2,5781,,,,,,,,569,5781
SPAHIS,SPAHIS,2,5769,1797|1810|1815|1823,,32,,,,,5769,
DYING,DYING,2,5744,,,5744,87,,,,,
BOGOTA,BOGOTA,2,5680,,,,,,,34,5680,
ADMIRALTY,ADMIRALTY,2,5611,1842,,,,,,5611,,4297
STOCKPORT,STOCKPORT,2,5594,1778|1797|1810|1815|1823|1842,5594,,,,,,,833
BLOCH,BLOCH,2,5592,1842,,,,,,37,,5592
UNIVERSITY_OF_FRANCE,UNIVERSITY OF FRANCE,2,5592,,,,,,,,3923,5592
TOOKE,TOOKE,2,5580,,,,,,,,3712,5580
NATAL,NATAL,2,5564,,,,,,,,270,5564
PARA,PARA,2,5556,,,,,,,,5556,992
MAGNET,MAGNET,2,5516,,,,,5516,550,,,
PLASTIC_NATURE,PLASTIC NATURE,2,5469,,,,,,,5469,4684,
VITRIFICATION,VITRIFICATION,2,5466,,13,5466,,,,,,
VALDENSES,VALDENSES,2,5365,,,,,,,,4782,5365
MONSELEMINES,MONSELEMINES,2,5362,1810|1815,,,5362,,,481,,
VOLCANO,VOLCANO,2,5350,,,5350,3484,,,,,
WYCLIFFE,WYCLIFFE,2,5332,,,,,,,,4956,5332
GENUS_LXVII,GENUS LXVII,2,5325,1815,,,,2198,,5325,,
CRIMES_AND_PUNISHMENTS,CRIMES AND PUNISHMENTS,2,5322,1842,,,,,,5322,,6
BOLIVAR,BOLIVAR,2,5226,,,,,,,,5220,5226
PLINIUS_SECUNDUS,PLINIUS SECUNDUS,2,5158,,,,,,,,1666,5158
UNIVERSITY_OF_EDINBURGH,UNIVERSITY OF EDINBURGH,2,5146,,,,,,,,4714,5146
ROUSSEAU_JOHNJAMES,"ROUSSEAU, JOHN-JAMES",2,5140,,,,,,,5140,2731,
TORPEDO,TORPEDO,2,5051,,,671,5051,,,,,
EDWARDS_BRYAN,"EDWARDS, BRYAN",2,5014,,,,,,,,1392,5014
TROY,TROY,2,4915,,,,,,,,441,4915
CRAIG,CRAIG,2,4913,,,,,,,,3955,4913
GOOD_HOPE,GOOD HOPE,2,4905,1823,,,,,3324,,4905,
GENUS_LXXXVIII,GENUS LXXXVIII,2,4899,,,,4899,2057,,,,
SUBACETAS_CUPRI,SUBACETAS CUPRI,2,4817,,,,,,4817,200,,
VACCINATION,VACCINATION,2,4739,,,,,,,,4436,4739
PHOTOMETER,PHOTOMETER,2,4686,1810|1815|1823|1842,,,4686,,,,,1105
LAMBALLE,LAMBALLE,2,4683,,,,,,,,54,4683
ROBISON,ROBISON,2,4665,,,,,,,,4665,4522
CHALMERS,CHALMERS,2,4594,,,,,,,,4594,56
PENSILES_HORTI,PENSILES HORTI,2,4585,1810|1815,,,4585,,,3821,,
AMYGDALUS,AMYGDALUS,2,4578,,,188,4578,,,,,
FABIUS_PICTOR,FABIUS PICTOR,2,4575,,,,,,,,971,4575
SKENE,SKENE,2,4531,,,,,,,,4531,999
AELTERE,AELTERE,2,4513,,,,,,,,85,4513
BROWNCOLOURED,BROWN-COLOURED,2,4466,,,600,4466,,,,,
PENSILVANIA,PENSILVANIA,2,4442,,,,,4442,4441,,,
POWERS,POWERS,2,4437,1778|1797|1810|1815,29,,,,,4437,,
BEJAPOUR,BEJAPOUR,2,4412,,,,,,,4412,1286,
RHINOCEROS,RHINOCEROS,2,4387,1778,255,,4387,,,,,
CUVIER,CUVIER,2,4321,,,,,,,,4318,4321
GRENVILLE,GRENVILLE,2,4300,,,,,,,,4300,1047
POSITION,POSITION,2,4292,1810|1815|1823,,,4292,,,,2173,
ADDICTIO,ADDICTIO,2,4291,,,,,4291,4288,,,
UNIVERSITY_OF_ABERDEEN,UNIVERSITY OF ABERDEEN,2,4246,,,,,,,,4246,3767
MINAS_GERAES,MINAS GERAES,2,4216,,,,,,,,4216,182
TARSHISH,TARSHISH,2,4085,1810|1815|1823|1842,,,34,,,,,4085
BOOTAN,BOOTAN,2,4072,,,,,,,,4072,2008
FUNERAL_RITES,FUNERAL RITES,2,4057,1823,,,,,4057,,3511,
HORSLEY,HORSLEY,2,3936,,,,,,,,3936,2169
MICHIGAN,MICHIGAN,2,3894,,,,,,,,3894,2687
POULES,POULES,2,3886,,,,3886,263,,,,
LOUVIERS,LOUVIERS,2,3878,,,,,,,,3878,631
CAERNARVONSHIRE,CAERNARVONSHIRE,2,3860,,,,,,,3860,1954,
SCHLEGEL,SCHLEGEL,2,3780,,,,,,,,3333,3780
TIMEKEEPERS,TIME-KEEPERS,2,3776,1797,,3776,,16,,,,
BUTESHIRE,BUTESHIRE,2,3752,,,,,,,,3752,3435
HADDINGTONSHIRE,HADDINGTONSHIRE,2,3732,,,,,,,,3732,2893
DANTON,DANTON,2,3719,,,,,,,,3719,3711
MALTHUS,MALTHUS,2,3719,,,,,,,,3719,1003
MACPHERSON,MACPHERSON,2,3715,1810|1815|1823|1842,,,3715,,,,,648
FREDERICK,FREDERICK,2,3698,,,,,,,,307,3698
QUESNAY,QUESNAY,2,3671,,,,,,,,3091,3671
ERUCA,ERUCA,2,3646,,,3592,3646,,,,,
MYRIAPODA,MYRIAPODA,2,3642,,,,,,,,3312,3642
SMOLLETT,SMOLLETT,2,3633,,,,,,,,3509,3633
LORN,LORN,2,3585,1778|1797|1810|1815|1823|1842,33,,,,,,,3585
MONTAGU,MONTAGU,2,3583,,,,,,,,3583,1831
LANARKSHIRE,LANARKSHIRE,2,3564,,,,,,,,2741,3564
VALDO,VALDO,2,3564,,,,,,,,3564,2718
WHITAKER,WHITAKER,2,3475,,,,,,,,3475,2154
LENTINI,LENTINI,2,3455,,,,,,,,1624,3455
MARMONTEL,MARMONTEL,2,3453,,,,,,,,3453,936
THOMPSON,THOMPSON,2,3430,,,,,,,,2669,3430
MAZARIN,MAZARIN,2,3426,,,,,,,,3426,1578
RHUBARB,RHUBARB,2,3417,,,,,,,,3417,872
RUDDIMAN_THOMAS,"RUDDIMAN, THOMAS",2,3413,1815|1823|1842,,,,3413,,,,1562
AERSHOT,AERSHOT,2,3411,,,3411,176,,,,,
CUTCH,CUTCH,2,3400,,,,,,,,3327,3400
LAW_JOHN,"LAW, JOHN",2,3399,,,,,,,,1481,3399
CAERWYS,CAERWYS,2,3396,,,,,,,,3240,3396
CANNING,CANNING,2,3393,,,,,,,,3051,3393
INDIANA,INDIANA,2,3380,,,,,,,,3380,2884
TYPEFOUNDING,TYPE-FOUNDING,2,3352,,,,,,,,2473,3352
CUMANA,CUMANA,2,3332,,,,,,,,3332,97
GAME_LAWS,GAME LAWS,2,3316,,,,,,,,3316,2324
BOCAYRENT,BOCAYRENT,2,3300,,,,,,,,3300,32
CLACKMANNANSHIRE,CLACKMANNANSHIRE,2,3299,1842,,,,,,3299,,2737
HAMILTON_ROBERT,"HAMILTON, ROBERT",2,3245,,,,,,,,3245,816
DELHI,DELHI,2,3199,,,,,,,,3199,2729
BASTILLE,BASTILLE,2,3188,1815|1823|1842,,,,3188,,,,885
TENNANT,TENNANT,2,3187,,,,,,,,3187,3048
FORBES_JOHN,"FORBES, JOHN",2,3169,,,,,,,,3169,1621
GENUS_XCI,GENUS XCI,2,3156,1815,,,,3156,,2650,,
BUNDELCUND,BUNDELCUND,2,3119,,,,,,,3109,3119,
COLUBER,COLUBER,2,3106,,,3106,2999,,,,,
BOYCE,BOYCE,2,3086,,,,,,,,3086,2471
GRENADA,GRENADA,2,3085,,,,,,,3085,1429,
QUEENS_COUNTY,QUEEN'S COUNTY,2,3079,1778|1797|1810|1815|1823|1842,29,,,,,,,3079
QUEEN_CHARLOTTES_SOUND,QUEEN CHARLOTTE'S SOUND,2,3076,1810|1815|1823,,,552,,,,3076,
MASKELYNE,MASKELYNE,2,3059,,,,,,,,3059,2133
TERMES,TERMES,2,3053,,,1903,3053,,,,,
CAVALLO,CAVALLO,2,3051,,,,,,,,3051,3006
LARUS,LARUS,2,3045,,,2158,3045,,,,,
WARTON_THOMAS,"WARTON, THOMAS",2,3033,,,,,,,,3033,2926
GOLDEN,GOLDEN,2,2985,1797,,196,,2985,,,,
MORE_SIR_THOMAS,"MORE, SIR THOMAS",2,2975,,,,,,,,1704,2975
CANARIES,CANARIES,2,2960,1778|1797|1810|1815|1823,42,,,,,,2960,
GENUS_LII,GENUS LII,2,2948,1810|1815,,,2948,,,378,,
CRICKET,CRICKET,2,2947,1810|1815|1823|1842,,,410,,,,,2947
SCHELDT,SCHELDT,2,2945,,,,,,,,85,2945
AQUA_TOFANA,AQUA TOFANA,2,2938,,,,,,,2938,2509,
DOROGOBUSH,DOROGOBUSH,2,2917,,,,,,,,60,2917
PROJECTION,PROJECTION,2,2887,1797|1810|1815|1823,,35,,,,,2887,
DUMBARTON,DUMBARTON,2,2878,,,,,,,,2878,514
NICKEL,NICKEL,2,2853,,,285,2853,,,,,
DOIG,DOIG,2,2826,,,,,,,,2826,2501
SENEGAMBIA,SENEGAMBIA,2,2825,,,,,,,,2825,2420
BUKHARA,BUKHARA,2,2824,1842,,,,,,711,,2824
CACAO,CACAO,2,2813,1797|1810|1815|1823|1842,,2813,,,,,,252
HENRYSON,HENRYSON,2,2793,,,,,,,,2793,413
BEHEM,BEHEM,2,2790,1810|1815|1823|1842,,,2790,,,,,214
ANTONINUS_PHILOSOPHUS,ANTONINUS PHILOSOPHUS,2,2781,1810|1815|1823,,,2781,,,,1343,
MORE_HANNAH,"MORE, HANNAH",2,2776,,,,,,,,1226,2776
ROMILLY,ROMILLY,2,2743,,,,,,,,2743,1410
WILLIAM_OF_WYKEHAM,WILLIAM OF WYKEHAM,2,2690,1842,,,,,,961,,2690
PELASGI,PELASGI,2,2683,,,,,,,,2683,2003
NANCOWRY,NANCOWRY,2,2626,1810|1815|1823|1842,,,2626,,,,,68
RUSSELL,RUSSELL,2,2606,,,,,,,,2606,921
SYDNEY,SYDNEY,2,2603,,,,,,,,976,2603
LANIUS,LANIUS,2,2597,,,864,2597,,,,,
ALLIUM,ALLIUM,2,2589,1810|1815|1823|1842,,,2589,,,,,17
LICHEN,LICHEN,2,2578,1778,33,,2578,,,,,
WIGTOWN,WIGTOWN,2,2570,1778|1797|1810|1815|1823|1842,24,,,,,,,2570
SENSITIVE_PLANT,SENSITIVE PLANT,2,2550,,,,,,,1879,2550,
GRATTAN,GRATTAN,2,2546,,,,,,,,2531,2546
NECKER,NECKER,2,2535,,,,,,,,2535,1032
ANDERSON_SIR_EDMUND,"ANDERSON, SIR EDMUND",2,2502,,,,,,,,128,2502
FLETCHER,FLETCHER,2,2481,,,,,,,,2481,1836
TARTINI,TARTINI,2,2467,1797|1810|1815|1823|1842,,2467,,,,,,1184
CORNWAL,CORNWAL,2,2458,,,862,2458,,,,,
TENNESSEE,TENNESSEE,2,2454,,,,,,,,2454,2112
CANNABIS,CANNABIS,2,2408,1778,83,,2408,,,,,
MONGE,MONGE,2,2398,,,,,,,,2398,609
VENTRILLOQUIST,VENTRILLOQUIST,2,2374,1810|1815|1823|1842,,,2374,,,,,68
KAJUAGA,KAJUAGA,2,2366,1815,,,,219,,2366,,
DELAMBRE,DELAMBRE,2,2350,,,,,,,,2350,1940
THIBET,THIBET,2,2333,,19,2333,,,,,,
GIACH,GIACH,2,2331,,,,,2331,133,,,
PECTEN,PECTEN,2,2303,,,346,2303,,,,,
BATNEARS,BATNEARS,2,2301,,,,,,,2301,1727,
BORROMEOAN_ISLANDS,BORROMEOAN ISLANDS,2,2294,,,,,,,2294,942,
ROCKY_MOUNTAINS,ROCKY MOUNTAINS,2,2217,,,,,,,,2217,889
POMONA,POMONA,2,2213,1815|1823|1842,,,,2213,,,,227
TRICHECUS,TRICHECUS,2,2207,,,1968,2207,,,,,
JESUITS_BARK,JESUITS BARK,2,2205,,,,2205,92,,,,
WISCONSIN,WISCONSIN,2,2190,,,,,,,,1010,2190
REEVE,REEVE,2,2183,,,,,,,,2183,362
SCRIMZEOR,SCRIMZEOR,2,2181,,,,,,,,2181,518
HARVEY,HARVEY,2,2177,,,,,,,,387,2177
TRANSFUSION_OF_BLOOD,TRANSFUSION OF BLOOD,2,2177,1797|1810|1815|1823,,2177,,,,,646,
FORMICALEO,FORMICA-LEO,2,2172,1778,96,,2172,,,,,
MEDITERRANEAN_SEA,MEDITERRANEAN SEA,2,2170,1797|1810|1815|1823|1842,,114,,,,,,2170
HAYDN,HAYDN,2,2167,,,,,,,,2167,700
NIEUWLAND,NIEUWLAND,2,2164,1810|1815|1823|1842,,,2164,,,,,1151
ICHOGLANS,ICHOGLANS,2,2158,,,2158,113,,,,,
KINGDOMS,KINGDOMS,2,2158,,,1684,2158,,,,,
BOTTICELLI,BOTTICELLI,2,2157,1810|1815|1823|1842,,,303,,,,,2157
MOZAMBIQUE,MOZAMBIQUE,2,2149,,,,,,,,371,2149
VIGILANTIUS,VIGILANTIUS,2,2145,,,,,,,,2145,1962
ATWOOD,ATWOOD,2,2120,,,,,,,,2119,2120
ZOOLOGY,ZOOLOGY,2,2118,1797|1810|1815,,1727,,,,2118,,
ORINOCO,ORINOCO,2,2099,,,,,,,,2099,1066
GENUS_XCII,GENUS XCII,2,2092,1810|1815,,,207,,,2092,,
KEMAON,KEMAON,2,2076,,,,,,,,2076,2064
LUZON,LUZON,2,2076,,,,,,,,387,2076
BEYKANEER,BEYKANEER,2,2075,,,,,,,,2075,1229
HOBBES,HOBBES,2,2063,1810|1815|1823|1842,,,2006,,,,,2063
BROWNE,BROWNE,2,2056,,,,,,,,1246,2056
KLAPROTH,KLAPROTH,2,2040,,,,,,,,127,2040
CIRRIPEDES,CIRRIPEDES,2,2034,1842,,,,,,2034,,4
FLAXMAN,FLAXMAN,2,2030,,,,,,,,2030,1652
LAHORE,LAHORE,2,2030,,,,,,,,2030,430
PEKING,PEKING,2,2023,,,,,,,,1892,2023
TEST_ACT,TEST ACT,2,2018,1810|1815,,,1869,,,2018,,
PALEMBANG,PALEMBANG,2,2005,,,,,,,,2005,405
HOBBS,HOBBS,2,2003,1797,,2003,,1986,,,,
WEBER,WEBER,2,2002,,,,,,,,1203,2002
CROESUS,CROESUS,2,1997,,,,,,1997,1997,,
ERSKINE,ERSKINE,2,1993,,,,,,,,1764,1993
GLUCK,GLUCK,2,1989,,,,,,,,1989,1287
LOOE,LOOE,2,1981,,,,,,,,1981,148
AQUATINTA_ENGRAVING,AQUATINTA ENGRAVING,2,1974,,,,,,,,1958,1974
SANTIAGO,SANTIAGO,2,1974,,,,,,,,628,1974
CASHMERE,CASHMERE,2,1972,,,,,,,,1972,1950
COAL_TRADE,COAL TRADE,2,1969,,,,,,,,1969,1248
COLLINGWOOD,COLLINGWOOD,2,1960,,,,,,,,1940,1960
PARKHURST,PARKHURST,2,1952,1810|1815|1823|1842,,,1952,,,,,125
CHASE_GUNS,CHASE GUNS,2,1949,,,,,,1934,1949,,
HURD,HURD,2,1946,,,,,,,,1946,366
THRASHING_MACHINE,THRASHING MACHINE,2,1929,,,,,1929,1921,,,
PAMPLONA,PAMPLONA,2,1923,,,,,,,,1923,1082
NORTHCOTE,NORTHCOTE,2,1915,,,,,,,,1915,890
NEY,NEY,2,1898,,,,,,,,1783,1898
WIGHT,WIGHT,2,1898,,,,,,,,1243,1898
BARLOW_WILLIAM,"BARLOW, WILLIAM",2,1897,,,,,,,,1897,360
MORTARPIECE,MORTAR-PIECE,2,1894,1815,,,,1894,,1201,,
BARDS,BARDS,2,1884,,30,1884,,,,,,
GELDERLAND,GELDERLAND,2,1878,1778|1797|1810|1815|1823|1842,44,,,,,,,1878
LEMONNIER,LEMONNIER,2,1875,,,,,,,,1875,1535
CARRICKFERGUS,CARRICKFERGUS,2,1856,,,,,,,,1856,1168
GUIBERT,GUIBERT,2,1855,,,,,,,,1855,826
PAUW,PAUW,2,1848,,,,,,,,1801,1848
FAIFO,FAIFO,2,1820,,,,,,,,71,1820
MARQUESES_ISLANDS,MARQUESES ISLANDS,2,1815,,,1813,1815,,,,,
RHODE_ISLAND,RHODE ISLAND,2,1814,,,,,,,,1794,1814
SECOND_SIGHT,SECOND SIGHT,2,1808,1810|1815|1823,,,1808,,,,1576,
DORIANS,DORIANS,2,1802,,,,,,,,1802,1799
CHARLES_II,CHARLES II,2,1792,,,1792,4,,,,,
BAMBARRA,BAMBARRA,2,1788,,,,,,,,1788,50
ALTHAEA,ALTHAEA,2,1786,,,543,1786,,,,,
NORRIS,NORRIS,2,1786,1810|1815|1823|1842,,,483,,,,,1786
HYDERABAD,HYDERABAD,2,1784,,,,,,,,1784,1575
SINGAPORE,SINGAPORE,2,1781,,,,,,,,1781,1641
ANEMONE,ANEMONE,2,1779,,,1667,1779,,,,,
KINROSSSHIRE,KINROSS-SHIRE,2,1773,,,,,,,,989,1773
NEUWIED,NEUWIED,2,1763,,,,,,,,827,1763
GHAUTS,GHAUTS,2,1756,,,,,,,,1209,1756
HELIADAE,HELIADAE,2,1742,1823,,,,,44,,1742,
BIRKENHEAD,BIRKENHEAD,2,1700,,,,,,,,371,1700
GLARUS,GLARUS,2,1686,,,,,,,,409,1686
ARBITRATION,ARBITRATION,2,1683,1842,,,,,,120,,1683
ABRIDGMENT,ABRIDGMENT,2,1680,1815|1823|1842,,,,1680,,,,339
GENOVESE,GENOVESE,2,1674,,,,,,,,1674,1315
AVICENA,AVICENA,2,1671,,,1430,1671,,,,,
RUSH,RUSH,2,1660,,,,,,,,1608,1660
VINCENT,VINCENT,2,1655,1797|1810|1815|1823,,282,,,,,1655,
SAMUEL,SAMUEL,2,1653,,,,,,,,185,1653
TYRWHITT,TYRWHITT,2,1651,,,,,,,,1651,1044
MANILA,MANILA,2,1637,,,1637,1489,,,,,
ANDAMAN_ISLANDS,ANDAMAN ISLANDS,2,1634,,,,,,,,1634,1274
PANTOGRAPH,PANTOGRAPH,2,1608,,,,,,,,1608,414
BELLIS,BELLIS,2,1607,1778,136,,1607,,,,,
LAW_EDMUND,"LAW, EDMUND",2,1603,,,,,,,,1603,528
HERTFORD_COLLEGE,HERTFORD COLLEGE,2,1602,,,,,,,1602,783,
RALLUS,RALLUS,2,1598,1778,55,,1598,,,,,
GIANNONE,GIANNONE,2,1583,,,,,,,,1583,1205
MURAT,MURAT,2,1580,,,,,,,,66,1580
DUNNING,DUNNING,2,1579,1842,,,,,,1579,,746
CRABBE,CRABBE,2,1575,,,,,,,,1575,1571
OLD_AGE,OLD AGE,2,1573,1810,,,1569,,1573,,,
TUCKER,TUCKER,2,1570,1810|1815|1823|1842,,,1570,,,,,285
RAYNAL,RAYNAL,2,1566,1810|1815|1823|1842,,,1566,,,,,540
BELLES_LETTRES,BELLES LETTRES,2,1564,1797|1810,,1564,,,280,,,
TIMBUCTOO,TIMBUCTOO,2,1558,,,,,,,,442,1558
PHILOSOPHERS_STONE,PHILOSOPHER'S STONE,2,1550,1778|1797,87,,,1550,,,,
PHILOSOHER,PHILOSOHER,2,1540,1810|1815|1823,,,1540,,,,872,
CHARLES_V,CHARLES V,2,1539,1797|1810|1815|1823,,1539,,,,,1304,
ORME,ORME,2,1539,,,,,,,,1539,368
DROPSEY,DROPSEY,2,1537,1810|1815,,,223,,,1537,,
SENNAR,SENNAR,2,1525,,,,,,,,1169,1525
PIANOFORTE,PIANO-FORTE,2,1517,,,,,,,,376,1517
JUSTINUS,JUSTINUS,2,1510,,,,,,,,249,1510
UNIVERSITIES,UNIVERSITIES,2,1508,,,,,,,,1508,1360
PUNO,PUNO,2,1507,,,,,,,,1507,254
GLOUCESTER,GLOUCESTER,2,1505,,,,,,,,425,1505
PORTGLASGOW,PORT-GLASGOW,2,1494,,,,,,,,1494,714
TERRA,TERRA,2,1489,1810,,,1489,,231,,,
FONTAINE,FONTAINE,2,1488,,,,,,,,937,1488
RUTHERFORD,RUTHERFORD,2,1488,1810|1815|1823|1842,,,1488,,,,,376
BATHGATE,BATHGATE,2,1486,,,,,,,,1486,36
STONEHAVEN,STONEHAVEN,2,1486,,,,,,,,1486,267
RANGOON,RANGOON,2,1484,,,,,,,,1484,303
ENTAIL,ENTAIL,2,1481,1810|1815|1823|1842,,,99,,,,,1481
KOTZEBUE,KOTZEBUE,2,1481,,,,,,,,1325,1481
LIGHTFOOT,LIGHTFOOT,2,1481,1810,,,1481,,1478,,,
EXPONENTIAL_CALCULUS,EXPONENTIAL CALCULUS,2,1477,1810,,,1477,,21,,,
HAZLITT,HAZLITT,2,1476,,,,,,,,1476,1208
CARDAMOM,CARDAMOM,2,1475,1778,86,,1475,,,,,
BOGALCUND,BOGALCUND,2,1470,,,,,,,1470,1410,
CORSHAM,CORSHAM,2,1465,,,,,,,,58,1465
LIGHTFOOT_JOHN,"LIGHTFOOT, JOHN",2,1461,,,,,,,,1461,574
GUIGNES,GUIGNES,2,1455,,,,,,,,1455,1029
MITHRIDATES_VII,MITHRIDATES VII,2,1454,,,,,1439,1454,,,
HOOKER_RICHARD,"HOOKER, RICHARD",2,1451,,,,,,,,547,1451
QUASSIA,QUASSIA,2,1451,,,,1451,29,,,,
FANSHAWE,FANSHAWE,2,1443,,,,,,,,1443,404
GIJON,GIJON,2,1430,,,,,,,,206,1430
LYON,LYON,2,1428,1797|1810|1815|1823|1842,,1428,,,,,,190
MORDELLA,MORDELLA,2,1427,1778,51,,1427,,,,,
NERIUM,NERIUM,2,1418,,,,161,1418,,,,
FIRSTBORN,FIRST-BORN,2,1417,1810,,,1417,,349,,,
LAKES,LAKES,2,1405,1797|1810,,127,,,1405,,,
ALEXANDER_AB_ALEXANDRO,ALEXANDER AB ALEXANDRO,2,1403,,,,,1403,1398,,,
PASCO,PASCO,2,1399,,,,,,,,599,1399
SUSPENSION,SUSPENSION,2,1397,1778|1797|1810|1815|1823,63,,,,,,1397,
GENUS_LXXIII,GENUS LXXIII,2,1396,,,,1396,964,,,,
DURANGO,DURANGO,2,1394,,,,,,,,1394,118
ORMUZ,ORMUZ,2,1388,,,,,,,,1388,405
PELL,PELL,2,1384,1810|1815|1823|1842,,,1384,,,,,314
OMAR_EBN_AL_KHATTAB,OMAR EBN AL KHATTAB,2,1382,1823,,,,,1382,,262,
ABCDEF,ABCDEF,2,1376,1815,,,,1370,,1376,,
SEJANUS,SEJANUS,2,1372,1797|1810,,58,,,1372,,,
CHARACTERS,CHARACTERS,2,1366,1797,,533,,1366,,,,
GENUS_XCVIII,GENUS XCVIII,2,1360,,,,994,1360,,,,
ABIES,ABIES,2,1358,1797|1810|1815|1823,,1358,,,,,2,
SAXECOBURGGOTHA,SAXE-COBURG-GOTHA,2,1356,,,,,,,,643,1356
NEWTON_THOMAS,"NEWTON, THOMAS",2,1353,,,,,,1353,1353,,
ADMIRALTY_ISLANDS,ADMIRALTY ISLANDS,2,1350,1823|1842,,,,,160,,,1350
CHRISTIANS,CHRISTIANS,2,1350,,,,,,,,1350,1337
VESPERTILIO,VESPERTILIO,2,1346,1778,62,,1346,,,,,
ARNAULD,ARNAULD,2,1344,,,,,,,,314,1344
FAKIR,FAKIR,2,1341,1778|1797|1810|1815|1823|1842,95,,,,,,,1341
BOWELS,BOWELS,2,1334,1778|1797|1810|1815,1334,,,,,9,,
CHARLES_LE_GROS,CHARLES LE GROS,2,1330,1797|1810|1815|1823|1842,,54,,,,,,1330
PANORAMA,PANORAMA,2,1328,1810|1815|1823,,,1328,,,,771,
CORDOBA,CORDOBA,2,1325,,,,128,1325,,,,
KAISERSLAUTERN,KAISERSLAUTERN,2,1315,,,,,,,,1315,108
CELTAE,CELTAE,2,1312,1797|1810,,1312,,,1075,,,
VAR,VAR,2,1304,1842,,,,,,97,,1304
RESPIRATION,RESPIRATION,2,1297,,,1297,32,,,,,
DOUW,DOUW,2,1295,,,,,,,,1180,1295
PYRRHUS,PYRRHUS,2,1293,1810|1815|1823|1842,,,10,,,,,1293
CLAPPERTON,CLAPPERTON,2,1288,,,,,,,,1288,792
GLANVILL,GLANVILL,2,1286,,,,,,,,1286,1165
SPURZHEIM,SPURZHEIM,2,1285,,,,,,,,1272,1285
DUNFERMLINE,DUNFERMLINE,2,1279,,,,,,,,1022,1279
SYLLA,SYLLA,2,1272,,,,,1271,1272,,,
SYLIA,SYLIA,2,1271,1810|1815,,,239,,,1271,,
KALMUCKS,KALMUCKS,2,1268,1797|1810|1815|1823,,149,,,,,1268,
BILFINGER,BILFINGER,2,1266,,,,,,,1266,1124,
VEGA_CARPIO,VEGA CARPIO,2,1266,,,,,,,,916,1266
MALMEDY,MALMEDY,2,1263,,,,,,,,78,1263
ISPAHAN,ISPAHAN,2,1253,1810,,,1243,,1253,,,
LAPWING,LAPWING,2,1252,,,,4,1252,,,,
WALDECK,WALDECK,2,1249,,,,,,,,1249,264
BEAUMONT_AND_FLETCHER,BEAUMONT AND FLETCHER,2,1246,,,,,,,,993,1246
PLINY_THE_YOUNGER,PLINY THE YOUNGER,2,1244,,,,,,1243,1244,,
PSITTACUS,PSITTACUS,2,1243,1778,73,,1243,,,,,
PHILOPEMEN,PHILOPEMEN,2,1241,,,,,,,,1241,303
TERRA_AUSTRALIS_INCOGNITA,TERRA AUSTRALIS INCOGNITA,2,1241,1797|1810,,1241,,,332,,,
SEISTAN,SEISTAN,2,1238,,,,,,,,761,1238
DAHOMEY,DAHOMEY,2,1236,,,,,,,,882,1236
BAPTISTS,BAPTISTS,2,1233,1778|1797|1810|1815,74,,,,,1233,,
ORISSA,ORISSA,2,1231,,,,,,,,1231,458
TABLATURE,TABLATURE,2,1223,1778|1797|1810|1815|1823,1223,,,,,,66,
LAC,LAC,2,1215,1815|1823|1842,,,,1215,,,,351
MONSON,MONSON,2,1212,,,1212,226,,,,,
NAIRNSHIRE,NAIRNSHIRE,2,1212,,,,,,,,1212,697
LYCOPERDON,LYCOPERDON,2,1211,,,1211,590,,,,,
EMPALMENT,EMPALMENT,2,1205,,,22,1205,,,,,
AIX_LA_CHAPELLE,AIX LA CHAPELLE,2,1204,,,978,1204,,,,,
MONGOLIA,MONGOLIA,2,1204,,,,,,,,426,1204
BUENAIRE,BUENAIRE,2,1203,,,,,,,,85,1203
ARCHON,ARCHON,2,1195,1778|1797|1810|1815|1823|1842,29,,,,,,,1195
KEMBLE,KEMBLE,2,1193,,,,,,,,1193,883
MACCABEES,MACCABEES,2,1192,1778|1797|1810|1815|1823|1842,236,,,,,,,1192
NEARCHUS,NEARCHUS,2,1189,,,,,,,,1189,660
ANTIGONUS_I,ANTIGONUS I.,2,1186,,,,,,,,1186,1137
LEECHES,LEECHES,2,1186,,,,,,,1186,198,
SHIRAZ,SHIRAZ,2,1186,,,,,,,,1186,400
NORD,NORD,2,1177,,,,,,,,1177,928
DUST,DUST,2,1176,,,,,,,,1176,39
SKIE,SKIE,2,1175,,31,1175,,,,,,
FORDUN,FORDUN,2,1174,,,,,,,,1174,1127
ABOULFEDA,ABOULFEDA,2,1165,,,,,,,1165,1108,
EROUAD,EROUAD,2,1162,,,,,,,,1162,121
LUCAS,LUCAS,2,1156,,,250,1156,,,,,
FUSELI,FUSELI,2,1148,,,,,,,,1148,1116
CLERK_OF_THE_ERRORS,CLERK OF THE ERRORS,2,1146,1778|1797|1810|1815|1823,1146,,,,,,1089,
LIPPSTADT,LIPPSTADT,2,1142,,,,,,,,100,1142
NIGHTWALKERS,NIGHT-WALKERS,2,1139,1810,,,1139,,217,,,
SAXEWEIMAREISENACH,SAXE-WEIMAR-EISENACH,2,1137,,,,,,,,701,1137
DUTENS,DUTENS,2,1134,1842,,,,,,1134,,1110
CORDAY_DARMANS,CORDAY D'ARMANS,2,1133,,,,,,,,1125,1133
ILLUSTRIUS,ILLUSTRIUS,2,1131,1815|1823,,,,139,,,1131,
FOLENGO,FOLENGO,2,1126,,,,,,,,1126,918
GAUZE,GAUZE,2,1126,1797|1810|1815|1823,,32,,,,,1126,
MAHRATTAS,MAHRATTAS,2,1125,,,,,,,,1125,1121
LELAND_JOHN,"LELAND, JOHN",2,1122,,,,,,,,1122,737
GLOWWORM,GLOW-WORM,2,1114,1797|1810|1815|1823|1842,,1114,,,,,,9
MONTBELLARD,MONTBELLARD,2,1112,1823|1842,,,,,44,,,1112
BENTINCK,BENTINCK,2,1109,,,,,,,,1109,799
ALMORAH,ALMORAH,2,1108,,,,,,,,1108,516
NEUDORF,NEUDORF,2,1108,,,,,,,,517,1108
GINSENG,GINSENG,2,1107,1778|1797|1810|1815|1823|1842,35,,,,,,,1107
PEYRERE,PEYRERE,2,1107,,,,1071,1107,,,,
GAUGING,GAUGING,2,1093,1810|1815|1823|1842,,,1093,,,,,619
RHODODENDRON,RHODODENDRON,2,1093,,,753,1093,,,,,
ARRACAN,ARRACAN,2,1088,,,,,,,,240,1088
GHILAN,GHILAN,2,1088,,,,,,,,1088,285
FLEURY,FLEURY,2,1085,1778|1797|1810|1815|1823|1842,10,,,,,,,1085
THOMAS,THOMAS,2,1084,1810|1815|1823|1842,,,1084,,,,,196
LUCKNOW,LUCKNOW,2,1082,,,,,,,,1082,945
DONGOLA,DONGOLA,2,1080,,,,,,,,128,1080
SALTSBURG,SALTSBURG,2,1079,,,872,1079,,,,,
SIMON_MAGUS,SIMON MAGUS,2,1077,,,,,,,1077,992,
CARLYLE,CARLYLE,2,1070,1842,,,,,,1070,,277
CASTRUCCIO,CASTRUCCIO,2,1068,1797,,1068,,987,,,,
BURCKHARDT,BURCKHARDT,2,1066,,,,,,,,1066,920
POMBAL,POMBAL,2,1063,,,,,,,,103,1063
WATER_WORKS,WATER WORKS,2,1062,,,,,1057,1062,,,
CALCEDONY,CALCEDONY,2,1060,,,,,,,,1060,766
THEOPHILUS,THEOPHILUS,2,1056,,,71,1056,,,,,
PALAMEDEA,PALAMEDEA,2,1052,1810|1815,,,861,,,1052,,
DYNANOMETER,DYNANOMETER,2,1050,1823,,,,,691,,1050,
DESAULT,DESAULT,2,1048,,,,,,,,1048,504
GARCINIA,GARCINIA,2,1038,1778,51,,1038,,,,,
WAKES,WAKES,2,1034,,,,,,,,1034,545
POSEN,POSEN,2,1033,,,,,,,,722,1033
MARIVAUX,MARIVAUX,2,1030,,,,,,,,1030,597
BERNE,BERNE,2,1026,,,,,,,,465,1026
NARSES,NARSES,2,1024,,,,,,,,506,1024
ARPINO,ARPINO,2,1019,,,,,,,,1019,177
CANNE,CANNE,2,1019,1797|1810|1815|1823,,1019,,,,,87,
LAW_WILLIAM,"LAW, WILLIAM",2,1019,,,,,,,,1019,324
HOLZMINDEN,HOLZMINDEN,2,1018,,,,,,,,96,1018
ORENBURG,ORENBURG,2,1015,,,,,,,,491,1015
CAMPHUISEN,CAMPHUISEN,2,1014,,,,,,1001,1014,,
BROCKLESBY,BROCKLESBY,2,1012,1842,,,,,,1012,,423
HOF,HOF,2,1011,,,,,,,,1011,68
MUSSELBURGH,MUSSELBURGH,2,1006,,,,,,,,1006,371
LUCIANUS,LUCIANUS,2,1004,,,,,,,,969,1004
TENASSERIM,TENASSERIM,2,1002,,,,,,,,100,1002
ARCON,ARCON,2,1001,,,,,,,1001,587,
MINERALOGICAL_SCIENCE,MINERALOGICAL SCIENCE,1,192950,,,,,,,,,192950
SCOTLANDSCOTLAND,"SCOTLAND

SCOTLAND",1,168757,,,,,,,168757,,
FARREY,FARREY,1,102636,,,,,,102636,,,
STEWART_DENHAM,STEWART DENHAM,1,102292,,,,102292,,,,,
ODONTOLOGY,ODONTOLOGY,1,95324,,,,,,,,,95324
PAK_PATTAN,PAK PATTAN,1,94879,,,,,,,,,94879
AAA,AAA,1,87086,,,,,,,87086,,
LIBRARIES,LIBRARIES,1,71740,,,,,,,,,71740
WM_FARQUHARSON,WM FARQUHARSON,1,67217,,,,,67217,,,,
NUMISMATICS,NUMISMATICS,1,67208,,,,,,,,,67208
REVOLUTION_OF_FRANCE,REVOLUTION OF FRANCE,1,65123,,,,65123,,,,,
IRON_MASK,IRON MASK,1,64928,,,,,,,,,64928
WHEN_THE,WHEN THE,1,64239,,,,64239,,,,,
NAVI_GATION,NAVI GATION,1,61413,,,,,,61413,,,
RUSSELL_WILLIAM,"RUSSELL, WILLIAM",1,60771,,,,,,,,,60771
AND_SECRETARY_OF_THE_ROYAL_SOCIETY_OF_EDINBURGH,AND SECRETARY OF THE ROYAL SOCIETY OF EDINBURGH,1,60093,,,,,,,60093,,
AMERIA,AMERIA,1,58885,,,,,,,,,58885
AGRICULTURAL_CHEMISTRY,AGRICULTURAL CHEMISTRY,1,58281,,,,,,,,,58281
DISSERTATIONS,DISSERTATIONS,1,51003,,,,,,,,51003,
GEOFFROY_SAINTHILAIRE,GEOFFROY SAINT-HILAIRE,1,50177,,,,,,,,,50177
THEORETICAL_ASTRONOMY,THEORETICAL ASTRONOMY,1,48201,,,,,,,,48201,
LEGISLATION,LEGISLATION,1,47845,,,,,,,,47845,
AEREOLOGY,AEREOLOGY,1,47549,,,,47549,,,,,
ATOMIC_THEORY,ATOMIC THEORY,1,45717,,,,,,,45717,,
DRAMATURGY,DRAMATURGY,1,45439,,,,,,,,45439,
PHYSCON_HAVING_BY_THIS,PHYSCON HAVING BY THIS,1,44938,,,,,,,,44938,
MECHAIN,MECHAIN,1,44831,,,,,,,,,44831
HOLKAR,HOLKAR,1,42169,,,,,,,,,42169
CHONDROPTERYGIANS,CHONDROPTERYGIANS,1,37974,,,,,,,,,37974
GENUS_IV,GENUS IV,1,37872,,,,37872,,,,,
SICILIES,SICILIES,1,37763,,,,,,,,,37763
CHEMICAL_COMBINATION,CHEMICAL COMBINATION,1,36045,,,,,,,,,36045
CORN_LAWS_AND_TRADE,CORN LAWS AND TRADE,1,35865,,,,,,,35865,,
FURTHER,FURTHER,1,34235,,,,,,,,,34235
RIEUM_PALMATUM,RIEUM PALMATUM,1,34167,,,,34167,,,,,
TELEMACUS,TELEMACUS,1,33288,,,,,,,,33288,
NEWTOWNSTEWART,NEWTOWN-STEWART,1,32455,,,,,,,,,32455
THOU_SEEST_FROM_WHAT_HEIGHT_FALLEN,THOU SEE'ST FROM WHAT HEIGHT FALLEN,1,31863,,,,,,,31863,,
PARTICULAR_ELOCUTION,PARTICULAR ELOCUTION,1,31581,,,,,31581,,,,
PRESCRIPTIONS,PRESCRIPTIONS,1,31471,,,,,,,31471,,
COINING,COINING,1,30942,,,,,,,30942,,
TICOS,TICOS,1,30738,,,,,,,,30738,
MINES,MINES,1,30670,,,,,,,,30670,
POL_DE_LEON,POL DE LEON,1,30419,,,,,,,,,30419
VESZPRIM,VESZPRIM,1,30169,,,,,,,,,30169
POLICE,POLICE,1,29594,,,,,,,,,29594
WATERWORKS,WATER-WORKS,1,29285,,,,,,,,29285,
PRESBYTERIANISM,PRESBYTERIANISM,1,28944,,,,,,,,,28944
PRISON_DISCIPLINE,PRISON DISCIPLINE,1,28932,,,,,,,,,28932
CHATEAUBRIAND,CHATEAUBRIAND,1,28866,,,,,,,,,28866
CLOCK_AND_WATCH_WORK,CLOCK AND WATCH WORK,1,28471,,,,,,,,,28471
PLATOS_WRITINGS_AND_PHILOSOPHY,PLATO'S WRITINGS AND PHILOSOPHY,1,28339,,,,,,,,,28339
POLARISATION_OF_LIGHT,POLARISATION OF LIGHT,1,27432,,,,,,,,27432,
KINGDOM_OF_LEON_AND_CASTILLE_UNITED,KINGDOM OF LEON AND CASTILLE UNITED,1,26322,,,,,,,,26322,
STONEMASONRY,STONE-MASONRY,1,26255,,,,,,,,,26255
MANUEL,MANUEL,1,26078,,,,,,,,,26078
SHAKSPEARE,SHAKSPEARE,1,26076,,,,,,,,26076,
TEMPERAMENT_OF_THE_SCALE_OF_MUSIC,TEMPERAMENT OF THE SCALE OF MUSIC,1,25924,,,,25924,,,,,
GUNDWANA,GUNDWANA,1,25840,,,,,,,,,25840
BEDWORTH,BEDWORTH,1,25549,,,,,,,,,25549
SCRIPT,SCRIPT,1,25145,,,,25145,,,,,
WATCHWORK,WATCHWORK,1,25081,,,,25081,,,,,
MENS_ENGINE,MEN'S ENGINE,1,23805,,,,,,23805,,,
TERTIARY_STRATA,TERTIARY STRATA,1,23557,,,,,,,,23557,
AMERICA_IS_BY_NO,AMERICA IS BY NO,1,22508,,,22508,,,,,,
HORROCKS,HORROCKS,1,21985,,,,,,,,,21985
REMARKS,REMARKS,1,21796,,,,,,,,21796,
HISTORY_OF_SCOTLAND,HISTORY OF SCOTLAND,1,21613,,,,,,,,21613,
PRISONS,PRISONS,1,21443,,,,,,,,21443,
TRUE_RHUBARB,TRUE RHUBARB,1,21428,,,21428,,,,,,
HENRY_VIII,HENRY VIII,1,20526,,,,,,20526,,,
KNIGHTS_AND_KNIGHTHOOD,KNIGHTS AND KNIGHTHOOD,1,20240,,,,,,,,,20240
PENDULUM_REGULATION,PENDULUM REGULATION,1,20162,,,,,,,,,20162
GAL_GALIANI,GAL GALIANI,1,20152,,,,,,,20152,,
MAHOMMED,MAHOMMED,1,19873,,,,,,,,19873,
MAGPY,MAGPY,1,19676,,19676,,,,,,,
CRANIOSCOPY,CRANIOSCOPY,1,19482,,,,,,,19482,,
NORTHWESTERN_PROVINCES,NORTH-WESTERN PROVINCES,1,19465,,,,,,,,,19465
ARISTOLUS,ARISTOLUS,1,19002,,19002,,,,,,,
INTRADOS,INTRADOS,1,18943,,,,18943,,,,,
GENUS_LVIII,GENUS LVIII,1,18571,,,,18571,,,,,
PHYSICAL_GEOGRAPHY_OF_EGYPT,PHYSICAL GEOGRAPHY OF EGYPT,1,18446,,,,,,,,18446,
TRUMPET_MARINE,TRUMPET MARINE,1,18291,,,,18291,,,,,
UNIVERSITY_OF_OXFORD,UNIVERSITY OF OXFORD,1,18289,,,,,,,,,18289
POTTERY_AND_PORCELAIN,POTTERY AND PORCELAIN,1,18288,,,,,,,,,18288
MORTALITY_HUMAN,"MORTALITY, HUMAN",1,18131,,,,,,,,18131,
WOOLLEN_AND_WORSTED_MANUFACTURES,WOOLLEN AND WORSTED MANUFACTURES,1,18079,,,,,,,,,18079
CENTRE,CENTRE,1,17911,,,,,,,,,17911
LIGATURES,LIGATURES,1,17515,,,,,,,,17515,
MENTAL_DISEASES,MENTAL DISEASES,1,17505,,,,,,,,,17505
METALLIZATION,METALLIZATION,1,17437,,,17437,,,,,,
CHILE,CHILE,1,16790,,,,,,,,,16790
NEWTY_FORT,NEWTY FORT,1,16731,,,,,,,,16731,
SHORTHAND_WRITING,SHORT-HAND WRITING,1,16369,,16369,,,,,,,
OTACOUSTIC_INSTRUMENT,OTACOUSTIC INSTRUMENT,1,16268,,,,,,,16268,,
MINGRELLA,MINGRELLA,1,15918,,,,,,15918,,,
METEORITE,METEORITE,1,15637,,,,,,,,15637,
GENUS_AMMODYTES,GENUS AMMODYTES,1,15611,,,,,,,,15611,
FLUENTS,FLUENTS,1,15544,,,,,,,15544,,
GENUS_TEREBELLA,GENUS TEREBELLA,1,15365,,,,,,,,,15365
WEASEL,WEASEL,1,15302,,,,15302,,,,,
POLYSPERMOUS,POLYSPERMOUS,1,15260,,,,,15260,,,,
PHOTOGRAPHY,PHOTOGRAPHY,1,15149,,,,,,,,,15149
FLUIDS,FLUIDS,1,14898,,,,,,,14898,,
DRAINAGE,DRAINAGE,1,14657,,,,,,,,,14657
JAUTS,JAUTS,1,14524,,,,,,,,,14524
EUXINUS_PONTUS,EUXINUS PONTUS,1,14510,,,,,,,,14510,
UNION_UNITED_PROVINCES,UNION UNITED PROVINCES,1,14467,,,14467,,,,,,
ALPARGATES,ALPARGATES,1,14267,,,,,,,,,14267
COTE_DOR,COTE D'OR,1,14040,,,,,,,,,14040
JOINTS,JOINTS,1,13947,,,,,,,,13947,
ENGRAVING_ON_COPPER,ENGRAVING ON COPPER,1,13742,,,,,,,13742,,
MYSOR,MYSOR,1,13676,,,,,,,13676,,
SIGNOR_FIDO,SIGNOR FIDO,1,13591,,,13591,,,,,,
HYPOTHESES_OF_VOLCANIC_ACTION,HYPOTHESES OF VOLCANIC ACTION,1,13389,,,,,,,,13389,
ALGIABARI,ALGIABARI,1,13385,,,,13385,,,,,
POLAR_SEAS,POLAR SEAS,1,13269,,,,,,,,13269,
HUSBAND_AND_WIFE,HUSBAND AND WIFE,1,13198,,,,,,,,,13198
POET,POET,1,13105,,,13105,,,,,,
MOHAMMEDANISM,MOHAMMEDANISM,1,13065,,,,,,,,,13065
BUDUKSHAUN,BUDUKSHAUN,1,13052,,,,,,,13052,,
MAGNESIA_ALBA,MAGNESIA ALBA,1,12908,,,12908,,,,,,
EUXINE,EUXINE,1,12758,,,,,,,,,12758
TEA_AND_TEATRADE,TEA AND TEA-TRADE,1,12554,,,,,,,,,12554
BLEA,BLEA,1,12460,,,12460,,,,,,
CATHERINE_PARR,CATHERINE PARR,1,12452,,,,,,12452,,,
WINE_AND_WINEMAKING,WINE AND WINE-MAKING,1,12368,,,,,,,,,12368
AUSTRIAN_ITALY,AUSTRIAN ITALY,1,12230,,,,,,,,12230,
GENERAL_TREATMENT_OF_HORSES,GENERAL TREATMENT OF HORSES,1,12228,,,,,,,,,12228
CHRISTIAN,CHRISTIAN,1,12219,,,,12219,,,,,
JEWS_HARP,JEWS HARP,1,12141,,,,,,,,,12141
WINEMAKING,WINE-MAKING,1,11842,,,,,,,,11842,
PERSISTED,PERSISTED,1,11729,,,,,,,11729,,
PRECEPTIVE_POETRY,PRECEPTIVE POETRY,1,11542,,,,11542,,,,,
PALIMPSESTS,PALIMPSESTS,1,11459,,,,,,,,,11459
PAPER_MILL,PAPER MILL,1,11446,,,,,,11446,,,
BENEFIT_SOCIETIES,BENEFIT SOCIETIES,1,11182,,,,,,,11182,,
FIRTREE,FIR-TREE,1,11010,,,11010,,,,,,
BANKS_FOR_SAVINGS,BANKS FOR SAVINGS,1,10944,,,,,,,10944,,
ENTLIBUGH,ENTLIBUGH,1,10786,,,,,,,,10786,
PUNISHMENTS,PUNISHMENTS,1,10548,,,,,,,,,10548
SPIGRAVITY,"SPI

GRAVITY",1,10536,,,,10536,,,,,
DYERS_WEED,DYER'S WEED,1,10388,,,,,10388,,,,
HYDRO,HYDRO,1,10270,,,,10270,,,,,
CALEDONIAN_CANAL,CALEDONIAN CANAL,1,10251,,,,,,,10251,,
AND_NUMEROUS_ENGRAVINGS,AND NUMEROUS ENGRAVINGS,1,10224,,,,,,,,,10224
GENUS_LIII,GENUS LIII,1,10210,,,,,,,10210,,
NAVAL_TACTICS,NAVAL TACTICS,1,10196,,,10196,,,,,,
DIVINGBELL,DIVING-BELL,1,10021,,,,,,,,,10021
SCUDERI,SCUDERI,1,10021,,,,,,,,,10021
GALVANISMPLATE_DLXXVIII,"GALVANISM

PLATE DLXXVIII",1,9998,,,,,,9998,,,
PUNGANOOR,PUNGANOOR,1,9939,,,,,,,,9939,
STEAM_ENGINE,STEAM ENGINE,1,9903,,,,,,9903,,,
WOOL_AND_WOOL_TRADE,WOOL AND WOOL TRADE,1,9867,,,,,,,,,9867
RELIGIOUS_MISSIONS,RELIGIOUS MISSIONS,1,9648,,,,,,,,9648,
BILLS_OF_MORTALITY,BILLS OF MORTALITY,1,9475,,,,,,,9475,,
SPHASUS,SPHASUS,1,9387,,,,,,,9387,,
MISSIONS,MISSIONS,1,9339,,,,,,,,,9339
TALIPAT,TALIPAT,1,9275,,,,,,,,,9275
EXPLANATION,EXPLANATION,1,9195,,,,,,,9195,,
DRYROT,DRY-ROT,1,8983,,,,,,,8983,,
GENUS_LXIV,GENUS LXIV,1,8951,,,,,,,8951,,
ROMAN_CATHOLICS,ROMAN CATHOLICS,1,8920,,,,,,,,8920,
SECEDEERS,SECEDEERS,1,8883,,,,,,,,8883,
BUCCANEER,BUCCANEER,1,8701,,,,8701,,,,,
BURMAH,BURMAH,1,8651,,,,,,,,,8651
GOTAMA_BUDDHA,GOTAMA BUDDHA,1,8550,,,,,,,,,8550
ARITHMETICK,ARITHMETICK,1,8527,,8527,,,,,,,
KAMCHATKA,KAMCHATKA,1,8523,,,8523,,,,,,
GLACIER,GLACIER,1,8506,,,,,,,,,8506
MEW,MEW,1,8426,,,,8426,,,,,
CHUCKIAH,CHUCKIAH,1,8387,,,,8387,,,,,
GUNMAKING,GUN-MAKING,1,8335,,,,,,,,8335,
FIRST_GREAT_SERIES_OF_THE_CLASS_OF_FISHES,FIRST GREAT SERIES OF THE CLASS OF FISHES,1,8300,,,,,,,,8300,
STREATHAM,STREATHAM,1,8253,,,,,,,,8253,
AEGINA,AEGINA,1,8251,,,,8251,,,,,
ETHIOPIAN_NATIONS,ETHIOPIAN NATIONS,1,8183,,,,,,,,8183,
GUNSMITH,GUN-SMITH,1,7996,,,,,,7996,,,
DIALIA,DIALIA,1,7918,,,,7918,,,,,
EXTEMPORANEOUS_PRESCRIPTIONS,EXTEMPORANEOUS PRESCRIPTIONS,1,7872,,,,,7872,,,,
ROADMAKING,ROAD-MAKING,1,7836,,,,,,,,,7836
ODOUR,ODOUR,1,7798,,,,7798,,,,,
MUSHED,MUSHED,1,7765,,,,,,,,7765,
ALTSTRELITZ,ALTSTRELITZ,1,7760,,,,,,,,,7760
BUTLER_JOSEPH,"BUTLER, JOSEPH",1,7700,,,,,,,,,7700
TCITCICAR_HOTUN,TCITCICAR HOTUN,1,7637,,,,,,,,7637,
STEREOSCOPE,STEREOSCOPE,1,7618,,,,,,,,,7618
WAGES,WAGES,1,7577,,,,,,,,,7577
JENNER,JENNER,1,7552,,,,,,,,,7552
ASSURANCE,ASSURANCE,1,7545,,,,,,,7545,,
CONSTRUCTION_AS_APPLIED_TO_CIVIC_STRUCTURES_GENERALLY,CONSTRUCTION AS APPLIED TO CIVIC STRUCTURES GENERALLY,1,7416,,,,,,,,,7416
MUNICIPAL_CORPORATION,MUNICIPAL CORPORATION,1,7376,,,,,,,,,7376
CRETA,CRETA,1,7323,,,,,,,7323,,
ST_DOMINGO,ST DOMINGO,1,7288,,,,,,,,7288,
CONRAD_GESNER,CONRAD GESNER,1,7285,,,,,,,,,7285
BOTANICAL_STRUCTURES,BOTANICAL STRUCTURES,1,7278,,,,,,,,7278,
ZEALAND_NEW,"ZEALAND, NEW",1,7273,,,,,,,,7273,
LALANDE,LALANDE,1,7261,,,,,,,,,7261
CHLOROFORM,CHLOROFORM,1,7190,,,,,,,,,7190
MEASURES,MEASURES,1,7181,,,,7181,,,,,
SCHILLER,SCHILLER,1,7175,,,,,,,,,7175
MINING,MINING,1,7171,,,,,,,,7171,
PLAYFAIR_JOHN,"PLAYFAIR, JOHN",1,7149,,,,,,,,7149,
VOITURE,VOITURE,1,7141,,,,,,,,,7141
MOTAPA,MOTAPA,1,7130,,,,,,,,7130,
PALIMPSEST,PALIMPSEST,1,7120,,,,,,,,7120,
PLAYFAIR,PLAYFAIR,1,7081,,,,,,,,,7081
SINDE,SINDE,1,7052,,,,,,,,7052,
PLEASING,PLEASING,1,7050,,,,,,7050,,,
THE_ORNITHOLOGICAL_SYSTEM_OF_M,THE ORNITHOLOGICAL SYSTEM OF M,1,7049,,,,,,,,7049,
NOVA_SCOTIA,NOVA SCOTIA,1,6952,,,,,,,,6952,
VARIATION_OF_CURVATURE,VARIATION OF CURVATURE,1,6904,,,,6904,,,,,
HOWARD_HENRY,"HOWARD, HENRY",1,6870,,,,,,,,,6870
PITTS,PITTS,1,6850,,,,,,,,,6850
FIELDOFFICERS,FIELD-OFFICERS,1,6824,,,,,,,,,6824
TURNER,TURNER,1,6788,,,,,,,,,6788
PETRARCA,PETRARCA,1,6787,,,,,,,,,6787
CHALMERS_GEORGE,"CHALMERS, GEORGE",1,6779,,,,,,,,,6779
HOUGHTON_LE_SPRING,HOUGHTON LE SPRING,1,6768,,,,,,,,6768,
CHRISTIAN_RELIGION,CHRISTIAN RELIGION,1,6761,,,6761,,,,,,
ARCTUS,ARCTUS,1,6744,,,,6744,,,,,
CAVENDISH_HENRY,"CAVENDISH, HENRY",1,6713,,,,,,,,6713,
ALPHONSO,ALPHONSO,1,6647,,,,,,,,,6647
VAN_DIEMENS_LAND,VAN DIEMEN'S LAND,1,6636,,,,,,,,6636,
PRESCOTT,PRESCOTT,1,6609,,,,,,,,,6609
MANIANA,MANIANA,1,6581,,,,6581,,,,,
HAYTI,HAYTI,1,6541,,,,,,,,,6541
TUNNEL,TUNNEL,1,6539,,,,,,,,6539,
YUCATAN,YUCATAN,1,6511,,,,,,,,6511,
SHERIDAN_RICHARD_BRINSLEY,"SHERIDAN, RICHARD BRINSLEY",1,6481,,,,,,,,6481,
URCEOLA,URCEOLA,1,6414,,,,6414,,,,,
VENOSA,VENOSA,1,6369,,,,,,,,,6369
SUWOROW,SUWOROW,1,6295,,,,6295,,,,,
CRIME_AND_PUNISHMENT,CRIME AND PUNISHMENT,1,6277,,,,6277,,,,,
NEWCASTLEUNDERLINE,NEWCASTLE-UNDER-LINE,1,6277,,,,,,,,6277,
PERSONIFICATION,PERSONIFICATION,1,6257,,,,,,,,,6257
JURY_TRIAL,JURY TRIAL,1,6070,,,,,,,,,6070
PAN_THEISM,PAN THEISM,1,5999,,,,,,,,,5999
DIPLEIDOSCOPE,DIPLEIDOSCOPE,1,5965,,,,,,,,,5965
TZULIM,TZULIM,1,5922,,,,,,,,5922,
PHILOSOPHIST,PHILOSOPHIST,1,5882,,,,5882,,,,,
OVERTON,OVERTON,1,5854,,,,,,,,,5854
RIO_GRANDE_DO_NORTE,RIO GRANDE DO NORTE,1,5850,,,,,,,,5850,
HIMALAYA_MOUNTAINS,HIMALAYA MOUNTAINS,1,5840,,,,,,,,,5840
BELL_ROCK_LIGHTHOUSE,BELL ROCK LIGHT-HOUSE,1,5779,,,,,,,5779,,
FEUDAL_LAW,FEUDAL LAW,1,5762,,,,,,,,,5762
ARAUCANIA,ARAUCANIA,1,5706,,,,,,,5706,,
OKEN,OKEN,1,5700,,,,,,,,,5700
WEIGHING_MACHINES,WEIGHING MACHINES,1,5690,,,,,,,,5690,
CRAYFISH,CRAY-FISH,1,5676,,,5676,,,,,,
RAMPHASTOS,RAMPHASTOS,1,5670,,,5670,,,,,,
ALPHONSO_IV,ALPHONSO IV,1,5650,,,,,,,5650,,
CUSTOM_AND_HABIT,CUSTOM AND HABIT,1,5621,,,,,,,,5621,
HELLEBORE,HELLEBORE,1,5603,,,,,,,,,5603
NARES,NARES,1,5599,,,,5599,,,,,
CORONATION_ISLAND,CORONATION ISLAND,1,5580,,,,,,,5580,,
GOTHIC_LANGUAGE,GOTHIC LANGUAGE,1,5533,,,,,,,,,5533
DICITION,DICITION,1,5523,,5523,,,,,,,
TRADE_MUSEUMS_AND_TRADE_SCHOOLS,TRADE MUSEUMS AND TRADE SCHOOLS,1,5519,,,,,,,,,5519
CONSTRUCTION_OF_CANALS,CONSTRUCTION OF CANALS,1,5509,,,,,,,,5509,
SYSTEM_OF_MULLER,SYSTEM OF MULLER,1,5509,,,,,5509,,,,
ENCAINTHIS,ENCAINTHIS,1,5479,,,,5479,,,,,
HIMALEH,HIMALEH,1,5442,,,,,,,5442,,
JEFFREY,JEFFREY,1,5404,,,,,,,,,5404
JEDO,JEDO,1,5394,,,,,,,,5394,
NEWCASTLEUNDERLYME,NEWCASTLE-UNDER-LYME,1,5371,,,,,,,,,5371
DUNBLANE,DUNBLANE,1,5363,,,,,,,,,5363
SULPHAS_CUPRI,SULPHAS CUPRI,1,5348,,,,,,,5348,,
GREEK_CHURCH,GREEK CHURCH,1,5345,,,,,,,,,5345
THERMOMETERS_PLATE_DXXXIII,THERMOMETERS PLATE DXXXIII,1,5330,,,,,,5330,,,
MORMONISM,MORMONISM,1,5305,,,,,,,,,5305
VIADUCT,VIADUCT,1,5167,,,,,,,,5167,
LENSES,LENSES,1,5161,,,,5161,,,,,
PICUMNUS,PICUMNUS,1,5138,,,,5138,,,,,
HOGG,HOGG,1,5137,,,,,,,,,5137
IMMEDIATELY,IMMEDIATELY,1,5090,,,,,,,5090,,
ADZEL,ADZEL,1,5078,,5078,,,,,,,
LIPSIAUS,LIPSIAUS,1,5077,,,,,,,,5077,
CATHERDRAL,CATHERDRAL,1,5061,,,,,,,,,5061
GRAMMATICAL_ABSTRACT,GRAMMATICAL ABSTRACT,1,5056,,,,,,,,,5056
PETRIFACTION,PETRIFACTION,1,4974,,,,,,4974,,,
BANKRUPTCY,BANKRUPTCY,1,4948,,,,,,,,,4948
EXALTATION_OF_THE_CROSS,EXALTATION OF THE CROSS,1,4908,,,,,,,,,4908
SUI_SUICIDE,SUI SUICIDE,1,4808,,,,,,4808,,,
PP,PP,1,4792,,,,4792,,,,,
EPHAULE,EPHAULE,1,4776,,,,4776,,,,,
SWALLOW,SWALLOW,1,4773,,,,4773,,,,,
MONTE_MAGGIORE,MONTE MAGGIORE,1,4753,,,,,,,,4753,
BLOCKMACHINERY,BLOCK-MACHINERY,1,4746,,,,,,,4746,,
OPTIC_INEQUALITY,OPTIC INEQUALITY,1,4681,,,,4681,,,,,
MOBILIER,MOBILIER,1,4679,,,,,,,,,4679
THERMOMETRIC_SPECTRUM,THERMOMETRIC SPECTRUM,1,4608,,,,4608,,,,,
SHELLEY,SHELLEY,1,4591,,,,,,,,,4591
DON_MARTIN_DE_MAYORGA,DON MARTIN DE MAYORGA,1,4532,,,,4532,,,,,
FIG,FIG,1,4527,,,,,,,,4527,
SECEDES,SECEDES,1,4523,,,,,,,4523,,
SECEDEES,SECEDEES,1,4520,,,,,,4520,,,
LINNEUS,LINNEUS,1,4518,,,,,,,,,4518
OREGON_TERRITORY,OREGON TERRITORY,1,4495,,,,,,,,4495,
ADDERBOLTS,ADDER-BOLTS,1,4485,,,,,,,4485,,
MOS,MOS,1,4482,,,,,,,,4482,
RESEMBLANCE,RESEMBLANCE,1,4466,,,,4466,,,,,
MYTENS,MYTENS,1,4457,,,,4457,,,,,
TASMANIA,TASMANIA,1,4455,,,,,,,,,4455
BREWERY,BREWERY,1,4450,,,,,,,4450,,
PRINTINGMACHINES,PRINTING-MACHINES,1,4407,,,,,,,,,4407
RABEBENER,RABEBENER,1,4404,,,,,,,,,4404
CLOCKWORK,CLOCK-WORK,1,4395,,,,,,4395,,,
SPINNING_MACHINE,SPINNING MACHINE,1,4392,,,,4392,,,,,
AEMI,AEMI,1,4388,,,,,,,4388,,
ANDERSON_JAMES,"ANDERSON, JAMES",1,4370,,,,,,,,4370,
JOHNSTONE,JOHNSTONE,1,4317,,,,,,,,,4317
SILKWORM,SILK-WORM,1,4296,,,,,,,,4296,
VENTILATION,VENTILATION,1,4292,,,,,,,,4292,
PHEREYDES,PHEREYDES,1,4280,,,,,4280,,,,
VERDE,VERDE,1,4268,,,,,,,,,4268
BAHRDT,BAHRDT,1,4255,,,,4255,,,,,
URBINO_AND_PESARO,URBINO AND PESARO,1,4238,,,,,,,,4238,
PESHAWUR,PESHAWUR,1,4230,,,,,,,,,4230
ESSAYS,ESSAYS,1,4199,,,4199,,,,,,
PARENT_AND_CHILD,PARENT AND CHILD,1,4149,,,,,,,,,4149
ANTONINUS_PIUS,ANTONINUS PIUS,1,4146,,,,,4146,,,,
GRANDEUR_AND_SUBLIMITY,GRANDEUR AND SUBLIMITY,1,4128,,,,,,,,4128,
CHRYSAULIS,CHRYSAULIS,1,4096,,,,,4096,,,,
TYPOGRAPHY,TYPOGRAPHY,1,4078,,,,4078,,,,,
WURDA,WURDA,1,4067,,,,,,,,4067,
SINDH,SINDH,1,4055,,,,,,,,,4055
PRECESSION,PRECESSION,1,4049,,,,4049,,,,,
SCOWRING_OF_STUFFS,SCOWRING OF STUFFS,1,4035,,,,4035,,,,,
MONACHISM,MONACHISM,1,4029,,,,,,,,,4029
TIBERIUS,TIBERIUS,1,4029,,,,,,,,,4029
SHAKE,SHAKE,1,4004,,,,4004,,,,,
MULL_ISLAND,MULL ISLAND,1,3974,,,,,,,,,3974
MINERAL_WATERS,MINERAL WATERS,1,3951,,,,,,,,,3951
HOCHE,HOCHE,1,3931,,,,,,3931,,,
ROGERS,ROGERS,1,3928,,,,,,,,,3928
PARRY,PARRY,1,3906,,,,,,,,,3906
NOBILITY_IN_GENERAL,NOBILITY IN GENERAL,1,3897,,,,3897,,,,,
PERTHSHIRE,PERTHSHIRE,1,3884,,,,,,,,3884,
MEDICAL_POLICE,MEDICAL POLICE,1,3874,,,,,,,3874,,
WYATT,WYATT,1,3858,,,,,,,,,3858
CAMILUS,CAMILUS,1,3857,,,,,,3857,,,
HEGEL,HEGEL,1,3857,,,,,,,,,3857
JESUITICS,JESUITICS,1,3853,,,,,3853,,,,
ROSS_AND_CROMARTY,ROSS AND CROMARTY,1,3841,,,,,,,,,3841
CATALOGUES_OF_BOOKS,CATALOGUES OF BOOKS,1,3828,,,,3828,,,,,
BEZOUT,BEZOUT,1,3811,,,,3811,,,,,
HAD_HADDINGTONSHIRE,HAD HADDINGTONSHIRE,1,3799,,,,,,,3799,,
TZETZES,TZETZES,1,3761,,,,,,,,,3761
HARBOURS,HARBOURS,1,3760,,,,,,,,,3760
KIRKCALDY,KIRKCALDY,1,3718,,,,,,,,,3718
FRANKLIN_BENJAMIN,"FRANKLIN, BENJAMIN",1,3717,,,,,,,,3717,
COLERIDGE,COLERIDGE,1,3714,,,,,,,,,3714
GNOSTICISM,GNOSTICISM,1,3677,,,,,,,,,3677
CHAUCEER,CHAUCEER,1,3663,,,,,,,,,3663
KINATOOR,KINATOOR,1,3662,,,,,,,,3662,
NAYACOTT,NAYACOTT,1,3649,,,,,,,,3649,
BAGHDAD,BAGHDAD,1,3608,,,,,,,,,3608
DIFFERENTIAL_CALCULUS,DIFFERENTIAL CALCULUS,1,3608,,,,,,,3608,,
DADUR,DADUR,1,3607,,,,,,,,,3607
UNIVERSITY_OF_GLASGOW,UNIVERSITY OF GLASGOW,1,3566,,,,,,,,,3566
TSCHIRNHAUS,TSCHIRNHAUS,1,3560,,,,3560,,,,,
PRINTING_IN_COLOURS,PRINTING IN COLOURS,1,3550,,,,,,,,,3550
CATHERDRA,CATHERDRA,1,3539,,,,3539,,,,,
NEW_BRUNSWICK,NEW BRUNSWICK,1,3538,,,,,,,,,3538
SOUTHEY,SOUTHEY,1,3532,,,,,,,,,3532
JEFFERSON,JEFFERSON,1,3522,,,,,,,,,3522
WORDSWORTH,WORDSWORTH,1,3512,,,,,,,,,3512
OXYMURIATIC_ACID,OXY-MURIATIC ACID,1,3511,,,,3511,,,,,
REUCHLIN,REUCHLIN,1,3508,,,,,,,,,3508
PERKINISM,PERKINISM,1,3497,,,,3497,,,,,
BREYNIAS,BREYNIAS,1,3494,,,,,3494,,,,
NATURAL_NOTE,NATURAL NOTE,1,3491,,,,,,,,3491,
GOLDBEATING,GOLDBEATING,1,3490,,,,,,,,,3490
WISTON,WISTON,1,3485,,3485,,,,,,,
LADAK,LADAK,1,3464,,,,,,,,,3464
BOOBY,BOOBY,1,3453,,,,,3453,,,,
HISTORY_OF_ANCIENT_EGYPT,HISTORY OF ANCIENT EGYPT,1,3439,,,,,,,,3439,
ADULLAM,ADULLAM,1,3437,,,,,,,,,3437
CATALOGUE_OF_THE_STARS,CATALOGUE OF THE STARS,1,3430,,,,,3430,,,,
MAGNETICAL_NEEDLE,MAGNETICAL NEEDLE,1,3430,,,,,,3430,,,
MUSI_C,MUSI C,1,3424,,,,,3424,,,,
ANTONIDES_VANDER_GOES,ANTONIDES VANDER GOES,1,3418,,,,,,3418,,,
SELLATURCICA,SELLATURCICA,1,3417,,,,3417,,,,,
DEMERARA,DEMERARA,1,3397,,,,,,,,3397,
SALOP,SALOP,1,3390,,,,,,,,3390,
SHEBEARE,SHEBEARE,1,3380,,,,3380,,,,,
WARING,WARING,1,3380,,,,3380,,,,,
TOCQUEVILLE,TOCQUEVILLE,1,3377,,,,,,,,,3377
GENUS_LV,GENUS LV,1,3366,,,,3366,,,,,
MELON,MELON,1,3364,,,,3364,,,,,
WESTMORLAND,WESTMORLAND,1,3358,,,,,,,,,3358
MONGEARTS,MONGEARTS,1,3342,,,,3342,,,,,
MNEMONICS,MNEMONICS,1,3338,,,,,,,,,3338
SOCIETIES_FOR_ENCOURAGING_AND_PROMOTING_ARTS,SOCIETIES FOR ENCOURAGING AND PROMOTING ARTS,1,3332,,,,,,3332,,,
THOMSON_JAMES,"THOMSON, JAMES",1,3307,,,,,,,,,3307
ENAMELLING_OF_VESSELS_FOR_THE_KITCHEN,ENAMELLING OF VESSELS FOR THE KITCHEN,1,3306,,,,3306,,,,,
ANTEDELUVIANS,ANTEDELUVIANS,1,3292,,,,3292,,,,,
ALOE_DICHOTOMA,ALOE DICHOTOMA,1,3287,,,,3287,,,,,
BOCCACCIO,BOCCACCIO,1,3272,,,,,,,,,3272
TEMPLEMAN,TEMPLEMAN,1,3256,,,,3256,,,,,
PEREZ,PEREZ,1,3255,,,,,,,,,3255
FEDERAL,FEDERAL,1,3236,,,,,,,,,3236
JONSON,JONSON,1,3226,,,,,,,,,3226
LEVEL_OF_MR_HUYGENSS_INVENTION,LEVEL OF MR HUYGENS'S INVENTION,1,3203,,,,,,,3203,,
GREY_GREY,GREY GREY,1,3186,,,,,,,,,3186
CUJAS_CUJAS,CUJAS CUJAS,1,3166,,,,,,,,,3166
MALPHAGHINO,MALPHAGHINO,1,3148,,,,3148,,,,,
STEPHENSON,STEPHENSON,1,3141,,,,,,,,,3141
ALUMINE,ALUMINE,1,3133,,,,3133,,,,,
ABERDEEN_NEW,"ABERDEEN, NEW",1,3130,,,,,,,,,3130
LAMBERT_JOHN_HENRY,"LAMBERT, JOHN HENRY",1,3118,,,,,,,,3118,
CANOVA_ANTONIO,"CANOVA, ANTONIO",1,3116,,,,,,,,3116,
CONIC_CONIC_SECTIONS,CONIC CONIC SECTIONS,1,3112,,,,,,,3112,,
DIDAPPER,DIDAPPER,1,3103,,,,3103,,,,,
VARDOOSETTAH,VARDOOSETTAH,1,3097,,,,,,,,3097,
SHIPSHAPES,SHIP-SHAPES,1,3091,,,,3091,,,,,
YARRELL,YARRELL,1,3088,,,,,,,,,3088
MOLFETTA,MOLFETTA,1,3085,,,,,,,,3085,
WARMING,WARMING,1,3048,,,,,,,,3048,
PHILIP_II,PHILIP II.,1,3047,,,,,,,,3047,
SCORESBY,SCORESBY,1,3038,,,,,,,,,3038
FRANCAIS,FRANCAIS,1,3020,,,,3020,,,,,
PINGUIN,PINGUIN,1,3006,,,,3006,,,,,
WATSON_RICHARD,"WATSON, RICHARD",1,2984,,,,,,,,2984,
FRESNEL,FRESNEL,1,2963,,,,,,,,,2963
TAIOUAN,TAI-OUAN,1,2961,,,,,,,2961,,
OEHLENSCHLAGER,OEHLENSCHLAGER,1,2960,,,,,,,,,2960
TORONTO,TORONTO,1,2954,,,,,,,,,2954
SAINTARNAUD,SAINT-ARNAUD,1,2940,,,,,,,,,2940
ROXBURGHSHIRE_IS_BY_NO,ROXBURGHSHIRE IS BY NO,1,2939,,,,,,,,2939,
MICHEL_ANGELO_BUONARROTI,MICHEL ANGELO BUONARROTI,1,2932,,,,,,,,,2932
NETDAY,NET-DAY,1,2926,,,,2926,,,,,
RACHITIS,RACHITIS,1,2903,,,,2903,,,,,
IDUMEA,IDUMEA,1,2901,,,,,,,,,2901
MILLENNIUM,MILLENNIUM,1,2891,,,,,,2891,,,
MYTULUS,MYTULUS,1,2889,,,2889,,,,,,
SCIPIO_AFRICANUS_MAJOR,SCIPIO AFRICANUS MAJOR,1,2880,,,,,,,,,2880
EDWARDS_JONATHAN,"EDWARDS, JONATHAN",1,2870,,,,,,,,2870,
HOUGHTON,HOUGHTON,1,2856,,,,2856,,,,,
PAINTINGS,PAINTINGS,1,2856,,,,2856,,,,,
TRINCOMALIE,TRINCOMALIE,1,2831,,,,,,,,,2831
DESALUFT,DESALUFT,1,2823,,,,2823,,,,,
PHILENI,PHILENI,1,2804,,,,,2804,,,,
USTING,USTING,1,2796,,,,,,,,,2796
SPECTRE_OF_THE_BROKEN,SPECTRE OF THE BROKEN,1,2789,,,,2789,,,,,
ANTONINUS_PHILOSOHPUS,ANTONINUS PHILOSOHPUS,1,2783,,,2783,,,,,,
KINGS_COUNTY,KING'S COUNTY,1,2782,,,,,,,,,2782
MELBOURNE,MELBOURNE,1,2781,,,,,,,,,2781
MEZZOFANTI,MEZZOFANTI,1,2768,,,,,,,,,2768
CALICOPRINTING,CALICO-PRINTING,1,2758,,,,,,,2758,,
SANDERSRED,SANDERS-RED,1,2746,,,,2746,,,,,
AERZEN,AERZEN,1,2731,,,,,,,,2731,
MURILLO,MURILLO,1,2727,,,,,,,,,2727
ECUADOR,ECUADOR,1,2725,,,,,,,,,2725
BACHMUT,BACHMUT,1,2723,,,,,,,,2723,
COPERNICUS_NICOLAUS,"COPERNICUS, NICOLAUS",1,2723,,,,,,,,2723,
PARKINSON,PARKINSON,1,2697,,,,2697,,,,,
FATHERS,FATHERS,1,2682,,,,,,,,,2682
COLUMBA_NOACHI,COLUMBA NOACHI,1,2681,,,,2681,,,,,
BORN,BORN,1,2677,,,,,,,,2677,
KIRCUDBRIGHT,KIRCUDBRIGHT,1,2670,,,,,,,,2670,
MICHEL_ANGELO_BUONAROTTI,MICHEL ANGELO BUONAROTTI,1,2645,,,,,,,,2645,
TELFORD,TELFORD,1,2643,,,,,,,,2643,
ROBESPIERRE,ROBESPIERRE,1,2641,,,,,,,,,2641
KAFFRARIA,KAFFRARIA,1,2637,,,,,,,,2637,
PSALMS,PSALMS,1,2637,,,,,,,,,2637
MONTE_VIDEO,MONTE VIDEO,1,2635,,,,,,,,2635,
ANTONINUS,ANTONINUS,1,2633,,,,,,,,,2633
CHURCHILL_JOHN,"CHURCHILL, JOHN",1,2630,,,,,,,,2630,
BARBADDOES,BARBADDOES,1,2622,,,,2622,,,,,
FABRIZIO,FABRIZIO,1,2621,,,,,,,,,2621
VALCKENEAER,VALCKENEAER,1,2611,,,,,,,,2611,
BOOKSELLING,BOOKSELLING,1,2602,,,,,,,,,2602
BACKGAMMON,BACKGAMMON,1,2600,,,,,,,,,2600
PHOCYLIDES,PHOCYLIDES,1,2590,,,,,,,,2590,
ELEPHANTA_ISLE,ELEPHANTA ISLE,1,2582,,,,,,,,,2582
HANSEATIC_LEAGUE,HANSEATIC LEAGUE,1,2579,,,,,,,,,2579
LAUTERBACH,LAUTERBACH,1,2577,,,,,,,,2577,
KEATS,KEATS,1,2568,,,,,,,,,2568
STEAM_KITCHEN,STEAM KITCHEN,1,2554,,,,,,2554,,,
CAPPADOCIA_AD_TAURUM,CAPPADOCIA AD TAURUM,1,2537,,,,,,,,,2537
NAUVOO,NAUVOO,1,2532,,,,,,,,,2532
VILNA,VILNA,1,2526,,,,,,,,,2526
PHILAEI,PHILAEI,1,2512,,,,,,2512,,,
DUMFRIESSHIRE,DUMFRIESSHIRE,1,2509,,,,,,,,,2509
ALLAN_DAVID,"ALLAN, DAVID",1,2508,,,,,,,,,2508
BATFOWLING,BAT-FOWLING,1,2503,,2503,,,,,,,
ASYMPTOTES,ASYMPTOTES,1,2497,,,,2497,,,,,
JERVIS,JERVIS,1,2463,,,,,,,,,2463
BLAINVILLE,BLAINVILLE,1,2460,,,,,,,,,2460
GNAT,GNAT,1,2454,,,2454,,,,,,
NOLLEKEN,NOLLEKEN,1,2443,,,,,,,,2443,
MEKKA,MEKKA,1,2438,,,,,,,,2438,
STOVE,STOVE,1,2437,,,,,,2437,,,
FASHION,FASHION,1,2433,,,,,,,,,2433
FINE_ALSO,FINE ALSO,1,2421,,,,,,,,,2421
LANZI,LANZI,1,2419,,,,,,,,,2419
POTTERY_AND_STONEWARE,POTTERY AND STONE-WARE,1,2418,,,,,,,,2418,
FISHING_FLIES,FISHING FLIES,1,2414,,,,,,2414,,,
ARGYRESHIRE,ARGYRESHIRE,1,2405,,,,,,,2405,,
HOPITAL,HOPITAL,1,2403,,,,,,,,,2403
PARSNEP,PARSNEP,1,2403,,,,,,2403,,,
HENAUTT,HENAUTT,1,2392,,,,,2392,,,,
TAMASCAL,TAMASCAL,1,2392,,,,2392,,,,,
KIRMAN,KIRMAN,1,2375,,,,,,,,2375,
AMPHICTYONY,AMPHICTYONY,1,2373,,,,,,,,,2373
TASSIE,TASSIE,1,2369,,,,,,,,,2369
ZETLAND,ZETLAND,1,2369,,,,,,,,2369,
YOUGHAL,YOUGHAL,1,2367,,,,,,,,,2367
GALIANI_FERDINAND,"GALIANI, FERDINAND",1,2361,,,,,,,,2361,
STEELYARD,STEELYARD,1,2357,,,,,,2357,,,
POTATOE,POTATOE,1,2355,,,2355,,,,,,
SACY,SACY,1,2351,,,,,,,,,2351
KAJAAGA,KAJAAGA,1,2317,,,,2317,,,,,
CHARLES_XII,CHARLES XII,1,2310,,,,2310,,,,,
MARITIMO,MARITIMO,1,2309,,,,,,,,2309,
SCHLEIERMACHER,SCHLEIERMACHER,1,2309,,,,,,,,,2309
FICUS_FICUS,FICUS FICUS,1,2276,,,,2276,,,,,
OUDEYPOOR,OUDEYPOOR,1,2267,,,,,,,,2267,
BUNDELKUND,BUNDELKUND,1,2264,,,,,,,,,2264
VAN_DYCK,VAN DYCK,1,2258,,,,,,,,,2258
PIURA,PIURA,1,2257,,,,,,,,,2257
INDIAN_CORN,INDIAN CORN,1,2255,,,,,2255,,,,
MURANO,MURANO,1,2244,,,,,,,,2244,
STENDAL,STENDAL,1,2242,,,,,,,,,2242
OCONNELL,O'CONNELL,1,2241,,,,,,,,,2241
QUINTILIAN,QUINTILIAN,1,2239,,,,,,,,2239,
BRICKMAKING,BRICK-MAKING,1,2232,,,,,,,,2232,
TIPRA,TIPRA,1,2232,,,,2232,,,,,
BRETONS,BRETONS,1,2230,,,,,2230,,,,
JONES_SIR_WILLIAM,"JONES, SIR WILLIAM",1,2229,,,,,,,,,2229
GARCIASLASO,GARCIAS-LASO,1,2228,,,,,,,,2228,
MINDERERUSS_SPIRIT,MINDERERUS'S SPIRIT,1,2220,,,,,,2220,,,
NEW_ENGLAND,NEW ENGLAND,1,2218,,,,,,,,2218,
ORIBASIVS,ORIBASIVS,1,2211,,,,,,,,,2211
MARSEILLE,MARSEILLE,1,2206,,,,,,,,,2206
JULIANUS,JULIANUS,1,2205,,,,,,,,,2205
FILICAJA,FILICAJA,1,2198,,,,,,,,,2198
ETTY,ETTY,1,2193,,,,,,,,,2193
JANUS_AND_JANA,JANUS AND JANA,1,2193,,,,,,,,,2193
WOODENGRAVING,WOOD-ENGRAVING,1,2192,,,,,,,,,2192
BUDEUS,BUDEUS,1,2177,,,,,,,,2177,
IOWA,IOWA,1,2173,,,,,,,,,2173
NEW_IRELAND,NEW IRELAND,1,2171,,,,,,,,,2171
DARWAR,DARWAR,1,2169,,,,,,,,2169,
COMMISSION_OF_BANKRUPTCY,COMMISSION OF BANKRUPTCY,1,2165,,,,,2165,,,,
FILANGIERI,FILANGIERI,1,2153,,,,,,,2153,,
PARANA,PARANA,1,2153,,,,,,,,2153,
PORTOSEGURU,PORTO-SEGURU,1,2139,,,,,,,,2139,
QUICKSILVER,QUICKSILVER,1,2134,,,,,2134,,,,
SELFDEFENCE,SELF-DEFENCE,1,2129,,,,,,,,2129,
FUNDAMENTAL_BASS,FUNDAMENTAL BASS,1,2124,,,,,2124,,,,
JEBB,JEBB,1,2113,,,,2113,,,,,
BALLOT,BALLOT,1,2108,,,,,,,,,2108
CHANNING,CHANNING,1,2103,,,,,,,,,2103
QUINTILIANUS,QUINTILIANUS,1,2100,,,,,,,,,2100
MURAENA,MURAENA,1,2094,,,,2094,,,,,
MONTI,MONTI,1,2093,,,,,,,,2093,
BECCARIA_GIAMBATTISTA,"BECCARIA, GIAMBATTISTA",1,2092,,,,,,,,2092,
MAINTENON_MADAME_DE,"MAINTENON, MADAME DE",1,2089,,,,,,,,,2089
HAWLBOWLINE,HAWLBOWLINE,1,2074,,,,,,,,,2074
NEANDER,NEANDER,1,2062,,,,,,,,,2062
THESE_ARE_THE,THESE ARE THE,1,2062,,,2062,,,,,,
GROTTA,GROTTA,1,2059,,,,,2059,,,,
HERDER,HERDER,1,2057,,,,,,,,,2057
TEXAS,TEXAS,1,2055,,,,,,,,,2055
FEATHERS,FEATHERS,1,2051,,,,,,,,,2051
AJMEER,AJMEER,1,2048,,,,,,,,2048,
IXIGO_DE_RECALDE_LOTOLA,IXIGO DE RECALDE LOTOLA,1,2042,,,,,,,,,2042
THORWALDSEN,THORWALDSEN,1,2032,,,,,,,,,2032
OMAR,OMAR,1,2021,,,,2021,,,,,
IVAHAI,IVAHAI,1,2020,,,,,,,,2020,
INNOCENT,INNOCENT,1,2019,,,,,,,,,2019
BUDDHA,BUDDHA,1,2004,,,,,,,,,2004
BORROMEOUS,BORROMEOUS,1,1994,,,,,,,,1994,
MUTIS,MUTIS,1,1994,,,,,,,,1994,
BRIDLEY,BRIDLEY,1,1991,,,,1991,,,,,
OREGON,OREGON,1,1990,,,,,,,,,1990
OSCULATION,OSCULATION,1,1985,,,,1985,,,,,
NOOTKA_SOUND,NOOTKA SOUND,1,1980,,,,,,1980,,,
NOOTKASOUND,NOOTKA-SOUND,1,1980,,,,1980,,,,,
BERWICKSHIRE,BERWICKSHIRE,1,1978,,,,,,,1978,,
TRACY,TRACY,1,1976,,,,,,,,,1976
DAHALAC,DAHALAC,1,1973,,,,1973,,,,,
OATHS,OATHS,1,1968,,,,,,,,,1968
AESCHYLUS,AESCHYLUS,1,1955,,,,,,1955,,,
BERZELIUS,BERZELIUS,1,1952,,,,,,,,,1952
LEDYARD,LEDYARD,1,1949,,,,1949,,,,,
PERITONITIS,PERITONITIS,1,1948,,,,,,,,1948,
SIERRALEONE,SIERRA-LEONE,1,1948,,,,,,,,,1948
BEREANS,BEREANS,1,1945,,,,1945,,,,,
BLOWING_MACHINES,BLOWING MACHINES,1,1943,,,,,,,,,1943
XERES_DE_LA_FRONTERA,XERES DE LA FRONTERA,1,1941,,,,,,,,1941,
EUCLID,EUCLID,1,1934,,,,,,,,,1934
MOTION_IN_FLUIDS,MOTION IN FLUIDS,1,1934,,,,1934,,,,,
FASTING,FASTING,1,1932,,,,1932,,,,,
WHYTE,WHYTE,1,1919,,,1919,,,,,,
HOOKE_ROBERT,"HOOKE, ROBERT",1,1910,,,,,,,,1910,
MARITZA,MARITZA,1,1908,,,,,,,,,1908
FRANKFORTONTHEMAINE,FRANKFORT-ON-THE-MAINE,1,1906,,,,,,,,,1906
TUNQUIN,TUNQUIN,1,1898,,,,,,,,1898,
MANCHE,MANCHE,1,1896,,,,,,,,,1896
TALFOURD,TALFOURD,1,1869,,,,,,,,,1869
ARETINO,ARETINO,1,1860,,,,,,,,,1860
SUETONIUS,SUETONIUS,1,1853,,,,,,,,,1853
JUSTIN_MARTYR,JUSTIN MARTYR,1,1848,,,,,,,,,1848
KOPAUL,KOPAUL,1,1843,,,,,,,,1843,
MOSAIC_LAW,MOSAIC LAW,1,1843,,,,1843,,,,,
JOUFFROY,JOUFFROY,1,1842,,,,,,,,,1842
PHILLIPS,PHILLIPS,1,1838,,,,,,,,,1838
TELFSORD,TELFSORD,1,1829,,,,,,,,,1829
SIXTUS_V,SIXTUS V.,1,1828,,,,,,,,1828,
ILAY,ILAY,1,1827,,,,,,1827,,,
SWEDENBORGIANS,SWEDENBORGIANS,1,1822,,,,,,,,,1822
KIRCHHEIM,KIRCHHEIM,1,1821,,,,,,,,1821,
LACC,LACC,1,1820,,,,1820,,,,,
BARBADOESES,BARBADOESES,1,1819,,,,,1819,,,,
BARBADOESE,BARBADOESE,1,1813,,,1813,,,,,,
HAYDON,HAYDON,1,1813,,,,,,,,,1813
MAMMALUKES,MAMMALUKES,1,1811,,,,1811,,,,,
GIESSEN,GIESSEN,1,1788,,,,,,,,1788,
LAW_LAW,LAW LAW,1,1784,,,,1784,,,,,
PUERTODESANTAMARIA,PUERTO-DE-SANTA-MARIA,1,1783,,,,,,,,,1783
PODSPUSKNOI,PODSPUSKNOI,1,1775,,,,,,,,1775,
SHEIL,SHEIL,1,1772,,,,,,,,,1772
AMADEUS,AMADEUS,1,1766,,,,,,1766,,,
COLLIERS,COLLIERS,1,1764,,,,1764,,,,,
STORY,STORY,1,1759,,,,,,,,,1759
RAFFAELLE,RAFFAELLE,1,1757,,,,,,,,,1757
MARANHAM,MARANHAM,1,1745,,,,,,,,1745,
BLOWING_OF_TIN,BLOWING OF TIN,1,1740,,,1740,,,,,,
MASANIEMO,MASANIEMO,1,1740,,,,,,,,,1740
OAK_LEAVES,OAK LEAVES,1,1737,,,,,1737,,,,
NIMIQUAS,NIMIQUAS,1,1736,,,,1736,,,,,
SMART,SMART,1,1728,,,,,,,,,1728
MAI,MAI,1,1724,,,,,,,,,1724
MONJOUS,MONJOUS,1,1724,,,,,,,,1724,
MESMER,MESMER,1,1723,,,,,,,,,1723
PEGUE,PEGUE,1,1713,,,,1713,,,,,
COLLEGE_OF_PHYSICIANS,COLLEGE OF PHYSICIANS,1,1712,,,,1712,,,,,
PANEPUT,PANEPUT,1,1712,,,,,,,,,1712
NEUBURG,NEUBURG,1,1707,,,,,,,,,1707
PLANETARY_HOURS,PLANETARY HOURS,1,1703,,,,1703,,,,,
MINNESOTA,MINNESOTA,1,1695,,,,,,,,,1695
IRVING,IRVING,1,1694,,,,,,,,,1694
HELIASTAE,HELIASTAE,1,1687,,,1687,,,,,,
PARK_MUNGO,"PARK, MUNGO",1,1687,,,,,,,,1687,
OROSIUS,OROSIUS,1,1685,,,,,,,,,1685
ANDROIDIDES,ANDROIDIDES,1,1684,,,,,,,1684,,
MATTOGROSSO,MATTO-GROSSO,1,1684,,,,,,,,1684,
REAPING,REAPING,1,1681,,,,1681,,,,,
BRYAN,BRYAN,1,1677,,,,,,,,,1677
ERGETT_YDIMMO_ERKOOM,ERGETT Y'DIMMO ERKOOM,1,1675,,,,1675,,,,,
RENDLE,RENDLE,1,1664,,,,,,,,,1664
PISSASPHALIUM,PISSASPHALIUM,1,1661,,,,1661,,,,,
CHARLES,CHARLES,1,1659,,,,1659,,,,,
CHASTE_TREE,CHASTE TREE,1,1658,,,,1658,,,,,
WORCESTER_CITY,WORCESTER CITY,1,1652,,,,,,,,1652,
GALIANI,GALIANI,1,1644,,,,,,,,,1644
KHIERHON,KHIERHON,1,1643,,,,,,,,,1643
WENTWORTH,WENTWORTH,1,1632,,,,,,,,,1632
ADRIAN_III,ADRIAN III,1,1613,,,,,,,,,1613
KANSAS,KANSAS,1,1613,,,,,,,,,1613
BRUNEL,BRUNEL,1,1608,,,,,,,,,1608
BRECON,BRECON,1,1605,,,,,,,,,1605
GENUS_LXII,GENUS LXII,1,1602,,,,,,,1602,,
MICROSCOPIC_OBJECTS,MICROSCOPIC OBJECTS,1,1595,,,1595,,,,,,
NUTS,NUTS,1,1592,,,,,,,,,1592
CUPPELLATION,CUPPELLATION,1,1591,,,,,1591,,,,
NAPIERS_RODS_OR_BOESE,NAPIER'S RODS OR BOESE,1,1588,,,,,,,,,1588
MONNIER,MONNIER,1,1587,,,,1587,,,,,
MILITARY_FRONTIER,MILITARY FRONTIER,1,1584,,,,,,,,,1584
PLUNKET,PLUNKET,1,1581,,,,,,,,,1581
ADAM_AND_CHARLES_BLACK,ADAM AND CHARLES BLACK,1,1579,,,,,,,,,1579
ANTONIDES_VANDER_GOES_JOHN,"ANTONIDES VANDER GOES, JOHN",1,1576,,,,,,,,1576,
HOMBURG,HOMBURG,1,1574,,,,,,,,1574,
VARNHAGEN_VON_ENSE,VARNHAGEN VON ENSE,1,1574,,,,,,,,,1574
TULIPOMANIA,TULIPOMANIA,1,1571,,,,1571,,,,,
MORAYSHIRE,MORAYSHIRE,1,1568,,,,,,,,1568,
MUELLER,MUELLER,1,1566,,,,,,,,1566,
BISKUIT,BISKUIT,1,1565,,,,,,,1565,,
GLYCERINE,GLYCERINE,1,1559,,,,,,,,,1559
PITTFENWEEM,PITTFENWEEM,1,1559,,,,,,,,1559,
SERINAGUR,SERINAGUR,1,1559,,,,,,,,1559,
SALVADOR,SALVADOR,1,1558,,,,,,,,1558,
FREIBURG,FREIBURG,1,1557,,,,,,,,,1557
RUBENS_SIR_PETER_PAUL,"RUBENS, SIR PETER PAUL",1,1551,,,,,1551,,,,
WALPOLE_SIR_ROBERT,"WALPOLE, SIR ROBERT",1,1551,,,,,,,,1551,
PSYCHOTRIA,PSYCHOTRIA,1,1550,,,,1550,,,,,
PRAED,PRAED,1,1545,,,,,,,,,1545
MANICHEISM,MANICHEISM,1,1542,,,,,,,,,1542
SCHWANTHALER,SCHWANTHALER,1,1541,,,,,,,,,1541
AEACUS,AEACUS,1,1533,,,,1533,,,,,
MORTARPIECES,MORTAR-PIECES,1,1532,,,,1532,,,,,
MATCHES,MATCHES,1,1529,,,,,,,,,1529
HUYPGENS_DE_ZUYLICHEM,HUYPGENS DE ZUYLICHEM,1,1526,,,,,,,,1526,
ARTIFICIAL_HORIZON,ARTIFICIAL HORIZON,1,1524,,,,,,,,,1524
AUDUBON,AUDUBON,1,1522,,,,,,,,,1522
BONAA,BONAA,1,1522,,,,,,,,1522,
EPICUREAN,EPICUREAN,1,1520,,,,,,,,1520,
ILLYRIA,ILLYRIA,1,1520,,,,,,,,1520,
LEOPARDI,LEOPARDI,1,1520,,,,,,,,,1520
MALLETT,MALLETT,1,1518,,,,,,,,,1518
CAYUS,CAYUS,1,1517,,,1517,,,,,,
BMI,BMI,1,1515,,1515,,,,,,,
GENUS_LXVIII,GENUS LXVIII,1,1512,,,,,1512,,,,
KOUNISS,KOUNISS,1,1512,,,,,1512,,,,
ASSASIN,ASSASIN,1,1511,,,,1511,,,,,
TABRIZ,TABRIZ,1,1510,,,,,,,,1510,
NASH,NASH,1,1509,,,,,,,,,1509
FALKLAND_ISLANDS,FALKLAND ISLANDS,1,1506,,,,,,,,,1506
PASSIONS,PASSIONS,1,1505,,1505,,,,,,,
KITTO,KITTO,1,1503,,,,,,,,,1503
LUCIMETER,LUCIMETER,1,1502,,,,,,,,1502,
SANCHUNIATHON,SANCHUNIATHON,1,1498,,,,,,,,,1498
ALISON,ALISON,1,1497,,,,,,,,,1497
JACOBINS,JACOBINS,1,1495,,,,1495,,,,,
BUCKS,BUCKS,1,1493,,,,,,,,1493,
ABATTOIR,ABATTOIR,1,1489,,,,,,,,,1489
HORNE_GEORGE,"HORNE, GEORGE",1,1486,,,,,,,,1486,
GRADUATION,GRADUATION,1,1479,,,,,,,,,1479
CABOT_SEBASTIAN,"CABOT, SEBASTIAN",1,1478,,,,,,,,,1478
KURDISTAN,KURDISTAN,1,1478,,,,,,,,,1478
MAURETANIA,MAURETANIA,1,1475,,,,,,,,,1475
MONTE_CHIARO,MONTE CHIARO,1,1475,,,,,,,,,1475
VICO,VICO,1,1474,,,,,,,,,1474
GREENE,GREENE,1,1471,,,,,,,,,1471
TITIAN,TITIAN,1,1462,,,,,,,,,1462
PRINCE_EDWARD_ISLAND,PRINCE EDWARD ISLAND,1,1459,,,,,,,,,1459
POTATOES,POTATOES,1,1457,,,,,,,,1457,
GIFFORD,GIFFORD,1,1456,,,,,,,,,1456
APENNINES,APENNINES,1,1452,,,,,,,,,1452
PENNATULA,PENNATULA,1,1452,,,,1452,,,,,
IAMBLICHUS,IAMBLICHUS,1,1451,,,,,,,,,1451
HOFFMANN,HOFFMANN,1,1444,,,,,,,,,1444
MANDINGO,MANDINGO,1,1444,,,,,,,,1444,
TORELLI,TORELLI,1,1438,,,,1438,,,,,
MENDELSSOHN,MENDELSSOHN,1,1436,,,,,,,,,1436
QUARTERSESSIONS,QUARTER-SESSIONS,1,1434,,,,,,1434,,,
PANGOLIN,PANGOLIN,1,1431,,,,1431,,,,,
VANDERMONDE,VANDERMONDE,1,1429,,,,1429,,,,,
HILL_SIR_JOHN,"HILL, SIR JOHN",1,1427,,,,,,,,,1427
BURRAMPOOTER,BURRAMPOOTER,1,1422,,,,1422,,,,,
ISRAELI,ISRAELI,1,1418,,,,,,,,,1418
JULINDER_DOOAB,JULINDER DOOAB,1,1418,,,,,,,,,1418
WATERBLOWING_MACHINE,WATER-BLOWING MACHINE,1,1412,,,,1412,,,,,
HALDANE,HALDANE,1,1407,,,,,,,,,1407
LOCUST,LOCUST,1,1406,,,1406,,,,,,
SURSUTTY,SURSUTTY,1,1402,,,,,,,,1402,
TATTA,TATTA,1,1395,,,,,,,,1395,
CAMUS_CHARLES_STEPHEN_LOUIS,"CAMUS, CHARLES STEPHEN LOUIS",1,1394,,,,,,,,1394,
ANTIMETER,ANTIMETER,1,1393,,,,1393,,,,,
RASK,RASK,1,1393,,,,,,,,,1393
DIPLOMATIC,DIPLOMATIC,1,1390,,,,,,,,,1390
LEVITES,LEVITES,1,1382,,,,,,,,,1382
OMAR_IBN_AL_KHATTAB,OMAR IBN AL KHATTAB,1,1382,,,,,1382,,,,
OMAREBN_AL_KHATTAB,OMAR-EBN AL KHATTAB,1,1382,,,,,,,1382,,
SWINTON,SWINTON,1,1378,,,,1378,,,,,
GLEIG,GLEIG,1,1375,,,,,,,,,1375
KOSCIUSZKO,KOSCIUSZKO,1,1375,,,,,,,,1375,
GWALIOR,GWALIOR,1,1374,,,,,,,,,1374
TASSO_FOUND,TASSO FOUND,1,1373,,,,1373,,,,,
LYSONS,LYSONS,1,1369,,,,,,,,,1369
SELIKIRK,SELIKIRK,1,1367,,,,1367,,,,,
AND_SONS,AND SONS,1,1365,,,,,,1365,,,
PROVERBS,PROVERBS,1,1365,,,,,,,,,1365
SABINUS_GEORGE,"SABINUS, GEORGE",1,1364,,,,,,,,,1364
BUCKINGHAMSHIRE,BUCKINGHAMSHIRE,1,1363,,,,,,,,,1363
VELASQUEZ,VELASQUEZ,1,1360,,,,,,,,,1360
OXIDUM_PLUMBI_ALBI,OXIDUM PLUMBI ALBI,1,1359,,,,,,1359,,,
WALPOLE_HORACE,"WALPOLE, HORACE",1,1356,,,,,,,,1356,
GUTTA_PERCHA,GUTTA PERCHA,1,1355,,,,,,,,,1355
CUNNINGHAM_ALEXANDER,"CUNNINGHAM, ALEXANDER",1,1353,,,,,,,,1353,
FRIENDSHIP,FRIENDSHIP,1,1351,,,,,,,,1351,
NEREIS,NEREIS,1,1348,,,,1348,,,,,
BERWICKONTWEED,BERWICK-ON-TWEED,1,1347,,,,,,,,,1347
FURMELTING_FURNACES,"FUR

MELTING FURNACES",1,1344,,,,1344,,,,,
SAVIGNANO,SAVIGNANO,1,1342,,,,,,,,1342,
STANHOPE_PHILIP_DORMER,STANHOPE PHILIP DORMER,1,1341,,,,,1341,,,,
DUKE_OF_BUCKSS_ESSAY,DUKE OF BUCKS'S ESSAY,1,1340,,,,,1340,,,,
MNE_MNEMONICS,MNE MNEMONICS,1,1340,,,,,,,,1340,
PLUMBING,PLUMBING,1,1338,,,1338,,,,,,
UNST,UNST,1,1337,,,,,,,,1337,
INGENHOUSZ,INGENHOUSZ,1,1335,,,,,,,,,1335
INGENHOUZS,INGENHOUZS,1,1335,,,,,,,,1335,
APOSTILL,APOSTILL,1,1332,,,,1332,,,,,
SILK_MANUFACTURE,SILK MANUFACTURE,1,1331,,,,,,,,1331,
MILLER,MILLER,1,1329,,,,,,,,,1329
POE,POE,1,1327,,,,,,,,,1327
GRESSET,GRESSET,1,1326,,,,,,,,,1326
SENNAAAR,SENNAAAR,1,1324,,,,,,1324,,,
TIECK,TIECK,1,1324,,,,,,,,,1324
WILSON_ALEXANDER,"WILSON, ALEXANDER",1,1323,,,,,,,,,1323
CHAIN_ALSO,CHAIN ALSO,1,1319,,,,,1319,,,,
SIEVSK,SIEVSK,1,1317,,,,,,,,,1317
MATHAM,MATHAM,1,1316,,,,1316,,,,,
XIMENES_DE_CISNEROS,XIMENES DE CISNEROS,1,1304,,,,,,,,,1304
IDIETY,IDIETY,1,1303,,,,,1303,,,,
PITTSBURGH,PITTSBURGH,1,1302,,,,,,,,,1302
TRISECTION,TRISECTION,1,1302,,,,1302,,,,,
MELCHISEDECK,MELCHISEDECK,1,1299,,,,,,1299,,,
SEINEETOISE,SEINE-ET-OISE,1,1296,,,,,,,,,1296
MONTENEGRO,MONTENEGRO,1,1294,,,,,,,,,1294
BIGAMY_LITERALLY,BIGAMY LITERALLY,1,1292,,,,,,,,1292,
GENUS_LXI,GENUS LXI,1,1290,,,,,,,1290,,
JEGHEDERPOOR,JEGHEDERPOOR,1,1288,,,,,,,,1288,
PARAIBA,PARAIBA,1,1288,,,,,,,,1288,
MINISTER_OF_CRIEFF,MINISTER OF CRIEFF,1,1286,,,,,,,,,1286
EMOYU,EMOYU,1,1285,,,,,,,1285,,
SLAVE_LAKE,SLAVE LAKE,1,1285,,,,,,,,,1285
EMOY,EMOY,1,1283,,,,,,1283,,,
PESTH,PESTH,1,1283,,,,,,,,,1283
SCOTUS,SCOTUS,1,1281,,,,1281,,,,,
SIRENOIDS,SIRENOIDS,1,1276,,,,,,,,,1276
SETUBAL,SETUBAL,1,1273,,,,,,,,,1273
ASCHEM,ASCHEM,1,1272,,,,,1272,,,,
CHRONICLES,CHRONICLES,1,1272,,,,,,,,,1272
PAOLI,PAOLI,1,1269,,,,,,,,,1269
EVAPORATION_BY,EVAPORATION BY,1,1267,,,1267,,,,,,
TOUP,TOUP,1,1263,,,,1263,,,,,
DETRITUS,DETRITUS,1,1260,,,,,,,,,1260
FOSCOLO,FOSCOLO,1,1258,,,,,,,,,1258
OMMON,OMMON,1,1257,,,,,,,,1257,
PFKOW,PFKOW,1,1257,,,,,,,,1257,
CHRYSTOM,CHRYSTOM,1,1256,,,,,,,,,1256
FILICAIA,FILICAIA,1,1256,,,,,,,,1256,
ISPANHAN,ISPANHAN,1,1251,,,,,,,1251,,
LIGNUM_ALBES,LIGNUM ALBES,1,1249,,,,,1249,,,,
MOABITES,MOABITES,1,1248,,,,,,,,,1248
SISEBOLI,SISEBOLI,1,1244,,,,,,,,,1244
WILBERFORCE_WILLIAM,"WILBERFORCE, WILLIAM",1,1242,,,,,,,,1242,
AVEROISTS,AVEROISTS,1,1239,,,,,,,,1239,
CHRYSLITE,CHRYSLITE,1,1239,,,,,,,,1239,
LIPPESCHAUMBURG,LIPPE-SCHAUMBURG,1,1236,,,,,,,,,1236
ARIOSTO_LOROVICO,ARIOSTO LOROVICO,1,1235,,,,,1235,,,,
WILBERFORCE,WILBERFORCE,1,1235,,,,,,,,,1235
SYSTEM_OF_DARGENVILLE,SYSTEM OF D'ARGENVILLE,1,1229,,,,,1229,,,,
MARIE_ANTOINETTE,MARIE ANTOINETTE,1,1226,,,,,,,,,1226
RHIN,RHIN,1,1226,,,,,,,,,1226
PIAUHY,PIAUHY,1,1223,,,,,,,,1223,
NEW_TESTAMENT,NEW TESTAMENT,1,1218,,,,,,1218,,,
HOOKE_NATHANIEL,"HOOKE, NATHANIEL",1,1217,,,,,,,,1217,
KHOOSHGAL,KHOOSHGAL,1,1217,,,,,,,,1217,
ANDRONICUS_I_COMNENUS,ANDRONICUS I. COMNENUS,1,1216,,,,,,,,1216,
FRIGATTOON,FRIGATTOON,1,1216,,,,1216,,,,,
PHTHISIS,PHTHISIS,1,1215,,,,1215,,,,,
PATERSON,PATERSON,1,1213,,,,,,,,,1213
AETOLIA,AETOLIA,1,1208,,,,,,,1208,,
MARIA_THERESA,MARIA THERESA,1,1207,,,,,,,,,1207
ORIOLES,ORIOLES,1,1204,,,,1204,,,,,
OOJAIN,OOJAIN,1,1203,,,,,,,,1203,
PIPPRA,PIPPRA,1,1203,,,,1203,,,,,
JEWELL,JEWELL,1,1195,,,,,1195,,,,
CYPRIAN,CYPRIAN,1,1194,,,,,,,,,1194
GENUS_LXIII,GENUS LXIII,1,1187,,,,,,,1187,,
KOSCIUSKO,KOSCIUSKO,1,1183,,,,,,,,,1183
LLOYDS,LLOYD'S,1,1181,,,,,,,,,1181
FORSTER_JOHN_GEORGE_ADAM,"FORSTER, JOHN GEORGE ADAM",1,1180,,,,,,,,1180,
PINS,PINS,1,1180,,,,,,,,,1180
STANISLAUS_LIECZINSKI,STANISLAUS LIECZINSKI,1,1180,,,,,1180,,,,
FULMINATING_SILVER,FULMINATING SILVER,1,1178,,,,1178,,,,,
STANISLAUS_LEGZINSKI,STANISLAUS LEGZINSKI,1,1178,,,,,,1178,,,
STANISLAUS,STANISLAUS,1,1177,,,,1177,,,,,
ZARAGOZA,ZARAGOZA,1,1177,,,,,,,,1177,
PARRA,PARRA,1,1175,,,,1175,,,,,
MICKIEWICZ,MICKIEWICZ,1,1173,,,,,,,,,1173
MATTO_GROSSO,MATTO GROSSO,1,1172,,,,,,,,,1172
CEPA,CEPA,1,1171,,,1171,,,,,,
BORROMEO,BORROMEO,1,1170,,,,,,,,,1170
WOLOGDA,WOLOGDA,1,1170,,,,,,,,1170,
BARTHELEMI,BARTHELEMI,1,1164,,,,1164,,,,,
POLTAVA,POLTAVA,1,1161,,,,,,,,,1161
BELENIUM,BELENIUM,1,1157,,,,,1157,,,,
PANATHENAEA,PANATHENAEA,1,1157,,,,1157,,,,,
VERDIGRIS,VERDIGRIS,1,1154,,,,1154,,,,,
WILLIAMS,WILLIAMS,1,1149,,,,,,,,,1149
ANDALUCIA,ANDALUCIA,1,1148,,,,,,,,,1148
NOVALIS,NOVALIS,1,1148,,,,,,,,,1148
COMPANY_ALSO,COMPANY ALSO,1,1146,,,,,,,,,1146
PLANETARY_MACHINES,PLANETARY MACHINES,1,1141,,,,,,,,,1141
TURKESTAN,TURKESTAN,1,1141,,,,,,,,,1141
NIJININOVGOROD,NIJINI-NOVGOROD,1,1140,,,,,,,,,1140
SNORRO_STURLESON,SNORRO STURLESON,1,1140,,,,,,,,,1140
MURATORI_LOUIS_ANTONY,"MURATORI, LOUIS ANTONY",1,1136,,,,,,,,1136,
NEPER,NEPER,1,1135,,,1135,,,,,,
BEITH,BEITH,1,1131,,,,,,,,,1131
MOLASSES,MOLASSES,1,1130,,,,,,,,,1130
GLYCYRRHIZZA,GLYCYRRHIZZA,1,1124,,,1124,,,,,,
RITSON,RITSON,1,1123,,,,,,,,,1123
COIMBETTOOR,COIMBETTOOR,1,1119,,,,,,,,1119,
COLUMBO_ROOT,COLUMBO ROOT,1,1116,,,,,,1116,,,
RATTANS,RATTANS,1,1116,,,,,,,,,1116
COLUMBOROOT,COLUMBO-ROOT,1,1115,,,,1115,,,,,
WORMWOOD,WORMWOOD,1,1113,,,,1113,,,,,
PEEBLESHIRE,PEEBLESHIRE,1,1109,,,,,,,,1109,
STANISLAUS_LECHZINSKI,STANISLAUS LECHZINSKI,1,1109,,,,,,,1109,,
ABSENTEE,ABSENTEE,1,1108,,,,,,,1108,,
GRANATE,GRANATE,1,1108,,,,1108,,,,,
BEETHOVEN,BEETHOVEN,1,1107,,,,,,,,1107,
PEYRE,PEYRE,1,1107,,,,,,1107,,,
SHEBBEAR,SHEBBEAR,1,1107,,,,,1107,,,,
LARIX,LARIX,1,1106,,,1106,,,,,,
THE_GREAT_ONE,THE GREAT ONE,1,1106,,,,1106,,,,,
ARTESIAN_WELLS,ARTESIAN WELLS,1,1104,,,,,,,,,1104
PENTAGON,PENTAGON,1,1104,,,,,,1104,,,
SPOHR,SPOHR,1,1104,,,,,,,,,1104
FANATICISM,FANATICISM,1,1101,,,,,,,,,1101
MORATIN,MORATIN,1,1098,,,,,,,,,1098
SHANGHAE,SHANGHAE,1,1098,,,,,,,,,1098
REVERE,REVERE,1,1095,,,,,,,1095,,
SKEW_BRIDGE,SKEW BRIDGE,1,1095,,,,,,,,,1095
CHAUMETTE,CHAUMETTE,1,1094,,,,1094,,,,,
OSSOLI,OSSOLI,1,1094,,,,,,,,,1094
HAARLEM_MEER,HAARLEM MEER,1,1092,,,,,,,,,1092
PEPPYS,PEPPYS,1,1091,,,,,,,,,1091
NAVARRA,NAVARRA,1,1089,,,,,,1089,,,
ARTHRODYNAIA,ARTHRODYNAIA,1,1086,,,,,,,1086,,
PENCILS,PENCILS,1,1085,,,,,,,,,1085
GALENUS,GALENUS,1,1083,,,,,,,,,1083
ENIGMATOGRAPHY,ENIGMATOGRAPHY,1,1081,,,1081,,,,,,
MARCION,MARCION,1,1080,,,,,,,,,1080
MORRIS_DANCE,MORRIS DANCE,1,1080,,,,,,,,,1080
CORUMBAH,CORUMBAH,1,1076,,,,,,,,1076,
DULWICH,DULWICH,1,1076,,1076,,,,,,,
PALISSY,PALISSY,1,1076,,,,,,,,,1076
CELTE,CELTE,1,1075,,,,,,,1075,,
KILKENNY_CITY,KILKENNY CITY,1,1075,,,,,,,,1075,
LAPLACE,LAPLACE,1,1075,,,,,,,,,1075
RAEBURN,RAEBURN,1,1075,,,,,,,,,1075
SARTI,SARTI,1,1074,,,,,,,,,1074
CELTI,CELTI,1,1073,,,,,1073,,,,
THOMAS_OF_ERCOLDOONE,THOMAS OF ERCOLDOONE,1,1073,,,,,,,,1073,
QUARTZ,QUARTZ,1,1066,,,,1066,,,,,
HANSE_TOWNS,HANSE TOWNS,1,1063,,,,,,,,1063,
AGRIPPA_MARCUS_VIPSANIUS,"AGRIPPA, MARCUS VIPSANIUS",1,1060,,,,,,,,,1060
MUDINGUANA,MUD-INGUANA,1,1059,,,1059,,,,,,
WINKELMANN,WINKELMANN,1,1059,,,,,,,,1059,
ALMAMUN,ALMAMUN,1,1057,,,,,,,,,1057
BULLAE,BULLAE,1,1057,,,1057,,,,,,
IRRIGRATION,IRRIGRATION,1,1055,,,,,,,,,1055
MAURICIUS,MAURICIUS,1,1052,,,,,,,,,1052
LIECHTENSTEIN,LIECHTENSTEIN,1,1051,,,,,,,,,1051
MELENDEZ_VALDES,MELENDEZ VALDES,1,1051,,,,,,,,,1051
ESOTERIC,ESOTERIC,1,1049,,,,,,,,,1049
HERRICK,HERRICK,1,1047,,,,,,,,,1047
HONORIUS,HONORIUS,1,1046,,,,,,,,,1046
AMADEUS_VIII,AMADEUS VIII,1,1045,,,,,,,,,1045
CORUNDUM,CORUNDUM,1,1045,,,,,,,,,1045
FLAXDRESSING,FLAX-DRESSING,1,1045,,1045,,,,,,,
NOLLEKENS,NOLLEKENS,1,1045,,,,,,,,,1045
FUNERAL,FUNERAL,1,1043,,1043,,,,,,,
OBERLIN,OBERLIN,1,1043,,,,,,,,,1043
HYBRID,HYBRID,1,1042,,,,,,,,,1042
CN,CN,1,1038,,,,,,,1038,,
JUSTICE_OF_THE_PEACE,JUSTICE OF THE PEACE,1,1036,,,,,,,,,1036
DEUCAR,DEUCAR,1,1034,,,,,,,,1034,
FUCINUS,FUCINUS,1,1033,,,,,,1033,,,
COFFEA_ARABICA,COFFEA ARABICA,1,1031,,,,,,,,,1031
EWALD,EWALD,1,1031,,,,,,,,,1031
FALK,FALK,1,1030,,,,1030,,,,,
ZEMINDARS,ZEMINDARS,1,1028,,,,1028,,,,,
MALTEBRUN,MALTE-BRUN,1,1024,,,,,,,,1024,
VOLTERRA,VOLTERRA,1,1023,,,,,,,,,1023
ABOULFEIDA,ABOULFEIDA,1,1022,,,,,,,,,1022
HOADLY,HOADLY,1,1019,,,,,,,,1019,
LUBECK,LUBECK,1,1019,,,,,,,,1019,
PERSIAN_GULF,PERSIAN GULF,1,1019,,,,,,,,,1019
SCHOMBURG,SCHOMBURG,1,1019,,,,,1019,,,,
SCHONBERG,SCHONBERG,1,1019,,,,,,,,1019,
ROSEHEARTY,ROSEHEARTY,1,1017,,,,,,,,1017,
GURWAL,GURWAL,1,1014,,,,,,,,1014,
ORFILA,ORFILA,1,1014,,,,,,,,,1014
BROCKLESBY_RICHARD,"BROCKLESBY, RICHARD",1,1011,,,,,,,,1011,
KIRBY,KIRBY,1,1011,,,,,,,,,1011
MELI,MELI,1,1006,,,,,,,,,1006
DEFOILATION,DEFOILATION,1,1005,,,1005,,,,,,
NOVATIANUS,NOVATIANUS,1,1005,,,,,,,,,1005
CAMPHUYSEN,CAMPHUYSEN,1,1002,,,,1002,,,,,
MARTHA_OF_MARTA,MARTHA OF MARTA,1,1002,,,,,,,,1002,
WOLFRAM,WOLFRAM,1,1001,,,,1001,,,,,
LAMENNAIS,LAMENNAIS,1,1000,,,,,,,,,1000
