id,title,missing_year,classification,confidence,evidence,variant_title,swallowed_by,median_wc,edition_count,present_years
GENUS_IX,GENUS IX,1810,EDITORIAL,0.60,Pattern: early_editions_only,,,103704,2,1797|1823
GENUS_IX,GENUS IX,1815,EDITORIAL,0.60,Pattern: early_editions_only,,,103704,2,1797|1823
WEEK,WEEK,1797,EDITORIAL,0.60,Pattern: early_editions_only,,,88485,5,1771|1778|1810|1815|1823
HUSBANDRY,HUSBANDRY,1810,EDITORIAL,0.60,Pattern: shrinking_to_stub,,,57386,3,1797|1815|1842
HUSBANDRY,HUSBANDRY,1823,EDITORIAL,0.60,Pattern: shrinking_to_stub,,,57386,3,1797|1815|1842
REVOLUTION,REVOLUTION,1778,EDITORIAL,0.60,Pattern: shrinking_to_stub,,,53625,6,1771|1797|1810|1815|1823|1842
BOND,BOND,1842,EDITORIAL,0.60,Pattern: shrinking_to_stub,,,43694,7,1771|1778|1797|1810|1815|1823|1860
EARTH,EARTH,1823,EDITORIAL,0.60,Pattern: shrinking_to_stub,,,37534,6,1771|1778|1797|1810|1815|1842
MEDAL,MEDAL,1797,EDITORIAL,0.60,Pattern: early_editions_only,,,33444,3,1771|1778|1815
MINERAL,MINERAL,1797,EDITORIAL,0.60,Pattern: early_editions_only,,,18379,5,1771|1778|1810|1815|1823
OTAHEITE,OTAHEITE,1823,EDITORIAL,0.60,Pattern: shrinking_to_stub,,,16930,4,1810|1815|1842|1860
ELECTORATE,ELECTORATE,1823,EDITORIAL,0.60,Pattern: shrinking_to_stub,,,15306,6,1771|1778|1797|1810|1815|1842
ELECTROMETER,ELECTROMETER,1810,EDITORIAL,0.60,Pattern: early_editions_only,,,13787,2,1797|1815
FELIS,FELIS,1778,EDITORIAL,0.60,Pattern: shrinking_to_stub,,,13649,6,1771|1797|1810|1815|1823|1860
FELIS,FELIS,1842,EDITORIAL,0.60,Pattern: shrinking_to_stub,,,13649,6,1771|1797|1810|1815|1823|1860
DANCING,DANCING,1815,EDITORIAL,0.60,Pattern: early_editions_only,,,13299,3,1797|1810|1823
DESERT,DESERT,1815,EDITORIAL,0.60,Pattern: shrinking_to_stub,,,11539,3,1810|1842|1860
DESERT,DESERT,1823,EDITORIAL,0.60,Pattern: shrinking_to_stub,,,11539,3,1810|1842|1860
MYTILUS,MYTILUS,1810,EDITORIAL,0.60,Pattern: early_editions_only,,,11138,2,1797|1815
DOMINGO,DOMINGO,1810,EDITORIAL,0.60,Pattern: early_editions_only,,,11099,5,1771|1778|1797|1815|1823
PLANT,PLANT,1823,EDITORIAL,0.60,Pattern: shrinking_to_stub,,,10990,5,1778|1797|1810|1815|1842
BEGGAR,BEGGAR,1797,EDITORIAL,0.60,Pattern: early_editions_only,,,10900,2,1771|1823
BEGGAR,BEGGAR,1810,EDITORIAL,0.60,Pattern: early_editions_only,,,10900,2,1771|1823
BEGGAR,BEGGAR,1815,EDITORIAL,0.60,Pattern: early_editions_only,,,10900,2,1771|1823
ECLIPTIC,ECLIPTIC,1778,EDITORIAL,0.60,Pattern: shrinking_to_stub,,,10077,7,1771|1797|1810|1815|1823|1842|1860
MEDALLIONS,MEDALLIONS,1797,EDITORIAL,0.60,Pattern: early_editions_only,,,9918,3,1771|1778|1823
MEDALLIONS,MEDALLIONS,1810,EDITORIAL,0.60,Pattern: early_editions_only,,,9918,3,1771|1778|1823
ORB,ORB,1810,EDITORIAL,0.60,Pattern: early_editions_only,,,9726,4,1778|1797|1815|1823
IRON,IRON,1823,EDITORIAL,0.60,Pattern: shrinking_to_stub,,,9641,5,1778|1797|1810|1815|1842
EQUUS,EQUUS,1810,EDITORIAL,0.60,Pattern: early_editions_only,,,8821,4,1771|1778|1797|1815
BUCAANEER,BUCAANEER,1797,EDITORIAL,0.60,Pattern: early_editions_only,,,8577,2,1778|1810
PHILEMON,PHILEMON,1810,EDITORIAL,0.60,Pattern: shrinking_to_stub,,,8536,5,1797|1815|1823|1842|1860
DIOPTRICS,DIOPTRICS,1797,EDITORIAL,0.60,Pattern: early_editions_only,,,8427,4,1778|1810|1815|1823
PLOUGH,PLOUGH,1815,EDITORIAL,0.60,Pattern: shrinking_to_stub,,,8142,6,1771|1778|1797|1810|1823|1842
CHINESE,CHINESE,1778,EDITORIAL,0.60,Pattern: early_editions_only,,,8125,2,1771|1810
CHINESE,CHINESE,1797,EDITORIAL,0.60,Pattern: early_editions_only,,,8125,2,1771|1810
FIXED_BODIES,FIXED BODIES,1810,EDITORIAL,0.60,Pattern: shrinking_to_stub,,,8064,4,1778|1797|1823|1842
FIXED_BODIES,FIXED BODIES,1815,EDITORIAL,0.60,Pattern: shrinking_to_stub,,,8064,4,1778|1797|1823|1842
FEODAL_SYSTEM,FEODAL SYSTEM,1797,EDITORIAL,0.60,Pattern: early_editions_only,,,7986,2,1778|1810
PELICANUS,PELICANUS,1810,EDITORIAL,0.60,Pattern: early_editions_only,,,7634,3,1778|1797|1815
GRYLLUS,GRYLLUS,1810,EDITORIAL,0.60,Pattern: early_editions_only,,,6665,4,1771|1778|1797|1823
GRYLLUS,GRYLLUS,1815,EDITORIAL,0.60,Pattern: early_editions_only,,,6665,4,1771|1778|1797|1823
THEBAID,THEBAID,1797,EDITORIAL,0.60,Pattern: early_editions_only,,,6557,5,1771|1778|1810|1815|1823
END_OF_THE_FIRST_VOLUME,END OF THE FIRST VOLUME,1797,EDITORIAL,0.60,Pattern: shrinking_to_stub,,,6535,4,1771|1778|1815|1823
END_OF_THE_FIRST_VOLUME,END OF THE FIRST VOLUME,1810,EDITORIAL,0.60,Pattern: shrinking_to_stub,,,6535,4,1771|1778|1815|1823
FONTINALIS,FONTINALIS,1810,EDITORIAL,0.60,Pattern: early_editions_only,,,6397,3,1778|1797|1823
FONTINALIS,FONTINALIS,1815,EDITORIAL,0.60,Pattern: early_editions_only,,,6397,3,1778|1797|1823
ALKALI,ALKALI,1778,EDITORIAL,0.60,Pattern: shrinking_to_stub,,,6330,5,1771|1797|1815|1842|1860
LAURUS,LAURUS,1815,EDITORIAL,0.60,Pattern: early_editions_only,,,6137,5,1771|1778|1797|1810|1823
ORCUS,ORCUS,1810,EDITORIAL,0.60,Pattern: shrinking_to_stub,,,6049,4,1797|1815|1823|1842
HANDS,HANDS,1797,EDITORIAL,0.60,Pattern: early_editions_only,,,6035,3,1771|1778|1823
HANDS,HANDS,1815,EDITORIAL,0.60,Pattern: early_editions_only,,,6035,3,1771|1778|1823
HUSBAND,HUSBAND,1778,EDITORIAL,0.60,Pattern: early_editions_only,,,5865,5,1771|1797|1810|1815|1823
CRAYON,CRAYON,1778,EDITORIAL,0.60,Pattern: early_editions_only,,,5860,5,1771|1797|1810|1815|1823
ENCANTHIS,ENCANTHIS,1778,EDITORIAL,0.60,Pattern: shrinking_to_stub,,,5487,4,1771|1810|1815|1823
ENCANTHIS,ENCANTHIS,1797,EDITORIAL,0.60,Pattern: shrinking_to_stub,,,5487,4,1771|1810|1815|1823
MONSELEMINES,MONSELEMINES,1810,EDITORIAL,0.60,Pattern: early_editions_only,,,5362,2,1797|1823
MONSELEMINES,MONSELEMINES,1815,EDITORIAL,0.60,Pattern: early_editions_only,,,5362,2,1797|1823
HYDRAULICS,HYDRAULICS,1778,EDITORIAL,0.60,Pattern: early_editions_only,,,5165,2,1771|1823
HYDRAULICS,HYDRAULICS,1797,EDITORIAL,0.60,Pattern: early_editions_only,,,5165,2,1771|1823
HYDRAULICS,HYDRAULICS,1810,EDITORIAL,0.60,Pattern: early_editions_only,,,5165,2,1771|1823
HYDRAULICS,HYDRAULICS,1815,EDITORIAL,0.60,Pattern: early_editions_only,,,5165,2,1771|1823
PARVICH,PARVICH,1823,EDITORIAL,0.60,Pattern: shrinking_to_stub,,,5112,4,1797|1810|1815|1842
TREE,TREE,1815,EDITORIAL,0.60,Pattern: early_editions_only,,,5041,5,1771|1778|1797|1810|1823
ERASISTRATUS,ERASISTRATUS,1810,EDITORIAL,0.60,Pattern: shrinking_to_stub,,,4753,4,1797|1815|1842|1860
ERASISTRATUS,ERASISTRATUS,1823,EDITORIAL,0.60,Pattern: shrinking_to_stub,,,4753,4,1797|1815|1842|1860
DIDEROT,DIDEROT,1815,EDITORIAL,0.60,Pattern: early_editions_only,,,4669,3,1797|1810|1823
PENSILES_HORTI,PENSILES HORTI,1810,EDITORIAL,0.60,Pattern: early_editions_only,,,4585,2,1797|1823
PENSILES_HORTI,PENSILES HORTI,1815,EDITORIAL,0.60,Pattern: early_editions_only,,,4585,2,1797|1823
POWERS,POWERS,1778,EDITORIAL,0.60,Pattern: early_editions_only,,,4437,2,1771|1823
POWERS,POWERS,1797,EDITORIAL,0.60,Pattern: early_editions_only,,,4437,2,1771|1823
POWERS,POWERS,1810,EDITORIAL,0.60,Pattern: early_editions_only,,,4437,2,1771|1823
POWERS,POWERS,1815,EDITORIAL,0.60,Pattern: early_editions_only,,,4437,2,1771|1823
RHINOCEROS,RHINOCEROS,1778,EDITORIAL,0.60,Pattern: early_editions_only,,,4387,2,1771|1797
TIME-KEEPERS,TIME-KEEPERS,1797,EDITORIAL,0.60,Pattern: early_editions_only,,,3776,2,1778|1810
SLEEP,SLEEP,1797,EDITORIAL,0.60,Pattern: early_editions_only,,,3259,5,1771|1778|1810|1815|1823
CINCTURE,CINCTURE,1778,EDITORIAL,0.60,Pattern: early_editions_only,,,3105,5,1771|1797|1810|1815|1823
MALLICOLLO,MALLICOLLO,1810,EDITORIAL,0.60,Pattern: shrinking_to_stub,,,3053,4,1778|1797|1815|1842
MALLICOLLO,MALLICOLLO,1823,EDITORIAL,0.60,Pattern: shrinking_to_stub,,,3053,4,1778|1797|1815|1842
CAMMIN,CAMMIN,1815,EDITORIAL,0.60,Pattern: early_editions_only,,,3038,5,1771|1778|1797|1810|1823
DEPHLOGISTICATED_AIR,DEPHLOGISTICATED AIR,1810,EDITORIAL,0.60,Pattern: shrinking_to_stub,,,3031,3,1797|1815|1860
DEPHLOGISTICATED_AIR,DEPHLOGISTICATED AIR,1823,EDITORIAL,0.60,Pattern: shrinking_to_stub,,,3031,3,1797|1815|1860
DEPHLOGISTICATED_AIR,DEPHLOGISTICATED AIR,1842,EDITORIAL,0.60,Pattern: shrinking_to_stub,,,3031,3,1797|1815|1860
PHOENICIA,PHOENICIA,1797,EDITORIAL,0.60,Pattern: early_editions_only,,,3009,4,1778|1810|1815|1823
GOLDEN,GOLDEN,1797,EDITORIAL,0.60,Pattern: early_editions_only,,,2985,2,1778|1810
ENARTHROSIS,ENARTHROSIS,1797,EDITORIAL,0.60,Pattern: shrinking_to_stub,,,2971,4,1778|1810|1815|1823
CACAO,CACAO,1815,EDITORIAL,0.60,Pattern: shrinking_to_stub,,,2813,3,1778|1797|1860
CACAO,CACAO,1823,EDITORIAL,0.60,Pattern: shrinking_to_stub,,,2813,3,1778|1797|1860
CACAO,CACAO,1842,EDITORIAL,0.60,Pattern: shrinking_to_stub,,,2813,3,1778|1797|1860
FRINGILLA,FRINGILLA,1810,EDITORIAL,0.60,Pattern: early_editions_only,,,2588,5,1771|1778|1797|1815|1823
JULIERS,JULIERS,1810,EDITORIAL,0.60,Pattern: early_editions_only,,,2569,5,1771|1778|1797|1815|1823
LORETTO,LORETTO,1815,EDITORIAL,0.60,Pattern: early_editions_only,,,2567,3,1797|1810|1823
PLATE,PLATE,1810,EDITORIAL,0.60,Pattern: early_editions_only,,,2555,4,1778|1797|1815|1823
NEUCHATEL,NEUCHATEL,1810,EDITORIAL,0.60,Pattern: early_editions_only,,,2525,3,1797|1815|1823
PARSNIP,PARSNIP,1815,EDITORIAL,0.60,Pattern: early_editions_only,,,2435,4,1778|1797|1810|1823
CANNABIS,CANNABIS,1778,EDITORIAL,0.60,Pattern: early_editions_only,,,2408,2,1771|1797
HUME,HUME,1797,EDITORIAL,0.60,Pattern: early_editions_only,,,2402,4,1778|1810|1815|1823
BATTATAS,BATTATAS,1810,EDITORIAL,0.60,Pattern: early_editions_only,,,2283,3,1778|1797|1815
DIOECIA,DIOECIA,1810,EDITORIAL,0.60,Pattern: early_editions_only,,,2279,3,1778|1797|1815
HAVANNA,HAVANNA,1778,EDITORIAL,0.60,Pattern: early_editions_only,,,2151,3,1771|1797|1810
ZOOLOGY,ZOOLOGY,1815,EDITORIAL,0.60,Pattern: early_editions_only,,,2118,2,1778|1823
MONTAGUE,MONTAGUE,1797,EDITORIAL,0.60,Pattern: early_editions_only,,,2070,4,1778|1810|1815|1823
SAUSSURE,SAUSSURE,1815,EDITORIAL,0.60,Pattern: early_editions_only,,,2046,3,1797|1810|1823
COLUTEA,COLUTEA,1797,EDITORIAL,0.60,Pattern: early_editions_only,,,2025,4,1771|1778|1810|1823
COLUTEA,COLUTEA,1815,EDITORIAL,0.60,Pattern: early_editions_only,,,2025,4,1771|1778|1810|1823
MARIUS,MARIUS,1810,EDITORIAL,0.60,Pattern: early_editions_only,,,2014,3,1778|1797|1815
HOBBS,HOBBS,1797,EDITORIAL,0.60,Pattern: early_editions_only,,,2003,2,1778|1810
ORIGEN,ORIGEN,1810,EDITORIAL,0.60,Pattern: early_editions_only,,,1995,4,1778|1797|1815|1823
QUALITY,QUALITY,1778,EDITORIAL,0.60,Pattern: early_editions_only,,,1980,5,1771|1797|1810|1815|1823
XIMENES,XIMENES,1815,EDITORIAL,0.60,Pattern: early_editions_only,,,1976,4,1778|1797|1810|1823
CANARIA,CANARIA,1815,EDITORIAL,0.60,Pattern: early_editions_only,,,1963,4,1778|1797|1810|1823
POVERTY,POVERTY,1810,EDITORIAL,0.60,Pattern: early_editions_only,,,1947,3,1797|1815|1823
MERCURIALIS,MERCURIALIS,1810,EDITORIAL,0.60,Pattern: early_editions_only,,,1942,4,1771|1778|1797|1823
MERCURIALIS,MERCURIALIS,1815,EDITORIAL,0.60,Pattern: early_editions_only,,,1942,4,1771|1778|1797|1823
OLEA,OLEA,1810,EDITORIAL,0.60,Pattern: early_editions_only,,,1902,4,1771|1778|1797|1823
OLEA,OLEA,1815,EDITORIAL,0.60,Pattern: early_editions_only,,,1902,4,1771|1778|1797|1823
TULIPA,TULIPA,1797,EDITORIAL,0.60,Pattern: shrinking_to_stub,,,1902,4,1771|1778|1810|1815
IKENILD_STREET,IKENILD STREET,1797,EDITORIAL,0.60,Pattern: shrinking_to_stub,,,1867,4,1778|1810|1815|1823
OLAX,OLAX,1815,EDITORIAL,0.60,Pattern: early_editions_only,,,1827,4,1771|1797|1810|1823
ILA,ILA,1810,EDITORIAL,0.60,Pattern: early_editions_only,,,1826,3,1778|1797|1823
COPERNICAN,COPERNICAN,1797,EDITORIAL,0.60,Pattern: shrinking_to_stub,,,1817,6,1771|1778|1810|1815|1823|1842
HELIANTHUS,HELIANTHUS,1810,EDITORIAL,0.60,Pattern: early_editions_only,,,1786,5,1771|1778|1797|1815|1823
BAGUETTE,BAGUETTE,1810,EDITORIAL,0.60,Pattern: shrinking_to_stub,,,1747,4,1771|1778|1797|1815
POPULUS,POPULUS,1778,EDITORIAL,0.60,Pattern: shrinking_to_stub,,,1707,4,1771|1797|1810|1815
HIBISCUS,HIBISCUS,1810,EDITORIAL,0.60,Pattern: early_editions_only,,,1705,5,1771|1778|1797|1815|1823
MAGDALEN,MAGDALEN,1797,EDITORIAL,0.60,Pattern: early_editions_only,,,1692,5,1771|1778|1810|1815|1823
HAMI,HAMI,1810,EDITORIAL,0.60,Pattern: early_editions_only,,,1634,3,1797|1815|1823
COMMENTARY,COMMENTARY,1778,EDITORIAL,0.60,Pattern: shrinking_to_stub,,,1621,7,1771|1797|1810|1815|1823|1842|1860
RALLUS,RALLUS,1778,EDITORIAL,0.60,Pattern: early_editions_only,,,1598,2,1771|1797
KASSON,KASSON,1810,EDITORIAL,0.60,Pattern: early_editions_only,,,1597,3,1797|1815|1823
JUNIPERUS,JUNIPERUS,1778,EDITORIAL,0.60,Pattern: shrinking_to_stub,,,1596,5,1771|1797|1810|1815|1823
CUPELLATION,CUPELLATION,1810,EDITORIAL,0.60,Pattern: early_editions_only,,,1593,3,1797|1815|1823
OLD_AGE,OLD AGE,1810,EDITORIAL,0.60,Pattern: early_editions_only,,,1573,2,1797|1815
BELLES_LETTRES,BELLES LETTRES,1797,EDITORIAL,0.60,Pattern: early_editions_only,,,1564,2,1778|1815
BELLES_LETTRES,BELLES LETTRES,1810,EDITORIAL,0.60,Pattern: early_editions_only,,,1564,2,1778|1815
RHIZOPHORA,RHIZOPHORA,1797,EDITORIAL,0.60,Pattern: early_editions_only,,,1564,3,1778|1815|1823
CRANE,CRANE,1815,EDITORIAL,0.60,Pattern: early_editions_only,,,1561,5,1771|1778|1797|1810|1823
PHILOSOPHER'S_STONE,PHILOSOPHER'S STONE,1797,EDITORIAL,0.60,Pattern: early_editions_only,,,1550,2,1771|1810
FER_DE_FOURCHETTE,FER DE FOURCHETTE,1778,EDITORIAL,0.60,Pattern: shrinking_to_stub,,,1548,4,1771|1797|1815|1842
FER_DE_FOURCHETTE,FER DE FOURCHETTE,1810,EDITORIAL,0.60,Pattern: shrinking_to_stub,,,1548,4,1771|1797|1815|1842
FER_DE_FOURCHETTE,FER DE FOURCHETTE,1823,EDITORIAL,0.60,Pattern: shrinking_to_stub,,,1548,4,1771|1797|1815|1842
DROPSEY,DROPSEY,1810,EDITORIAL,0.60,Pattern: early_editions_only,,,1537,2,1797|1823
DROPSEY,DROPSEY,1815,EDITORIAL,0.60,Pattern: early_editions_only,,,1537,2,1797|1823
PLINTH,PLINTH,1815,EDITORIAL,0.60,Pattern: early_editions_only,,,1528,5,1771|1778|1797|1810|1823
TERRA,TERRA,1810,EDITORIAL,0.60,Pattern: early_editions_only,,,1489,2,1797|1815
EXPONENTIAL_CALCULUS,EXPONENTIAL CALCULUS,1810,EDITORIAL,0.60,Pattern: early_editions_only,,,1477,2,1797|1815
SURRY,SURRY,1810,EDITORIAL,0.60,Pattern: early_editions_only,,,1450,3,1778|1797|1823
SURRY,SURRY,1815,EDITORIAL,0.60,Pattern: early_editions_only,,,1450,3,1778|1797|1823
FUNERAL_ORATION,FUNERAL ORATION,1815,EDITORIAL,0.60,Pattern: early_editions_only,,,1448,5,1771|1778|1797|1810|1823
FIRST-BORN,FIRST-BORN,1810,EDITORIAL,0.60,Pattern: early_editions_only,,,1417,2,1797|1815
PHARPAR,PHARPAR,1810,EDITORIAL,0.60,Pattern: early_editions_only,,,1411,3,1797|1815|1823
PILASTER,PILASTER,1797,EDITORIAL,0.60,Pattern: early_editions_only,,,1408,3,1778|1810|1823
PILASTER,PILASTER,1815,EDITORIAL,0.60,Pattern: early_editions_only,,,1408,3,1778|1810|1823
HATUAN,HATUAN,1778,EDITORIAL,0.60,Pattern: early_editions_only,,,1406,5,1771|1797|1810|1815|1823
PICUS,PICUS,1797,EDITORIAL,0.60,Pattern: early_editions_only,,,1393,4,1771|1778|1810|1823
PICUS,PICUS,1815,EDITORIAL,0.60,Pattern: early_editions_only,,,1393,4,1771|1778|1810|1823
PLINY_THE_ELDER,PLINY THE ELDER,1797,EDITORIAL,0.60,Pattern: shrinking_to_stub,,,1379,3,1778|1815|1823
PLINY_THE_ELDER,PLINY THE ELDER,1810,EDITORIAL,0.60,Pattern: shrinking_to_stub,,,1379,3,1778|1815|1823
POLLUTION,POLLUTION,1815,EDITORIAL,0.60,Pattern: early_editions_only,,,1378,4,1778|1797|1810|1823
SEJANUS,SEJANUS,1797,EDITORIAL,0.60,Pattern: early_editions_only,,,1372,2,1778|1815
RATE,RATE,1797,EDITORIAL,0.60,Pattern: early_editions_only,,,1335,5,1771|1778|1810|1815|1823
BOWELS,BOWELS,1797,EDITORIAL,0.60,Pattern: early_editions_only,,,1334,2,1771|1823
BOWELS,BOWELS,1815,EDITORIAL,0.60,Pattern: early_editions_only,,,1334,2,1771|1823
PROCELLARIA,PROCELLARIA,1810,EDITORIAL,0.60,Pattern: early_editions_only,,,1326,4,1771|1778|1797|1815
CELTAE,CELTAE,1797,EDITORIAL,0.60,Pattern: early_editions_only,,,1312,2,1778|1815
NEVERS,NEVERS,1797,EDITORIAL,0.60,Pattern: early_editions_only,,,1307,3,1771|1778|1810
CHOPIN,CHOPIN,1815,EDITORIAL,0.60,Pattern: shrinking_to_stub,,,1306,4,1778|1797|1842|1860
CHOPIN,CHOPIN,1823,EDITORIAL,0.60,Pattern: shrinking_to_stub,,,1306,4,1778|1797|1842|1860
NAVARRE,NAVARRE,1797,EDITORIAL,0.60,Pattern: early_editions_only,,,1302,3,1778|1810|1823
CANARY,CANARY,1797,EDITORIAL,0.60,Pattern: early_editions_only,,,1301,5,1771|1778|1810|1815|1823
SYLIA,SYLIA,1810,EDITORIAL,0.60,Pattern: early_editions_only,,,1271,2,1797|1823
SYLIA,SYLIA,1815,EDITORIAL,0.60,Pattern: early_editions_only,,,1271,2,1797|1823
LUCARIA,LUCARIA,1810,EDITORIAL,0.60,Pattern: early_editions_only,,,1270,3,1797|1815|1823
DIDELPHIS,DIDELPHIS,1797,EDITORIAL,0.60,Pattern: early_editions_only,,,1254,3,1771|1778|1815
DIDELPHIS,DIDELPHIS,1810,EDITORIAL,0.60,Pattern: early_editions_only,,,1254,3,1771|1778|1815
ISPAHAN,ISPAHAN,1810,EDITORIAL,0.60,Pattern: early_editions_only,,,1253,2,1797|1815
ASTRONOMICAL,ASTRONOMICAL,1810,EDITORIAL,0.60,Pattern: shrinking_to_stub,,,1251,3,1778|1797|1815
HELIACAL,HELIACAL,1797,EDITORIAL,0.60,Pattern: early_editions_only,,,1250,3,1771|1778|1810
PSITTACUS,PSITTACUS,1778,EDITORIAL,0.60,Pattern: early_editions_only,,,1243,2,1771|1797
TERRA_AUSTRALIS_INCOGNITA,TERRA AUSTRALIS INCOGNITA,1797,EDITORIAL,0.60,Pattern: early_editions_only,,,1241,2,1778|1815
TERRA_AUSTRALIS_INCOGNITA,TERRA AUSTRALIS INCOGNITA,1810,EDITORIAL,0.60,Pattern: early_editions_only,,,1241,2,1778|1815
GREEN-CLOTH,GREEN-CLOTH,1778,EDITORIAL,0.60,Pattern: early_editions_only,,,1229,4,1771|1797|1815|1823
GREEN-CLOTH,GREEN-CLOTH,1810,EDITORIAL,0.60,Pattern: early_editions_only,,,1229,4,1771|1797|1815|1823
JAGHIREDER,JAGHIREDER,1810,EDITORIAL,0.60,Pattern: shrinking_to_stub,,,1224,3,1797|1815|1823
HENLEY,HENLEY,1810,EDITORIAL,0.60,Pattern: early_editions_only,,,1213,4,1771|1778|1797|1815
LEECH,LEECH,1797,EDITORIAL,0.60,Pattern: early_editions_only,,,1194,3,1778|1810|1815
BAOBAB,BAOBAB,1810,EDITORIAL,0.60,Pattern: shrinking_to_stub,,,1181,3,1778|1797|1860
BAOBAB,BAOBAB,1815,EDITORIAL,0.60,Pattern: shrinking_to_stub,,,1181,3,1778|1797|1860
BAOBAB,BAOBAB,1823,EDITORIAL,0.60,Pattern: shrinking_to_stub,,,1181,3,1778|1797|1860
BAOBAB,BAOBAB,1842,EDITORIAL,0.60,Pattern: shrinking_to_stub,,,1181,3,1778|1797|1860
SCHOENOBATES,SCHOENOBATES,1797,EDITORIAL,0.60,Pattern: early_editions_only,,,1173,4,1778|1810|1815|1823
BLOMARY,BLOMARY,1797,EDITORIAL,0.60,Pattern: early_editions_only,,,1150,4,1771|1778|1810|1823
BLOMARY,BLOMARY,1815,EDITORIAL,0.60,Pattern: early_editions_only,,,1150,4,1771|1778|1810|1823
QUICK,QUICK,1810,EDITORIAL,0.60,Pattern: early_editions_only,,,1147,5,1771|1778|1797|1815|1823
NIGHT-WALKERS,NIGHT-WALKERS,1810,EDITORIAL,0.60,Pattern: early_editions_only,,,1139,2,1797|1815
PAPAVER,PAPAVER,1815,EDITORIAL,0.60,Pattern: early_editions_only,,,1114,5,1771|1778|1797|1810|1823
DELETERIOUS,DELETERIOUS,1810,EDITORIAL,0.60,Pattern: shrinking_to_stub,,,1112,3,1797|1842|1860
DELETERIOUS,DELETERIOUS,1815,EDITORIAL,0.60,Pattern: shrinking_to_stub,,,1112,3,1797|1842|1860
DELETERIOUS,DELETERIOUS,1823,EDITORIAL,0.60,Pattern: shrinking_to_stub,,,1112,3,1797|1842|1860
RETICULAR_BODY,RETICULAR BODY,1797,EDITORIAL,0.60,Pattern: early_editions_only,,,1103,4,1778|1810|1815|1823
GENUS_LXXXIII,GENUS LXXXIII,1815,EDITORIAL,0.60,Pattern: early_editions_only,,,1101,3,1797|1810|1823
PENTAGRAPH,PENTAGRAPH,1815,EDITORIAL,0.60,Pattern: early_editions_only,,,1085,4,1771|1778|1810|1823
CASTRUCCIO,CASTRUCCIO,1797,EDITORIAL,0.60,Pattern: early_editions_only,,,1068,2,1778|1810
CATANEA,CATANEA,1797,EDITORIAL,0.60,Pattern: early_editions_only,,,1062,4,1778|1810|1815|1823
CAESAR,CAESAR,1815,EDITORIAL,0.60,Pattern: early_editions_only,,,1061,4,1771|1778|1797|1823
PALAMEDEA,PALAMEDEA,1810,EDITORIAL,0.60,Pattern: early_editions_only,,,1052,2,1797|1823
PALAMEDEA,PALAMEDEA,1815,EDITORIAL,0.60,Pattern: early_editions_only,,,1052,2,1797|1823
GARCINIA,GARCINIA,1778,EDITORIAL,0.60,Pattern: early_editions_only,,,1038,2,1771|1797
QUARRIES,QUARRIES,1810,EDITORIAL,0.60,Pattern: early_editions_only,,,1030,3,1797|1815|1823
CHANTOR,CHANTOR,1797,EDITORIAL,0.60,Pattern: early_editions_only,,,1029,5,1771|1778|1810|1815|1823
LEVIGATION,LEVIGATION,1810,EDITORIAL,0.60,Pattern: shrinking_to_stub,,,1025,6,1771|1778|1797|1815|1823|1842
DACTYLUS,DACTYLUS,1778,EDITORIAL,0.60,Pattern: shrinking_to_stub,,,1015,5,1771|1797|1810|1823|1842
DACTYLUS,DACTYLUS,1815,EDITORIAL,0.60,Pattern: shrinking_to_stub,,,1015,5,1771|1797|1810|1823|1842
DECIUS,DECIUS,1797,EDITORIAL,0.60,Pattern: early_editions_only,,,1007,3,1778|1815|1823
DECIUS,DECIUS,1810,EDITORIAL,0.60,Pattern: early_editions_only,,,1007,3,1778|1815|1823
AMERICA,AMERICA,1810,OCR_GAP,0.80,"Headword ""AMERICA"" not in any OCR range for 1810",,,148943,6,1771|1778|1797|1815|1823|1842
STRAIN,STRAIN,1778,OCR_GAP,0.80,"Headword ""STRAIN"" not in any OCR range for 1778",,,84821,6,1771|1797|1810|1815|1823|1842
STEAM-ENGINE,STEAM-ENGINE,1810,OCR_GAP,0.80,"Headword ""STEAMENGINE"" not in any OCR range for 1810",,,62211,5,1778|1797|1815|1823|1860
CHARLES_V,CHARLES V,1810,OCR_GAP,0.80,"Headword ""CHARLES V"" not in any OCR range for 1810",,,56106,5,1778|1797|1815|1823|1842
ANNUITIES,ANNUITIES,1797,OCR_GAP,0.80,"Headword ""ANNUITIES"" not in any OCR range for 1797",,,54228,6,1771|1778|1815|1823|1842|1860
ANNUITIES,ANNUITIES,1810,OCR_GAP,0.80,"Headword ""ANNUITIES"" not in any OCR range for 1810",,,54228,6,1771|1778|1815|1823|1842|1860
BOSWELL,BOSWELL,1810,OCR_GAP,0.80,"Headword ""BOSWELL"" not in any OCR range for 1810",,,51994,4,1797|1823|1842|1860
WORK-HOUSE,WORK-HOUSE,1810,OCR_GAP,0.80,"Headword ""WORKHOUSE"" not in any OCR range for 1810",,,33947,4,1797|1815|1823|1842
ARISTOXENUS,ARISTOXENUS,1823,OCR_GAP,0.80,"Headword ""ARISTOXENUS"" not in any OCR range for 1823",,,28323,6,1778|1797|1810|1815|1842|1860
ROOF,ROOF,1810,OCR_GAP,0.80,"Headword ""ROOF"" not in any OCR range for 1810",,,27732,5,1797|1815|1823|1842|1860
SCULPTURE,SCULPTURE,1778,OCR_GAP,0.80,"Headword ""SCULPTURE"" not in any OCR range for 1778",,,25820,7,1771|1797|1810|1815|1823|1842|1860
BEDWIN,BEDWIN,1778,OCR_GAP,0.80,"Headword ""BEDWIN"" not in any OCR range for 1778",,,25293,2,1771|1842
TIMBER,TIMBER,1778,OCR_GAP,0.80,"Headword ""TIMBER"" not in any OCR range for 1778",,,23015,4,1771|1810|1842|1860
AERONAUTICA,AERONAUTICA,1815,OCR_GAP,0.80,"Headword ""AERONAUTICA"" not in any OCR range for 1815",,,22913,5,1797|1810|1823|1842|1860
ANGINA_PECTORIS,ANGINA PECTORIS,1815,OCR_GAP,0.80,"Headword ""ANGINA PECTORIS"" not in any OCR range for 1815",,,22557,3,1810|1823|1860
ANGINA_PECTORIS,ANGINA PECTORIS,1842,OCR_GAP,0.80,"Headword ""ANGINA PECTORIS"" not in any OCR range for 1842",,,22557,3,1810|1823|1860
WELLINGTON,WELLINGTON,1778,OCR_GAP,0.80,"Headword ""WELLINGTON"" not in any OCR range for 1778",,,22020,2,1771|1860
WELLINGTON,WELLINGTON,1810,OCR_GAP,0.80,"Headword ""WELLINGTON"" not in any OCR range for 1810",,,22020,2,1771|1860
WEIGHTS_AND_MEASURES,WEIGHTS AND MEASURES,1810,OCR_GAP,0.80,"Headword ""WEIGHTS AND MEASURES"" not in any OCR range for 1810",,,20926,4,1797|1823|1842|1860
PATHOLOGY,PATHOLOGY,1778,OCR_GAP,0.80,"Headword ""PATHOLOGY"" not in any OCR range for 1778",,,20768,3,1771|1842|1860
AETNA,AETNA,1797,OCR_GAP,0.80,"Headword ""AETNA"" not in any OCR range for 1797",,,20517,3,1778|1810|1823
AETNA,AETNA,1815,OCR_GAP,0.80,"Headword ""AETNA"" not in any OCR range for 1815",,,20517,3,1778|1810|1823
ARCHIMEDES,ARCHIMEDES,1797,OCR_GAP,0.80,"Headword ""ARCHIMEDES"" not in any OCR range for 1797",,,20144,6,1778|1810|1815|1823|1842|1860
BOOK-KEEPING,BOOK-KEEPING,1810,OCR_GAP,0.80,"Headword ""BOOKKEEPING"" not in any OCR range for 1810",,,19553,6,1778|1797|1815|1823|1842|1860
AEROSTATION,AEROSTATION,1810,OCR_GAP,0.80,"Headword ""AEROSTATION"" not in any OCR range for 1810",,,19227,3,1797|1815|1823
VOLTAIRE,VOLTAIRE,1810,OCR_GAP,0.80,"Headword ""VOLTAIRE"" not in any OCR range for 1810",,,18704,6,1778|1797|1815|1823|1842|1860
SLAVERY,SLAVERY,1810,OCR_GAP,0.80,"Headword ""SLAVERY"" not in any OCR range for 1810",,,17488,3,1797|1842|1860
LIVERPOOL,LIVERPOOL,1778,OCR_GAP,0.80,"Headword ""LIVERPOOL"" not in any OCR range for 1778",,,15309,6,1771|1797|1810|1815|1842|1860
TRUMPET,TRUMPET,1778,OCR_GAP,0.80,"Headword ""TRUMPET"" not in any OCR range for 1778",,,14083,7,1771|1797|1810|1815|1823|1842|1860
ASSAYING,ASSAYING,1810,OCR_GAP,0.80,"Headword ""ASSAYING"" not in any OCR range for 1810",,,12970,4,1797|1823|1842|1860
CATHEDRAL,CATHEDRAL,1810,OCR_GAP,0.80,"Headword ""CATHEDRAL"" not in any OCR range for 1810",,,12613,4,1771|1778|1823|1842
ARCHITRAVE,ARCHITRAVE,1810,OCR_GAP,0.80,"Headword ""ARCHITRAVE"" not in any OCR range for 1810",,,12079,6,1771|1778|1797|1815|1842|1860
ARCHITRAVE,ARCHITRAVE,1823,OCR_GAP,0.80,"Headword ""ARCHITRAVE"" not in any OCR range for 1823",,,12079,6,1771|1778|1797|1815|1842|1860
CIVIL_LAW,CIVIL LAW,1810,OCR_GAP,0.80,"Headword ""CIVIL LAW"" not in any OCR range for 1810",,,11628,5,1771|1778|1815|1823|1842
ANNUALRENT,ANNUALRENT,1797,OCR_GAP,0.80,"Headword ""ANNUALRENT"" not in any OCR range for 1797",,,11350,4,1771|1778|1842|1860
ANNUALRENT,ANNUALRENT,1810,OCR_GAP,0.80,"Headword ""ANNUALRENT"" not in any OCR range for 1810",,,11350,4,1771|1778|1842|1860
ANNUALRENT,ANNUALRENT,1815,OCR_GAP,0.80,"Headword ""ANNUALRENT"" not in any OCR range for 1815",,,11350,4,1771|1778|1842|1860
ANNUALRENT,ANNUALRENT,1823,OCR_GAP,0.80,"Headword ""ANNUALRENT"" not in any OCR range for 1823",,,11350,4,1771|1778|1842|1860
BEGGAR,BEGGAR,1778,OCR_GAP,0.80,"Headword ""BEGGAR"" not in any OCR range for 1778",,,10900,2,1771|1823
SIGNALS,SIGNALS,1810,OCR_GAP,0.80,"Headword ""SIGNALS"" not in any OCR range for 1810",,,10697,3,1778|1797|1842
LONGITUDE,LONGITUDE,1778,OCR_GAP,0.80,"Headword ""LONGITUDE"" not in any OCR range for 1778",,,10433,7,1771|1797|1810|1815|1823|1842|1860
ARMUYDEN,ARMUYDEN,1810,OCR_GAP,0.80,"Headword ""ARMUYDEN"" not in any OCR range for 1810",,,10208,7,1771|1778|1797|1815|1823|1842|1860
AEROPHYLACEA,AEROPHYLACEA,1810,OCR_GAP,0.80,"Headword ""AEROPHYLACEA"" not in any OCR range for 1810",,,10091,5,1778|1797|1815|1823|1860
AEROPHYLACEA,AEROPHYLACEA,1842,OCR_GAP,0.80,"Headword ""AEROPHYLACEA"" not in any OCR range for 1842",,,10091,5,1778|1797|1815|1823|1860
WILNA,WILNA,1778,OCR_GAP,0.80,"Headword ""WILNA"" not in any OCR range for 1778",,,9726,3,1771|1810|1842
SUMATRA,SUMATRA,1778,OCR_GAP,0.80,"Headword ""SUMATRA"" not in any OCR range for 1778",,,9504,7,1771|1797|1810|1815|1823|1842|1860
MOON,MOON,1778,OCR_GAP,0.80,"Headword ""MOON"" not in any OCR range for 1778",,,9106,6,1771|1797|1810|1815|1823|1842
ZONE,ZONE,1797,OCR_GAP,0.80,"Headword ""ZONE"" not in any OCR range for 1797",,,9013,6,1771|1778|1810|1815|1823|1842
ANNUITY,ANNUITY,1815,OCR_GAP,0.80,"Headword ""ANNUITY"" not in any OCR range for 1815",,,7803,3,1797|1810|1823
CHARITY,CHARITY,1810,OCR_GAP,0.80,"Headword ""CHARITY"" not in any OCR range for 1810",,,7503,7,1771|1778|1797|1815|1823|1842|1860
ALPHONSO_II,ALPHONSO II,1815,OCR_GAP,0.80,"Headword ""ALPHONSO II"" not in any OCR range for 1815",,,7457,3,1810|1823|1842
SWERTIA,SWERTIA,1778,OCR_GAP,0.80,"Headword ""SWERTIA"" not in any OCR range for 1778",,,7302,2,1771|1797
MONSTER,MONSTER,1778,OCR_GAP,0.80,"Headword ""MONSTER"" not in any OCR range for 1778",,,7220,6,1771|1797|1815|1823|1842|1860
BURNS,BURNS,1810,OCR_GAP,0.80,"Headword ""BURNS"" not in any OCR range for 1810",,,7215,5,1797|1815|1823|1842|1860
CAMPBELL,CAMPBELL,1810,OCR_GAP,0.80,"Headword ""CAMPBELL"" not in any OCR range for 1810",,,7041,6,1778|1797|1815|1823|1842|1860
ABDC,ABDC,1815,OCR_GAP,0.80,"Headword ""ABDC"" not in any OCR range for 1815",,,6949,2,1810|1823
MONSOON,MONSOON,1778,OCR_GAP,0.80,"Headword ""MONSOON"" not in any OCR range for 1778",,,6856,7,1771|1797|1810|1815|1823|1842|1860
TYTLER,TYTLER,1810,OCR_GAP,0.80,"Headword ""TYTLER"" not in any OCR range for 1810",,,6716,3,1797|1842|1860
BRICK,BRICK,1778,OCR_GAP,0.80,"Headword ""BRICK"" not in any OCR range for 1778",,,6462,6,1771|1797|1815|1823|1842|1860
ALKALI,ALKALI,1810,OCR_GAP,0.80,"Headword ""ALKALI"" not in any OCR range for 1810",,,6330,5,1771|1797|1815|1842|1860
ALKALI,ALKALI,1823,OCR_GAP,0.80,"Headword ""ALKALI"" not in any OCR range for 1823",,,6330,5,1771|1797|1815|1842|1860
SPALLANZANI,SPALLANZANI,1810,OCR_GAP,0.80,"Headword ""SPALLANZANI"" not in any OCR range for 1810",,,6271,5,1797|1815|1823|1842|1860
CHRISTOPHERS,CHRISTOPHERS,1810,OCR_GAP,0.80,"Headword ""CHRISTOPHERS"" not in any OCR range for 1810",,,6247,5,1771|1778|1823|1842|1860
CLAY,CLAY,1810,OCR_GAP,0.80,"Headword ""CLAY"" not in any OCR range for 1810",,,6210,6,1771|1778|1797|1815|1823|1860
ADDISON,ADDISON,1810,OCR_GAP,0.80,"Headword ""ADDISON"" not in any OCR range for 1810",,,6038,4,1778|1797|1842|1860
ADDISON,ADDISON,1815,OCR_GAP,0.80,"Headword ""ADDISON"" not in any OCR range for 1815",,,6038,4,1778|1797|1842|1860
ADDISON,ADDISON,1823,OCR_GAP,0.80,"Headword ""ADDISON"" not in any OCR range for 1823",,,6038,4,1778|1797|1842|1860
SPAHIS,SPAHIS,1810,OCR_GAP,0.80,"Headword ""SPAHIS"" not in any OCR range for 1810",,,5769,2,1778|1842
LINLITHGOW,LINLITHGOW,1778,OCR_GAP,0.80,"Headword ""LINLITHGOW"" not in any OCR range for 1778",,,5715,7,1771|1797|1810|1815|1823|1842|1860
AERY,AERY,1810,OCR_GAP,0.80,"Headword ""AERY"" not in any OCR range for 1810",,,5663,3,1797|1815|1823
STOCKPORT,STOCKPORT,1778,OCR_GAP,0.80,"Headword ""STOCKPORT"" not in any OCR range for 1778",,,5594,2,1771|1860
STOCKPORT,STOCKPORT,1810,OCR_GAP,0.80,"Headword ""STOCKPORT"" not in any OCR range for 1810",,,5594,2,1771|1860
STADIUM,STADIUM,1810,OCR_GAP,0.80,"Headword ""STADIUM"" not in any OCR range for 1810",,,5560,6,1771|1778|1797|1815|1842|1860
SILPHIUM,SILPHIUM,1810,OCR_GAP,0.80,"Headword ""SILPHIUM"" not in any OCR range for 1810",,,5278,5,1771|1778|1797|1815|1823
NORTHWICH,NORTHWICH,1778,OCR_GAP,0.80,"Headword ""NORTHWICH"" not in any OCR range for 1778",,,5200,3,1771|1842|1860
BOUGUER,BOUGUER,1810,OCR_GAP,0.80,"Headword ""BOUGUER"" not in any OCR range for 1810",,,5171,4,1797|1823|1842|1860
CALCUTTA,CALCUTTA,1810,OCR_GAP,0.80,"Headword ""CALCUTTA"" not in any OCR range for 1810",,,5097,6,1778|1797|1815|1823|1842|1860
TIPPERARY,TIPPERARY,1778,OCR_GAP,0.80,"Headword ""TIPPERARY"" not in any OCR range for 1778",,,4823,7,1771|1797|1810|1815|1823|1842|1860
SUICIDE,SUICIDE,1810,OCR_GAP,0.80,"Headword ""SUICIDE"" not in any OCR range for 1810",,,4814,5,1797|1815|1823|1842|1860
RICHMOND,RICHMOND,1810,OCR_GAP,0.80,"Headword ""RICHMOND"" not in any OCR range for 1810",,,4631,4,1771|1823|1842|1860
MEATH,MEATH,1778,OCR_GAP,0.80,"Headword ""MEATH"" not in any OCR range for 1778",,,4313,7,1771|1797|1810|1815|1823|1842|1860
KERRY,KERRY,1778,OCR_GAP,0.80,"Headword ""KERRY"" not in any OCR range for 1778",,,4238,7,1771|1797|1810|1815|1823|1842|1860
CATO,CATO,1810,OCR_GAP,0.80,"Headword ""CATO"" not in any OCR range for 1810",,,4195,6,1778|1797|1815|1823|1842|1860
WESTMEATH,WESTMEATH,1778,OCR_GAP,0.80,"Headword ""WESTMEATH"" not in any OCR range for 1778",,,4193,3,1771|1842|1860
SIAM,SIAM,1810,OCR_GAP,0.80,"Headword ""SIAM"" not in any OCR range for 1810",,,4189,4,1771|1778|1842|1860
NEWBOROUGH,NEWBOROUGH,1778,OCR_GAP,0.80,"Headword ""NEWBOROUGH"" not in any OCR range for 1778",,,4023,6,1771|1797|1810|1815|1823|1842
ANTIPAROS,ANTIPAROS,1823,OCR_GAP,0.80,"Headword ""ANTIPAROS"" not in any OCR range for 1823",,,4019,6,1778|1797|1810|1815|1842|1860
CHARLES_MARTEL,CHARLES MARTEL,1810,OCR_GAP,0.80,"Headword ""CHARLES MARTEL"" not in any OCR range for 1810",,,3971,6,1778|1797|1815|1823|1842|1860
CHARLES_LE_GROS,CHARLES LE GROS,1810,OCR_GAP,0.80,"Headword ""CHARLES LE GROS"" not in any OCR range for 1810",,,3919,6,1778|1797|1815|1823|1842|1860
CLARE,CLARE,1810,OCR_GAP,0.80,"Headword ""CLARE"" not in any OCR range for 1810",,,3733,6,1771|1778|1797|1823|1842|1860
SELKIRK,SELKIRK,1778,OCR_GAP,0.80,"Headword ""SELKIRK"" not in any OCR range for 1778",,,3718,7,1771|1797|1810|1815|1823|1842|1860
CHAUCER,CHAUCER,1810,OCR_GAP,0.80,"Headword ""CHAUCER"" not in any OCR range for 1810",,,3692,4,1797|1815|1823|1842
SHEFFIELD,SHEFFIELD,1778,OCR_GAP,0.80,"Headword ""SHEFFIELD"" not in any OCR range for 1778",,,3617,5,1771|1810|1815|1842|1860
LORN,LORN,1778,OCR_GAP,0.80,"Headword ""LORN"" not in any OCR range for 1778",,,3585,2,1771|1860
CAMOENS,CAMOENS,1810,OCR_GAP,0.80,"Headword ""CAMOENS"" not in any OCR range for 1810",,,3581,4,1778|1823|1842|1860
SHARP,SHARP,1810,OCR_GAP,0.80,"Headword ""SHARP"" not in any OCR range for 1810",,,3560,6,1778|1797|1815|1823|1842|1860
THRASHING,THRASHING,1778,OCR_GAP,0.80,"Headword ""THRASHING"" not in any OCR range for 1778",,,3556,6,1771|1797|1810|1815|1823|1842
ALOE,ALOE,1810,OCR_GAP,0.80,"Headword ""ALOE"" not in any OCR range for 1810",,,3517,4,1771|1778|1797|1860
ALOE,ALOE,1815,OCR_GAP,0.80,"Headword ""ALOE"" not in any OCR range for 1815",,,3517,4,1771|1778|1797|1860
ALOE,ALOE,1823,OCR_GAP,0.80,"Headword ""ALOE"" not in any OCR range for 1823",,,3517,4,1771|1778|1797|1860
ALOE,ALOE,1842,OCR_GAP,0.80,"Headword ""ALOE"" not in any OCR range for 1842",,,3517,4,1771|1778|1797|1860
LUC,LUC,1778,OCR_GAP,0.80,"Headword ""LUC"" not in any OCR range for 1778",,,3477,4,1771|1823|1842|1860
RUDDIMAN,RUDDIMAN,1810,OCR_GAP,0.80,"Headword ""RUDDIMAN"" not in any OCR range for 1810",,,3426,4,1797|1815|1823|1842
VENEZUELA,VENEZUELA,1778,OCR_GAP,0.80,"Headword ""VENEZUELA"" not in any OCR range for 1778",,,3380,3,1771|1842|1860
VENEZUELA,VENEZUELA,1810,OCR_GAP,0.80,"Headword ""VENEZUELA"" not in any OCR range for 1810",,,3380,3,1771|1842|1860
AGRARIAN_LAWS,AGRARIAN LAWS,1823,OCR_GAP,0.80,"Headword ""AGRARIAN LAWS"" not in any OCR range for 1823",,,3330,4,1797|1810|1815|1860
AGRARIAN_LAWS,AGRARIAN LAWS,1842,OCR_GAP,0.80,"Headword ""AGRARIAN LAWS"" not in any OCR range for 1842",,,3330,4,1797|1810|1815|1860
STADTHOLDER,STADTHOLDER,1810,OCR_GAP,0.80,"Headword ""STADTHOLDER"" not in any OCR range for 1810",,,3315,5,1771|1778|1797|1815|1842
ASSOCIATION,ASSOCIATION,1810,OCR_GAP,0.80,"Headword ""ASSOCIATION"" not in any OCR range for 1810",,,3261,6,1778|1797|1815|1823|1842|1860
MADRAS,MADRAS,1778,OCR_GAP,0.80,"Headword ""MADRAS"" not in any OCR range for 1778",,,3204,6,1771|1810|1815|1823|1842|1860
SEVERUS'S_WALL,SEVERUS'S WALL,1810,OCR_GAP,0.80,"Headword ""SEVERUSS WALL"" not in any OCR range for 1810",,,3196,5,1778|1797|1815|1823|1842
ARGYLESHERE,ARGYLESHERE,1810,OCR_GAP,0.80,"Headword ""ARGYLESHERE"" not in any OCR range for 1810",,,3131,4,1771|1797|1842|1860
ARGYLESHERE,ARGYLESHERE,1815,OCR_GAP,0.80,"Headword ""ARGYLESHERE"" not in any OCR range for 1815",,,3131,4,1771|1797|1842|1860
ARGYLESHERE,ARGYLESHERE,1823,OCR_GAP,0.80,"Headword ""ARGYLESHERE"" not in any OCR range for 1823",,,3131,4,1771|1797|1842|1860
ROYAL,ROYAL,1810,OCR_GAP,0.80,"Headword ""ROYAL"" not in any OCR range for 1810",,,3099,7,1771|1778|1797|1815|1823|1842|1860
WRITING,WRITING,1778,OCR_GAP,0.80,"Headword ""WRITING"" not in any OCR range for 1778",,,3073,7,1771|1797|1810|1815|1823|1842|1860
CINCINNATUS,CINCINNATUS,1810,OCR_GAP,0.80,"Headword ""CINCINNATUS"" not in any OCR range for 1810",,,3068,3,1797|1823|1860
AGARICUS,AGARICUS,1810,OCR_GAP,0.80,"Headword ""AGARICUS"" not in any OCR range for 1810",,,3002,4,1771|1778|1797|1860
AGARICUS,AGARICUS,1815,OCR_GAP,0.80,"Headword ""AGARICUS"" not in any OCR range for 1815",,,3002,4,1771|1778|1797|1860
AGARICUS,AGARICUS,1823,OCR_GAP,0.80,"Headword ""AGARICUS"" not in any OCR range for 1823",,,3002,4,1771|1778|1797|1860
AGARICUS,AGARICUS,1842,OCR_GAP,0.80,"Headword ""AGARICUS"" not in any OCR range for 1842",,,3002,4,1771|1778|1797|1860
RUBENS,RUBENS,1810,OCR_GAP,0.80,"Headword ""RUBENS"" not in any OCR range for 1810",,,2999,6,1778|1797|1815|1823|1842|1860
SPALATRO,SPALATRO,1778,OCR_GAP,0.80,"Headword ""SPALATRO"" not in any OCR range for 1778",,,2980,6,1771|1797|1810|1815|1823|1842
MAINE,MAINE,1778,OCR_GAP,0.80,"Headword ""MAINE"" not in any OCR range for 1778",,,2971,3,1771|1842|1860
CANARIES,CANARIES,1810,OCR_GAP,0.80,"Headword ""CANARIES"" not in any OCR range for 1810",,,2960,2,1771|1842
CINCHONA,CINCHONA,1810,OCR_GAP,0.80,"Headword ""CINCHONA"" not in any OCR range for 1810",,,2912,7,1771|1778|1797|1815|1823|1842|1860
ALVA_DE_TORMES,ALVA DE TORMES,1810,OCR_GAP,0.80,"Headword ""ALVA DE TORMES"" not in any OCR range for 1810",,,2849,4,1778|1797|1815|1842
ALVA_DE_TORMES,ALVA DE TORMES,1823,OCR_GAP,0.80,"Headword ""ALVA DE TORMES"" not in any OCR range for 1823",,,2849,4,1778|1797|1815|1842
CACAO,CACAO,1810,OCR_GAP,0.80,"Headword ""CACAO"" not in any OCR range for 1810",,,2813,3,1778|1797|1860
ALFORD,ALFORD,1810,OCR_GAP,0.80,"Headword ""ALFORD"" not in any OCR range for 1810",,,2802,6,1778|1797|1815|1823|1842|1860
ANTIOCH,ANTIOCH,1842,OCR_GAP,0.80,"Headword ""ANTIOCH"" not in any OCR range for 1842",,,2801,5,1771|1797|1810|1815|1860
ANTONINUS_PHILOSOPHUS,ANTONINUS PHILOSOPHUS,1810,OCR_GAP,0.80,"Headword ""ANTONINUS PHILOSOPHUS"" not in any OCR range for 1810",,,2781,2,1797|1842
ANTONINUS_PHILOSOPHUS,ANTONINUS PHILOSOPHUS,1815,OCR_GAP,0.80,"Headword ""ANTONINUS PHILOSOPHUS"" not in any OCR range for 1815",,,2781,2,1797|1842
ANTONINUS_PHILOSOPHUS,ANTONINUS PHILOSOPHUS,1823,OCR_GAP,0.80,"Headword ""ANTONINUS PHILOSOPHUS"" not in any OCR range for 1823",,,2781,2,1797|1842
ALVA,ALVA,1815,OCR_GAP,0.80,"Headword ""ALVA"" not in any OCR range for 1815",,,2760,3,1810|1823|1860
ALVA,ALVA,1842,OCR_GAP,0.80,"Headword ""ALVA"" not in any OCR range for 1842",,,2760,3,1810|1823|1860
NEWBURY,NEWBURY,1778,OCR_GAP,0.80,"Headword ""NEWBURY"" not in any OCR range for 1778",,,2716,7,1771|1797|1810|1815|1823|1842|1860
ANGLE_OF_REFRACTION_NOW_GENERALLY,ANGLE OF REFRACTION NOW GENERALLY,1810,OCR_GAP,0.80,"Headword ""ANGLE OF REFRACTION NOW GENERALLY"" not in any OCR range for 1810",,,2698,4,1778|1797|1815|1860
ANGLE_OF_REFRACTION_NOW_GENERALLY,ANGLE OF REFRACTION NOW GENERALLY,1823,OCR_GAP,0.80,"Headword ""ANGLE OF REFRACTION NOW GENERALLY"" not in any OCR range for 1823",,,2698,4,1778|1797|1815|1860
ANGLE_OF_REFRACTION_NOW_GENERALLY,ANGLE OF REFRACTION NOW GENERALLY,1842,OCR_GAP,0.80,"Headword ""ANGLE OF REFRACTION NOW GENERALLY"" not in any OCR range for 1842",,,2698,4,1778|1797|1815|1860
ALFRED,ALFRED,1815,OCR_GAP,0.80,"Headword ""ALFRED"" not in any OCR range for 1815",,,2686,6,1778|1797|1810|1823|1842|1860
WARTON,WARTON,1810,OCR_GAP,0.80,"Headword ""WARTON"" not in any OCR range for 1810",,,2659,3,1797|1842|1860
SCHEELE,SCHEELE,1810,OCR_GAP,0.80,"Headword ""SCHEELE"" not in any OCR range for 1810",,,2650,5,1797|1815|1823|1842|1860
ALLIUM,ALLIUM,1810,OCR_GAP,0.80,"Headword ""ALLIUM"" not in any OCR range for 1810",,,2589,2,1797|1860
ALLIUM,ALLIUM,1815,OCR_GAP,0.80,"Headword ""ALLIUM"" not in any OCR range for 1815",,,2589,2,1797|1860
ALLIUM,ALLIUM,1823,OCR_GAP,0.80,"Headword ""ALLIUM"" not in any OCR range for 1823",,,2589,2,1797|1860
ALLIUM,ALLIUM,1842,OCR_GAP,0.80,"Headword ""ALLIUM"" not in any OCR range for 1842",,,2589,2,1797|1860
LICHEN,LICHEN,1778,OCR_GAP,0.80,"Headword ""LICHEN"" not in any OCR range for 1778",,,2578,2,1771|1797
WIGTOWN,WIGTOWN,1778,OCR_GAP,0.80,"Headword ""WIGTOWN"" not in any OCR range for 1778",,,2570,2,1771|1860
WIGTOWN,WIGTOWN,1810,OCR_GAP,0.80,"Headword ""WIGTOWN"" not in any OCR range for 1810",,,2570,2,1771|1860
ALCEDO,ALCEDO,1810,OCR_GAP,0.80,"Headword ""ALCEDO"" not in any OCR range for 1810",,,2530,3,1778|1797|1860
ALCEDO,ALCEDO,1815,OCR_GAP,0.80,"Headword ""ALCEDO"" not in any OCR range for 1815",,,2530,3,1778|1797|1860
ALCEDO,ALCEDO,1823,OCR_GAP,0.80,"Headword ""ALCEDO"" not in any OCR range for 1823",,,2530,3,1778|1797|1860
ALCEDO,ALCEDO,1842,OCR_GAP,0.80,"Headword ""ALCEDO"" not in any OCR range for 1842",,,2530,3,1778|1797|1860
MAURICE,MAURICE,1778,OCR_GAP,0.80,"Headword ""MAURICE"" not in any OCR range for 1778",,,2520,7,1771|1797|1810|1815|1823|1842|1860
LORETO,LORETO,1778,OCR_GAP,0.80,"Headword ""LORETO"" not in any OCR range for 1778",,,2495,6,1771|1810|1815|1823|1842|1860
ALTING,ALTING,1797,OCR_GAP,0.80,"Headword ""ALTING"" not in any OCR range for 1797",,,2430,6,1778|1810|1815|1823|1842|1860
VIVES,VIVES,1810,OCR_GAP,0.80,"Headword ""VIVES"" not in any OCR range for 1810",,,2419,3,1778|1797|1860
ACER,ACER,1810,OCR_GAP,0.80,"Headword ""ACER"" not in any OCR range for 1810",,,2418,4,1771|1778|1797|1860
ACER,ACER,1815,OCR_GAP,0.80,"Headword ""ACER"" not in any OCR range for 1815",,,2418,4,1771|1778|1797|1860
ACER,ACER,1823,OCR_GAP,0.80,"Headword ""ACER"" not in any OCR range for 1823",,,2418,4,1771|1778|1797|1860
ACER,ACER,1842,OCR_GAP,0.80,"Headword ""ACER"" not in any OCR range for 1842",,,2418,4,1771|1778|1797|1860
CASSINI,CASSINI,1810,OCR_GAP,0.80,"Headword ""CASSINI"" not in any OCR range for 1810",,,2391,5,1797|1815|1823|1842|1860
COLUMBA,COLUMBA,1810,OCR_GAP,0.80,"Headword ""COLUMBA"" not in any OCR range for 1810",,,2389,7,1771|1778|1797|1815|1823|1842|1860
VENTRILLOQUIST,VENTRILLOQUIST,1810,OCR_GAP,0.80,"Headword ""VENTRILLOQUIST"" not in any OCR range for 1810",,,2374,2,1797|1860
SPALDING,SPALDING,1778,OCR_GAP,0.80,"Headword ""SPALDING"" not in any OCR range for 1778",,,2369,3,1771|1842|1860
SEGOVIA,SEGOVIA,1778,OCR_GAP,0.80,"Headword ""SEGOVIA"" not in any OCR range for 1778",,,2363,7,1771|1797|1810|1815|1823|1842|1860
COLLISION,COLLISION,1810,OCR_GAP,0.80,"Headword ""COLLISION"" not in any OCR range for 1810",,,2337,5,1778|1797|1815|1823|1860
AJAN,AJAN,1810,OCR_GAP,0.80,"Headword ""AJAN"" not in any OCR range for 1810",,,2278,7,1771|1778|1797|1815|1823|1842|1860
ARTHRODIA,ARTHRODIA,1810,OCR_GAP,0.80,"Headword ""ARTHRODIA"" not in any OCR range for 1810",,,2251,4,1771|1778|1797|1815
ARMADA,ARMADA,1797,OCR_GAP,0.80,"Headword ""ARMADA"" not in any OCR range for 1797",,,2223,6,1778|1810|1815|1823|1842|1860
SAXE,SAXE,1810,OCR_GAP,0.80,"Headword ""SAXE"" not in any OCR range for 1810",,,2220,6,1778|1797|1815|1823|1842|1860
ARTHUR,ARTHUR,1810,OCR_GAP,0.80,"Headword ""ARTHUR"" not in any OCR range for 1810",,,2191,4,1778|1797|1823|1842
ARTHUR,ARTHUR,1815,OCR_GAP,0.80,"Headword ""ARTHUR"" not in any OCR range for 1815",,,2191,4,1778|1797|1823|1842
CAERMARTHEN,CAERMARTHEN,1810,OCR_GAP,0.80,"Headword ""CAERMARTHEN"" not in any OCR range for 1810",,,2186,5,1771|1778|1815|1842|1860
STEPHANUS,STEPHANUS,1810,OCR_GAP,0.80,"Headword ""STEPHANUS"" not in any OCR range for 1810",,,2182,4,1778|1797|1842|1860
ASPHALTITES,ASPHALTITES,1810,OCR_GAP,0.80,"Headword ""ASPHALTITES"" not in any OCR range for 1810",,,2180,5,1778|1797|1815|1823|1842
MERIONETHSHIRE,MERIONETHSHIRE,1778,OCR_GAP,0.80,"Headword ""MERIONETHSHIRE"" not in any OCR range for 1778",,,2179,6,1771|1797|1815|1823|1842|1860
TRANSFUSION_OF_BLOOD,TRANSFUSION OF BLOOD,1810,OCR_GAP,0.80,"Headword ""TRANSFUSION OF BLOOD"" not in any OCR range for 1810",,,2177,3,1778|1815|1842
BOTTICELLI,BOTTICELLI,1810,OCR_GAP,0.80,"Headword ""BOTTICELLI"" not in any OCR range for 1810",,,2157,2,1797|1860
WITCHCRAFT,WITCHCRAFT,1778,OCR_GAP,0.80,"Headword ""WITCHCRAFT"" not in any OCR range for 1778",,,2136,6,1771|1797|1810|1815|1823|1842
VERDEN,VERDEN,1810,OCR_GAP,0.80,"Headword ""VERDEN"" not in any OCR range for 1810",,,2129,3,1778|1797|1860
ZOOLOGY,ZOOLOGY,1797,OCR_GAP,0.80,"Headword ""ZOOLOGY"" not in any OCR range for 1797",,,2118,2,1778|1823
ZOOLOGY,ZOOLOGY,1810,OCR_GAP,0.80,"Headword ""ZOOLOGY"" not in any OCR range for 1810",,,2118,2,1778|1823
CHATEAU-BRIANT,CHATEAU-BRIANT,1810,OCR_GAP,0.80,"Headword ""CHATEAUBRIANT"" not in any OCR range for 1810",,,2113,5,1778|1797|1815|1823|1860
ARISTIPPUS,ARISTIPPUS,1842,OCR_GAP,0.80,"Headword ""ARISTIPPUS"" not in any OCR range for 1842",,,2097,6,1778|1797|1810|1815|1823|1860
MACCABEES,MACCABEES,1778,OCR_GAP,0.80,"Headword ""MACCABEES"" not in any OCR range for 1778",,,2090,6,1771|1797|1810|1815|1842|1860
AGRIGENTUM,AGRIGENTUM,1823,OCR_GAP,0.80,"Headword ""AGRIGENTUM"" not in any OCR range for 1823",,,2057,5,1797|1810|1815|1842|1860
SANQUHAR,SANQUHAR,1810,OCR_GAP,0.80,"Headword ""SANQUHAR"" not in any OCR range for 1810",,,2049,3,1771|1842|1860
ARGUMENT,ARGUMENT,1815,OCR_GAP,0.80,"Headword ""ARGUMENT"" not in any OCR range for 1815",,,2030,5,1771|1778|1797|1810|1823
SECOND_SIGHT,SECOND SIGHT,1810,OCR_GAP,0.80,"Headword ""SECOND SIGHT"" not in any OCR range for 1810",,,1961,4,1797|1815|1823|1842
CENSURE,CENSURE,1810,OCR_GAP,0.80,"Headword ""CENSURE"" not in any OCR range for 1810",,,1945,5,1771|1778|1797|1842|1860
ARGYLLSHIRE,ARGYLLSHIRE,1797,OCR_GAP,0.80,"Headword ""ARGYLLSHIRE"" not in any OCR range for 1797",,,1901,4,1778|1810|1815|1823
SCIURUS,SCIURUS,1810,OCR_GAP,0.80,"Headword ""SCIURUS"" not in any OCR range for 1810",,,1901,5,1771|1778|1797|1815|1823
BOSHIES-MEN,BOSHIES-MEN,1810,OCR_GAP,0.80,"Headword ""BOSHIESMEN"" not in any OCR range for 1810",,,1843,3,1797|1815|1823
STACHYS,STACHYS,1778,OCR_GAP,0.80,"Headword ""STACHYS"" not in any OCR range for 1778",,,1836,4,1771|1797|1815|1823
STACHYS,STACHYS,1810,OCR_GAP,0.80,"Headword ""STACHYS"" not in any OCR range for 1810",,,1836,4,1771|1797|1815|1823
BOHOL,BOHOL,1778,OCR_GAP,0.80,"Headword ""BOHOL"" not in any OCR range for 1778",,,1828,5,1771|1815|1823|1842|1860
OLAX,OLAX,1778,OCR_GAP,0.80,"Headword ""OLAX"" not in any OCR range for 1778",,,1827,4,1771|1797|1810|1823
STEELE,STEELE,1810,OCR_GAP,0.80,"Headword ""STEELE"" not in any OCR range for 1810",,,1811,6,1778|1797|1815|1823|1842|1860
BALLAD,BALLAD,1778,OCR_GAP,0.80,"Headword ""BALLAD"" not in any OCR range for 1778",,,1804,7,1771|1797|1810|1815|1823|1842|1860
ARIOSTO,ARIOSTO,1810,OCR_GAP,0.80,"Headword ""ARIOSTO"" not in any OCR range for 1810",,,1792,6,1778|1797|1815|1823|1842|1860
ASPEROSA,ASPEROSA,1810,OCR_GAP,0.80,"Headword ""ASPEROSA"" not in any OCR range for 1810",,,1769,5,1797|1815|1823|1842|1860
ALEXANDER,ALEXANDER,1810,OCR_GAP,0.80,"Headword ""ALEXANDER"" not in any OCR range for 1810",,,1751,6,1778|1797|1815|1823|1842|1860
STANHOPE,STANHOPE,1810,OCR_GAP,0.80,"Headword ""STANHOPE"" not in any OCR range for 1810",,,1747,7,1771|1778|1797|1815|1823|1842|1860
COFFEE_ALSO,COFFEE ALSO,1810,OCR_GAP,0.80,"Headword ""COFFEE ALSO"" not in any OCR range for 1810",,,1726,5,1778|1797|1815|1842|1860
ARECA,ARECA,1810,OCR_GAP,0.80,"Headword ""ARECA"" not in any OCR range for 1810",,,1705,4,1771|1778|1797|1860
ARECA,ARECA,1815,OCR_GAP,0.80,"Headword ""ARECA"" not in any OCR range for 1815",,,1705,4,1771|1778|1797|1860
ARECA,ARECA,1823,OCR_GAP,0.80,"Headword ""ARECA"" not in any OCR range for 1823",,,1705,4,1771|1778|1797|1860
ARECA,ARECA,1842,OCR_GAP,0.80,"Headword ""ARECA"" not in any OCR range for 1842",,,1705,4,1771|1778|1797|1860
CHATHAM,CHATHAM,1810,OCR_GAP,0.80,"Headword ""CHATHAM"" not in any OCR range for 1810",,,1695,6,1771|1797|1815|1823|1842|1860
ARBITRATION,ARBITRATION,1842,OCR_GAP,0.80,"Headword ""ARBITRATION"" not in any OCR range for 1842",,,1683,2,1823|1860
ARBUTUS,ARBUTUS,1810,OCR_GAP,0.80,"Headword ""ARBUTUS"" not in any OCR range for 1810",,,1680,4,1771|1778|1797|1860
ARBUTUS,ARBUTUS,1815,OCR_GAP,0.80,"Headword ""ARBUTUS"" not in any OCR range for 1815",,,1680,4,1771|1778|1797|1860
ARBUTUS,ARBUTUS,1823,OCR_GAP,0.80,"Headword ""ARBUTUS"" not in any OCR range for 1823",,,1680,4,1771|1778|1797|1860
ARBUTUS,ARBUTUS,1842,OCR_GAP,0.80,"Headword ""ARBUTUS"" not in any OCR range for 1842",,,1680,4,1771|1778|1797|1860
ASPARAGUS,ASPARAGUS,1810,OCR_GAP,0.80,"Headword ""ASPARAGUS"" not in any OCR range for 1810",,,1679,5,1771|1778|1797|1815|1823
BOTTOMY,BOTTOMY,1778,OCR_GAP,0.80,"Headword ""BOTTOMY"" not in any OCR range for 1778",,,1663,6,1771|1797|1810|1815|1823|1860
CECIL,CECIL,1810,OCR_GAP,0.80,"Headword ""CECIL"" not in any OCR range for 1810",,,1663,6,1778|1797|1815|1823|1842|1860
VINCENT,VINCENT,1810,OCR_GAP,0.80,"Headword ""VINCENT"" not in any OCR range for 1810",,,1655,2,1778|1842
ARDEA,ARDEA,1797,OCR_GAP,0.80,"Headword ""ARDEA"" not in any OCR range for 1797",,,1654,5,1771|1778|1810|1815|1823
MENNONITES,MENNONITES,1778,OCR_GAP,0.80,"Headword ""MENNONITES"" not in any OCR range for 1778",,,1653,6,1771|1797|1810|1815|1823|1842
ASCHAM,ASCHAM,1810,OCR_GAP,0.80,"Headword ""ASCHAM"" not in any OCR range for 1810",,,1645,5,1797|1815|1823|1842|1860
COBALT,COBALT,1810,OCR_GAP,0.80,"Headword ""COBALT"" not in any OCR range for 1810",,,1626,5,1771|1778|1797|1842|1860
CHARTER,CHARTER,1810,OCR_GAP,0.80,"Headword ""CHARTER"" not in any OCR range for 1810",,,1615,7,1771|1778|1797|1815|1823|1842|1860
BELLIS,BELLIS,1778,OCR_GAP,0.80,"Headword ""BELLIS"" not in any OCR range for 1778",,,1607,2,1771|1797
ARAGON,ARAGON,1797,OCR_GAP,0.80,"Headword ""ARAGON"" not in any OCR range for 1797",,,1599,3,1778|1842|1860
ARAGON,ARAGON,1810,OCR_GAP,0.80,"Headword ""ARAGON"" not in any OCR range for 1810",,,1599,3,1778|1842|1860
ARAGON,ARAGON,1815,OCR_GAP,0.80,"Headword ""ARAGON"" not in any OCR range for 1815",,,1599,3,1778|1842|1860
ARAGON,ARAGON,1823,OCR_GAP,0.80,"Headword ""ARAGON"" not in any OCR range for 1823",,,1599,3,1778|1842|1860
PLUMBERY,PLUMBERY,1778,OCR_GAP,0.80,"Headword ""PLUMBERY"" not in any OCR range for 1778",,,1592,6,1771|1797|1810|1815|1823|1842
ADANSONIA,ADANSONIA,1810,OCR_GAP,0.80,"Headword ""ADANSONIA"" not in any OCR range for 1810",,,1577,4,1771|1778|1797|1842
ADANSONIA,ADANSONIA,1815,OCR_GAP,0.80,"Headword ""ADANSONIA"" not in any OCR range for 1815",,,1577,4,1771|1778|1797|1842
TUCKER,TUCKER,1810,OCR_GAP,0.80,"Headword ""TUCKER"" not in any OCR range for 1810",,,1570,2,1797|1860
CLERK_OF_THE_ERRORS,CLERK OF THE ERRORS,1810,OCR_GAP,0.80,"Headword ""CLERK OF THE ERRORS"" not in any OCR range for 1810",,,1568,4,1771|1778|1797|1842
RHIZOPHORA,RHIZOPHORA,1810,OCR_GAP,0.80,"Headword ""RHIZOPHORA"" not in any OCR range for 1810",,,1564,3,1778|1815|1823
TOMB,TOMB,1778,OCR_GAP,0.80,"Headword ""TOMB"" not in any OCR range for 1778",,,1562,6,1771|1797|1810|1815|1823|1842
BOURDALOUE,BOURDALOUE,1810,OCR_GAP,0.80,"Headword ""BOURDALOUE"" not in any OCR range for 1810",,,1554,4,1778|1797|1823|1842
PHILOSOPHER'S_STONE,PHILOSOPHER'S STONE,1778,OCR_GAP,0.80,"Headword ""PHILOSOPHERS STONE"" not in any OCR range for 1778",,,1550,2,1771|1810
ALIMENT,ALIMENT,1842,OCR_GAP,0.80,"Headword ""ALIMENT"" not in any OCR range for 1842",,,1545,7,1771|1778|1797|1810|1815|1823|1860
SUNDERLAND,SUNDERLAND,1778,OCR_GAP,0.80,"Headword ""SUNDERLAND"" not in any OCR range for 1778",,,1526,3,1771|1842|1860
ASSASSIN,ASSASSIN,1810,OCR_GAP,0.80,"Headword ""ASSASSIN"" not in any OCR range for 1810",,,1513,6,1771|1778|1797|1815|1842|1860
NEWPORT,NEWPORT,1778,OCR_GAP,0.80,"Headword ""NEWPORT"" not in any OCR range for 1778",,,1510,3,1771|1842|1860
RUTHERFORD,RUTHERFORD,1810,OCR_GAP,0.80,"Headword ""RUTHERFORD"" not in any OCR range for 1810",,,1488,2,1797|1860
ARBELA,ARBELA,1810,OCR_GAP,0.80,"Headword ""ARBELA"" not in any OCR range for 1810",,,1465,3,1797|1842|1860
ARBELA,ARBELA,1815,OCR_GAP,0.80,"Headword ""ARBELA"" not in any OCR range for 1815",,,1465,3,1797|1842|1860
ARBELA,ARBELA,1823,OCR_GAP,0.80,"Headword ""ARBELA"" not in any OCR range for 1823",,,1465,3,1797|1842|1860
NASSAU,NASSAU,1778,OCR_GAP,0.80,"Headword ""NASSAU"" not in any OCR range for 1778",,,1447,3,1771|1842|1860
MORDELLA,MORDELLA,1778,OCR_GAP,0.80,"Headword ""MORDELLA"" not in any OCR range for 1778",,,1427,2,1771|1797
ACCLAMATION,ACCLAMATION,1823,OCR_GAP,0.80,"Headword ""ACCLAMATION"" not in any OCR range for 1823",,,1422,6,1771|1778|1797|1810|1815|1860
ACCLAMATION,ACCLAMATION,1842,OCR_GAP,0.80,"Headword ""ACCLAMATION"" not in any OCR range for 1842",,,1422,6,1771|1778|1797|1810|1815|1860
SAILING,SAILING,1810,OCR_GAP,0.80,"Headword ""SAILING"" not in any OCR range for 1810",,,1410,4,1771|1778|1797|1815
BORMIO,BORMIO,1810,OCR_GAP,0.80,"Headword ""BORMIO"" not in any OCR range for 1810",,,1403,7,1771|1778|1797|1815|1823|1842|1860
SUSPENSION,SUSPENSION,1778,OCR_GAP,0.80,"Headword ""SUSPENSION"" not in any OCR range for 1778",,,1397,6,1771|1797|1810|1815|1823|1842
CHRYSOLITE,CHRYSOLITE,1810,OCR_GAP,0.80,"Headword ""CHRYSOLITE"" not in any OCR range for 1810",,,1392,4,1771|1778|1797|1860
AMRU-EBN-AL-AS,AMRU-EBN-AL-AS,1842,OCR_GAP,0.80,"Headword ""AMRUEBNALAS"" not in any OCR range for 1842",,,1378,4,1810|1815|1823|1860
ABCDEF,ABCDEF,1815,OCR_GAP,0.80,"Headword ""ABCDEF"" not in any OCR range for 1815",,,1376,2,1810|1823
SEJANUS,SEJANUS,1810,OCR_GAP,0.80,"Headword ""SEJANUS"" not in any OCR range for 1810",,,1372,2,1778|1815
APELYTES,APELYTES,1810,OCR_GAP,0.80,"Headword ""APELYTES"" not in any OCR range for 1810",,,1371,3,1797|1815|1823
ADMIRALTY_ISLANDS,ADMIRALTY ISLANDS,1823,OCR_GAP,0.80,"Headword ""ADMIRALTY ISLANDS"" not in any OCR range for 1823",,,1350,2,1815|1860
ADMIRALTY_ISLANDS,ADMIRALTY ISLANDS,1842,OCR_GAP,0.80,"Headword ""ADMIRALTY ISLANDS"" not in any OCR range for 1842",,,1350,2,1815|1860
BOWELS,BOWELS,1778,OCR_GAP,0.80,"Headword ""BOWELS"" not in any OCR range for 1778",,,1334,2,1771|1823
BOWELS,BOWELS,1810,OCR_GAP,0.80,"Headword ""BOWELS"" not in any OCR range for 1810",,,1334,2,1771|1823
AGRIOPHAGI,AGRIOPHAGI,1797,OCR_GAP,0.80,"Headword ""AGRIOPHAGI"" not in any OCR range for 1797",,,1326,5,1778|1815|1823|1842|1860
AGRIOPHAGI,AGRIOPHAGI,1810,OCR_GAP,0.80,"Headword ""AGRIOPHAGI"" not in any OCR range for 1810",,,1326,5,1778|1815|1823|1842|1860
BUOY,BUOY,1778,OCR_GAP,0.80,"Headword ""BUOY"" not in any OCR range for 1778",,,1316,7,1771|1797|1810|1815|1823|1842|1860
CELTAE,CELTAE,1810,OCR_GAP,0.80,"Headword ""CELTAE"" not in any OCR range for 1810",,,1312,2,1778|1815
CHOPIN,CHOPIN,1810,OCR_GAP,0.80,"Headword ""CHOPIN"" not in any OCR range for 1810",,,1306,4,1778|1797|1842|1860
STRANRAER,STRANRAER,1778,OCR_GAP,0.80,"Headword ""STRANRAER"" not in any OCR range for 1778",,,1303,3,1771|1842|1860
STRANRAER,STRANRAER,1810,OCR_GAP,0.80,"Headword ""STRANRAER"" not in any OCR range for 1810",,,1303,3,1771|1842|1860
ACHILLEA,ACHILLEA,1810,OCR_GAP,0.80,"Headword ""ACHILLEA"" not in any OCR range for 1810",,,1282,4,1771|1778|1797|1860
ACHILLEA,ACHILLEA,1815,OCR_GAP,0.80,"Headword ""ACHILLEA"" not in any OCR range for 1815",,,1282,4,1771|1778|1797|1860
ACHILLEA,ACHILLEA,1823,OCR_GAP,0.80,"Headword ""ACHILLEA"" not in any OCR range for 1823",,,1282,4,1771|1778|1797|1860
ACHILLEA,ACHILLEA,1842,OCR_GAP,0.80,"Headword ""ACHILLEA"" not in any OCR range for 1842",,,1282,4,1771|1778|1797|1860
AIX-LA-CHAPELLE,AIX-LA-CHAPELLE,1797,OCR_GAP,0.80,"Headword ""AIXLACHAPELLE"" not in any OCR range for 1797",,,1281,6,1771|1810|1815|1823|1842|1860
ARACK,ARACK,1797,OCR_GAP,0.80,"Headword ""ARACK"" not in any OCR range for 1797",,,1276,4,1778|1810|1815|1823
RIO_GRANDE,RIO GRANDE,1810,OCR_GAP,0.80,"Headword ""RIO GRANDE"" not in any OCR range for 1810",,,1271,3,1771|1842|1860
APIUM,APIUM,1810,OCR_GAP,0.80,"Headword ""APIUM"" not in any OCR range for 1810",,,1264,4,1771|1778|1797|1860
APIUM,APIUM,1815,OCR_GAP,0.80,"Headword ""APIUM"" not in any OCR range for 1815",,,1264,4,1771|1778|1797|1860
APIUM,APIUM,1823,OCR_GAP,0.80,"Headword ""APIUM"" not in any OCR range for 1823",,,1264,4,1771|1778|1797|1860
APIUM,APIUM,1842,OCR_GAP,0.80,"Headword ""APIUM"" not in any OCR range for 1842",,,1264,4,1771|1778|1797|1860
CAREW,CAREW,1810,OCR_GAP,0.80,"Headword ""CAREW"" not in any OCR range for 1810",,,1254,4,1778|1823|1842|1860
PEWTER,PEWTER,1778,OCR_GAP,0.80,"Headword ""PEWTER"" not in any OCR range for 1778",,,1249,7,1771|1797|1810|1815|1823|1842|1860
ACONITUM,ACONITUM,1810,OCR_GAP,0.80,"Headword ""ACONITUM"" not in any OCR range for 1810",,,1246,4,1771|1778|1797|1842
ACONITUM,ACONITUM,1815,OCR_GAP,0.80,"Headword ""ACONITUM"" not in any OCR range for 1815",,,1246,4,1771|1778|1797|1842
ACONITUM,ACONITUM,1823,OCR_GAP,0.80,"Headword ""ACONITUM"" not in any OCR range for 1823",,,1246,4,1771|1778|1797|1842
PERRUKE,PERRUKE,1778,OCR_GAP,0.80,"Headword ""PERRUKE"" not in any OCR range for 1778",,,1239,5,1771|1797|1810|1815|1842
RHONE,RHONE,1810,OCR_GAP,0.80,"Headword ""RHONE"" not in any OCR range for 1810",,,1238,6,1771|1778|1797|1823|1842|1860
ANNEXATION,ANNEXATION,1842,OCR_GAP,0.80,"Headword ""ANNEXATION"" not in any OCR range for 1842",,,1237,7,1771|1778|1797|1810|1815|1823|1860
BAPTISTS,BAPTISTS,1778,OCR_GAP,0.80,"Headword ""BAPTISTS"" not in any OCR range for 1778",,,1233,5,1771|1797|1810|1815|1823
TABLATURE,TABLATURE,1778,OCR_GAP,0.80,"Headword ""TABLATURE"" not in any OCR range for 1778",,,1223,2,1771|1842
ABSALOM,ABSALOM,1810,OCR_GAP,0.80,"Headword ""ABSALOM"" not in any OCR range for 1810",,,1202,6,1778|1797|1815|1823|1842|1860
SCEPTIC,SCEPTIC,1810,OCR_GAP,0.80,"Headword ""SCEPTIC"" not in any OCR range for 1810",,,1195,4,1797|1815|1823|1842
BOURCHIER,BOURCHIER,1810,OCR_GAP,0.80,"Headword ""BOURCHIER"" not in any OCR range for 1810",,,1192,5,1778|1797|1815|1823|1842
CERASTIUM,CERASTIUM,1810,OCR_GAP,0.80,"Headword ""CERASTIUM"" not in any OCR range for 1810",,,1190,5,1771|1778|1797|1815|1823
CHARADRIUS,CHARADRIUS,1810,OCR_GAP,0.80,"Headword ""CHARADRIUS"" not in any OCR range for 1810",,,1186,4,1771|1778|1797|1815
WOLVERHAMPTON,WOLVERHAMPTON,1778,OCR_GAP,0.80,"Headword ""WOLVERHAMPTON"" not in any OCR range for 1778",,,1174,3,1771|1842|1860
WOLVERHAMPTON,WOLVERHAMPTON,1810,OCR_GAP,0.80,"Headword ""WOLVERHAMPTON"" not in any OCR range for 1810",,,1174,3,1771|1842|1860
MEDITULLIUM,MEDITULLIUM,1778,OCR_GAP,0.80,"Headword ""MEDITULLIUM"" not in any OCR range for 1778",,,1163,5,1771|1797|1810|1815|1823
APELLES,APELLES,1797,OCR_GAP,0.80,"Headword ""APELLES"" not in any OCR range for 1797",,,1162,4,1778|1810|1842|1860
APELLES,APELLES,1815,OCR_GAP,0.80,"Headword ""APELLES"" not in any OCR range for 1815",,,1162,4,1778|1810|1842|1860
APELLES,APELLES,1823,OCR_GAP,0.80,"Headword ""APELLES"" not in any OCR range for 1823",,,1162,4,1778|1810|1842|1860
ACHIAR,ACHIAR,1810,OCR_GAP,0.80,"Headword ""ACHIAR"" not in any OCR range for 1810",,,1159,4,1771|1778|1797|1860
ACHIAR,ACHIAR,1815,OCR_GAP,0.80,"Headword ""ACHIAR"" not in any OCR range for 1815",,,1159,4,1771|1778|1797|1860
ACHIAR,ACHIAR,1823,OCR_GAP,0.80,"Headword ""ACHIAR"" not in any OCR range for 1823",,,1159,4,1771|1778|1797|1860
ACHIAR,ACHIAR,1842,OCR_GAP,0.80,"Headword ""ACHIAR"" not in any OCR range for 1842",,,1159,4,1771|1778|1797|1860
LYNN-REGIS,LYNN-REGIS,1778,OCR_GAP,0.80,"Headword ""LYNNREGIS"" not in any OCR range for 1778",,,1156,6,1771|1797|1810|1815|1823|1842
ALLATIUS,ALLATIUS,1810,OCR_GAP,0.80,"Headword ""ALLATIUS"" not in any OCR range for 1810",,,1153,4,1778|1797|1823|1842
ALLATIUS,ALLATIUS,1815,OCR_GAP,0.80,"Headword ""ALLATIUS"" not in any OCR range for 1815",,,1153,4,1778|1797|1823|1842
VILLIERS,VILLIERS,1810,OCR_GAP,0.80,"Headword ""VILLIERS"" not in any OCR range for 1810",,,1132,4,1778|1797|1842|1860
ALWAIDII,ALWAIDII,1810,OCR_GAP,0.80,"Headword ""ALWAIDII"" not in any OCR range for 1810",,,1130,4,1797|1823|1842|1860
ALWAIDII,ALWAIDII,1815,OCR_GAP,0.80,"Headword ""ALWAIDII"" not in any OCR range for 1815",,,1130,4,1797|1823|1842|1860
BINDING,BINDING,1778,OCR_GAP,0.80,"Headword ""BINDING"" not in any OCR range for 1778",,,1128,5,1771|1797|1810|1815|1823
LUGO,LUGO,1778,OCR_GAP,0.80,"Headword ""LUGO"" not in any OCR range for 1778",,,1124,3,1771|1842|1860
ALAUDA,ALAUDA,1810,OCR_GAP,0.80,"Headword ""ALAUDA"" not in any OCR range for 1810",,,1119,4,1771|1778|1797|1860
ALAUDA,ALAUDA,1815,OCR_GAP,0.80,"Headword ""ALAUDA"" not in any OCR range for 1815",,,1119,4,1771|1778|1797|1860
ALAUDA,ALAUDA,1823,OCR_GAP,0.80,"Headword ""ALAUDA"" not in any OCR range for 1823",,,1119,4,1771|1778|1797|1860
ALAUDA,ALAUDA,1842,OCR_GAP,0.80,"Headword ""ALAUDA"" not in any OCR range for 1842",,,1119,4,1771|1778|1797|1860
CAMDEN,CAMDEN,1810,OCR_GAP,0.80,"Headword ""CAMDEN"" not in any OCR range for 1810",,,1109,6,1778|1797|1815|1823|1842|1860
ADORATION,ADORATION,1815,OCR_GAP,0.80,"Headword ""ADORATION"" not in any OCR range for 1815",,,1095,7,1771|1778|1797|1810|1823|1842|1860
THOMAS,THOMAS,1810,OCR_GAP,0.80,"Headword ""THOMAS"" not in any OCR range for 1810",,,1084,2,1797|1860
CATANIA,CATANIA,1810,OCR_GAP,0.80,"Headword ""CATANIA"" not in any OCR range for 1810",,,1062,5,1797|1815|1823|1842|1860
CAESAR,CAESAR,1810,OCR_GAP,0.80,"Headword ""CAESAR"" not in any OCR range for 1810",,,1061,4,1771|1778|1797|1823
APOSTOLIC,APOSTOLIC,1842,OCR_GAP,0.80,"Headword ""APOSTOLIC"" not in any OCR range for 1842",,,1056,5,1797|1810|1815|1823|1860
SACRAMENT,SACRAMENT,1810,OCR_GAP,0.80,"Headword ""SACRAMENT"" not in any OCR range for 1810",,,1035,5,1771|1778|1797|1842|1860
CANNE,CANNE,1810,OCR_GAP,0.80,"Headword ""CANNE"" not in any OCR range for 1810",,,1019,2,1778|1842
ARIANS,ARIANS,1823,OCR_GAP,0.80,"Headword ""ARIANS"" not in any OCR range for 1823",,,1010,7,1771|1778|1797|1810|1815|1842|1860
VAUDOIS,VAUDOIS,1778,OCR_GAP,0.80,"Headword ""VAUDOIS"" not in any OCR range for 1778",,,1009,5,1771|1797|1810|1815|1823
PHARMACY,PHARMACY,1815,PARSING_OR_EDITORIAL,0.50,In OCR range but not parsed — possible parsing error or editorial removal,,,174178,5,1771|1778|1797|1810|1860
PHARMACY,PHARMACY,1823,PARSING_OR_EDITORIAL,0.50,In OCR range but not parsed — possible parsing error or editorial removal,,,174178,5,1771|1778|1797|1810|1860
PHARMACY,PHARMACY,1842,PARSING_OR_EDITORIAL,0.50,In OCR range but not parsed — possible parsing error or editorial removal,,,174178,5,1771|1778|1797|1810|1860
ICHTHYOLOGY,ICHTHYOLOGY,1778,PARSING_OR_EDITORIAL,0.50,In OCR range but not parsed — possible parsing error or editorial removal,,,114985,7,1771|1797|1810|1815|1823|1842|1860
HINDUSTAN,HINDUSTAN,1815,PARSING_OR_EDITORIAL,0.50,In OCR range but not parsed — possible parsing error or editorial removal,,,111064,4,1797|1810|1842|1860
HINDUSTAN,HINDUSTAN,1823,PARSING_OR_EDITORIAL,0.50,In OCR range but not parsed — possible parsing error or editorial removal,,,111064,4,1797|1810|1842|1860
NAVIGATION,NAVIGATION,1815,PARSING_OR_EDITORIAL,0.50,In OCR range but not parsed — possible parsing error or editorial removal,,,94110,7,1771|1778|1797|1810|1823|1842|1860
DYEING,DYEING,1778,PARSING_OR_EDITORIAL,0.50,In OCR range but not parsed — possible parsing error or editorial removal,,,79386,7,1771|1797|1810|1815|1823|1842|1860
ORDER,ORDER,1810,PARSING_OR_EDITORIAL,0.50,In OCR range but not parsed — possible parsing error or editorial removal,,,79138,6,1771|1778|1797|1815|1823|1842
POLITICAL_ECONOMY,POLITICAL ECONOMY,1823,PARSING_OR_EDITORIAL,0.50,In OCR range but not parsed — possible parsing error or editorial removal,,,63445,3,1815|1842|1860
INDIA,INDIA,1778,PARSING_OR_EDITORIAL,0.50,In OCR range but not parsed — possible parsing error or editorial removal,,,63390,7,1771|1797|1810|1815|1823|1842|1860
STEAM-ENGINE,STEAM-ENGINE,1842,PARSING_OR_EDITORIAL,0.50,In OCR range but not parsed — possible parsing error or editorial removal,,,62211,5,1778|1797|1815|1823|1860
KITCHEN_GARDEN,KITCHEN GARDEN,1815,PARSING_OR_EDITORIAL,0.50,In OCR range but not parsed — possible parsing error or editorial removal,,,59017,4,1810|1823|1842|1860
MATERIA_MEDICA,MATERIA MEDICA,1842,PARSING_OR_EDITORIAL,0.50,In OCR range but not parsed — possible parsing error or editorial removal,,,57531,6,1778|1797|1810|1815|1823|1860
INDIAN,INDIAN,1815,PARSING_OR_EDITORIAL,0.50,In OCR range but not parsed — possible parsing error or editorial removal,,,52087,2,1810|1842
INDIAN,INDIAN,1823,PARSING_OR_EDITORIAL,0.50,In OCR range but not parsed — possible parsing error or editorial removal,,,52087,2,1810|1842
BOSWELL,BOSWELL,1815,PARSING_OR_EDITORIAL,0.50,In OCR range but not parsed — possible parsing error or editorial removal,,,51994,4,1797|1823|1842|1860
TAXATION,TAXATION,1842,PARSING_OR_EDITORIAL,0.50,In OCR range but not parsed — possible parsing error or editorial removal,,,51357,4,1810|1815|1823|1860
RHETORIC,RHETORIC,1778,PARSING_OR_EDITORIAL,0.50,In OCR range but not parsed — possible parsing error or editorial removal,,,49611,3,1771|1842|1860
RHETORIC,RHETORIC,1797,PARSING_OR_EDITORIAL,0.50,In OCR range but not parsed — possible parsing error or editorial removal,,,49611,3,1771|1842|1860
RHETORIC,RHETORIC,1810,PARSING_OR_EDITORIAL,0.50,In OCR range but not parsed — possible parsing error or editorial removal,,,49611,3,1771|1842|1860
RHETORIC,RHETORIC,1815,PARSING_OR_EDITORIAL,0.50,In OCR range but not parsed — possible parsing error or editorial removal,,,49611,3,1771|1842|1860
RHETORIC,RHETORIC,1823,PARSING_OR_EDITORIAL,0.50,In OCR range but not parsed — possible parsing error or editorial removal,,,49611,3,1771|1842|1860
MATERA,MATERA,1842,PARSING_OR_EDITORIAL,0.50,In OCR range but not parsed — possible parsing error or editorial removal,,,46112,6,1778|1797|1810|1815|1823|1860
DRAMA,DRAMA,1842,PARSING_OR_EDITORIAL,0.50,In OCR range but not parsed — possible parsing error or editorial removal,,,45711,7,1771|1778|1797|1810|1815|1823|1860
PYROTECHNY,PYROTECHNY,1797,PARSING_OR_EDITORIAL,0.50,In OCR range but not parsed — possible parsing error or editorial removal,,,43301,6,1778|1810|1815|1823|1842|1860
BEDFORDSHIRE,BEDFORDSHIRE,1797,PARSING_OR_EDITORIAL,0.50,In OCR range but not parsed — possible parsing error or editorial removal,,,43130,6,1778|1810|1815|1823|1842|1860
TELESCOPE,TELESCOPE,1842,PARSING_OR_EDITORIAL,0.50,In OCR range but not parsed — possible parsing error or editorial removal,,,41821,6,1778|1797|1810|1815|1823|1860
ORES,ORES,1842,PARSING_OR_EDITORIAL,0.50,In OCR range but not parsed — possible parsing error or editorial removal,,,40775,3,1815|1823|1860
THEOGNIS,THEOGNIS,1797,PARSING_OR_EDITORIAL,0.50,In OCR range but not parsed — possible parsing error or editorial removal,,,40207,5,1778|1810|1815|1842|1860
THEOGNIS,THEOGNIS,1823,PARSING_OR_EDITORIAL,0.50,In OCR range but not parsed — possible parsing error or editorial removal,,,40207,5,1778|1810|1815|1842|1860
RESISTANCE,RESISTANCE,1778,PARSING_OR_EDITORIAL,0.50,In OCR range but not parsed — possible parsing error or editorial removal,,,39536,6,1771|1797|1810|1815|1823|1842
CONIC_SECTIONS,CONIC SECTIONS,1778,PARSING_OR_EDITORIAL,0.50,In OCR range but not parsed — possible parsing error or editorial removal,,,39322,6,1771|1810|1815|1823|1842|1860
CONIC_SECTIONS,CONIC SECTIONS,1797,PARSING_OR_EDITORIAL,0.50,In OCR range but not parsed — possible parsing error or editorial removal,,,39322,6,1771|1810|1815|1823|1842|1860
VOCAL,VOCAL,1823,PARSING_OR_EDITORIAL,0.50,In OCR range but not parsed — possible parsing error or editorial removal,,,37033,6,1771|1778|1797|1810|1815|1842
COMPARATIVE_ANATOMY,COMPARATIVE ANATOMY,1842,PARSING_OR_EDITORIAL,0.50,In OCR range but not parsed — possible parsing error or editorial removal,,,34446,5,1797|1810|1815|1823|1860
FORTH,FORTH,1842,PARSING_OR_EDITORIAL,0.50,In OCR range but not parsed — possible parsing error or editorial removal,,,33283,6,1778|1797|1810|1815|1823|1860
ELEMENTS_OF_MUSIC,ELEMENTS OF MUSIC,1815,PARSING_OR_EDITORIAL,0.50,In OCR range but not parsed — possible parsing error or editorial removal,,,32702,2,1810|1823
NEWSPAPERS,NEWSPAPERS,1815,PARSING_OR_EDITORIAL,0.50,In OCR range but not parsed — possible parsing error or editorial removal,,,31048,5,1797|1810|1823|1842|1860
EARTHQUAKE,EARTHQUAKE,1810,PARSING_OR_EDITORIAL,0.50,In OCR range but not parsed — possible parsing error or editorial removal,,,27688,4,1771|1778|1797|1860
EARTHQUAKE,EARTHQUAKE,1815,PARSING_OR_EDITORIAL,0.50,In OCR range but not parsed — possible parsing error or editorial removal,,,27688,4,1771|1778|1797|1860
EARTHQUAKE,EARTHQUAKE,1823,PARSING_OR_EDITORIAL,0.50,In OCR range but not parsed — possible parsing error or editorial removal,,,27688,4,1771|1778|1797|1860
EARTHQUAKE,EARTHQUAKE,1842,PARSING_OR_EDITORIAL,0.50,In OCR range but not parsed — possible parsing error or editorial removal,,,27688,4,1771|1778|1797|1860
IVREA,IVREA,1815,PARSING_OR_EDITORIAL,0.50,In OCR range but not parsed — possible parsing error or editorial removal,,,27610,5,1778|1797|1810|1823|1860
IVREA,IVREA,1842,PARSING_OR_EDITORIAL,0.50,In OCR range but not parsed — possible parsing error or editorial removal,,,27610,5,1778|1797|1810|1823|1860
SHAKESPEARE,SHAKESPEARE,1797,PARSING_OR_EDITORIAL,0.50,In OCR range but not parsed — possible parsing error or editorial removal,,,27502,5,1778|1810|1815|1823|1860
SHAKESPEARE,SHAKESPEARE,1842,PARSING_OR_EDITORIAL,0.50,In OCR range but not parsed — possible parsing error or editorial removal,,,27502,5,1778|1810|1815|1823|1860
BUENOS_AYRES,BUENOS AYRES,1810,PARSING_OR_EDITORIAL,0.50,In OCR range but not parsed — possible parsing error or editorial removal,,,27184,5,1797|1815|1823|1842|1860
STONE-MASONRY,STONE-MASONRY,1842,PARSING_OR_EDITORIAL,0.50,In OCR range but not parsed — possible parsing error or editorial removal,,,26255,2,1823|1860
BEDWIN,BEDWIN,1797,PARSING_OR_EDITORIAL,0.50,In OCR range but not parsed — possible parsing error or editorial removal,,,25293,2,1771|1842
BEDWIN,BEDWIN,1810,PARSING_OR_EDITORIAL,0.50,In OCR range but not parsed — possible parsing error or editorial removal,,,25293,2,1771|1842
BEDWIN,BEDWIN,1815,PARSING_OR_EDITORIAL,0.50,In OCR range but not parsed — possible parsing error or editorial removal,,,25293,2,1771|1842
BEDWIN,BEDWIN,1823,PARSING_OR_EDITORIAL,0.50,In OCR range but not parsed — possible parsing error or editorial removal,,,25293,2,1771|1842
PERSIA,PERSIA,1810,PARSING_OR_EDITORIAL,0.50,In OCR range but not parsed — possible parsing error or editorial removal,,,24802,7,1771|1778|1797|1815|1823|1842|1860
CONSTANTINOPOLITAN_HISTORY,CONSTANTINOPOLITAN HISTORY,1823,PARSING_OR_EDITORIAL,0.50,In OCR range but not parsed — possible parsing error or editorial removal,,,24697,3,1815|1842|1860
CONCORDAT,CONCORDAT,1815,PARSING_OR_EDITORIAL,0.50,In OCR range but not parsed — possible parsing error or editorial removal,,,23166,4,1797|1810|1842|1860
CONCORDAT,CONCORDAT,1823,PARSING_OR_EDITORIAL,0.50,In OCR range but not parsed — possible parsing error or editorial removal,,,23166,4,1797|1810|1842|1860
TIMBER,TIMBER,1797,PARSING_OR_EDITORIAL,0.50,In OCR range but not parsed — possible parsing error or editorial removal,,,23015,4,1771|1810|1842|1860
TIMBER,TIMBER,1815,PARSING_OR_EDITORIAL,0.50,In OCR range but not parsed — possible parsing error or editorial removal,,,23015,4,1771|1810|1842|1860
TIMBER,TIMBER,1823,PARSING_OR_EDITORIAL,0.50,In OCR range but not parsed — possible parsing error or editorial removal,,,23015,4,1771|1810|1842|1860
IMPROVISATORI,IMPROVISATORI,1842,PARSING_OR_EDITORIAL,0.50,In OCR range but not parsed — possible parsing error or editorial removal,,,22981,2,1823|1860
NOTTINGHAMSHIRE,NOTTINGHAMSHIRE,1810,PARSING_OR_EDITORIAL,0.50,In OCR range but not parsed — possible parsing error or editorial removal,,,22733,6,1778|1797|1815|1823|1842|1860
PERSONIFYING,PERSONIFYING,1823,PARSING_OR_EDITORIAL,0.50,In OCR range but not parsed — possible parsing error or editorial removal,,,22164,6,1771|1778|1797|1810|1815|1842
WELLINGTON,WELLINGTON,1797,PARSING_OR_EDITORIAL,0.50,In OCR range but not parsed — possible parsing error or editorial removal,,,22020,2,1771|1860
WELLINGTON,WELLINGTON,1815,PARSING_OR_EDITORIAL,0.50,In OCR range but not parsed — possible parsing error or editorial removal,,,22020,2,1771|1860
WELLINGTON,WELLINGTON,1823,PARSING_OR_EDITORIAL,0.50,In OCR range but not parsed — possible parsing error or editorial removal,,,22020,2,1771|1860
WELLINGTON,WELLINGTON,1842,PARSING_OR_EDITORIAL,0.50,In OCR range but not parsed — possible parsing error or editorial removal,,,22020,2,1771|1860
PARTNERSHIP,PARTNERSHIP,1823,PARSING_OR_EDITORIAL,0.50,In OCR range but not parsed — possible parsing error or editorial removal,,,22008,5,1778|1810|1815|1842|1860
PERSPECTIVE,PERSPECTIVE,1797,PARSING_OR_EDITORIAL,0.50,In OCR range but not parsed — possible parsing error or editorial removal,,,21724,4,1771|1778|1823|1842
PERSPECTIVE,PERSPECTIVE,1810,PARSING_OR_EDITORIAL,0.50,In OCR range but not parsed — possible parsing error or editorial removal,,,21724,4,1771|1778|1823|1842
PERSPECTIVE,PERSPECTIVE,1815,PARSING_OR_EDITORIAL,0.50,In OCR range but not parsed — possible parsing error or editorial removal,,,21724,4,1771|1778|1823|1842
DOCK,DOCK,1797,PARSING_OR_EDITORIAL,0.50,In OCR range but not parsed — possible parsing error or editorial removal,,,21463,5,1778|1810|1815|1823|1842
SILK,SILK,1823,PARSING_OR_EDITORIAL,0.50,In OCR range but not parsed — possible parsing error or editorial removal,,,21194,7,1771|1778|1797|1810|1815|1842|1860
WEIGHTS_AND_MEASURES,WEIGHTS AND MEASURES,1815,PARSING_OR_EDITORIAL,0.50,In OCR range but not parsed — possible parsing error or editorial removal,,,20926,4,1797|1823|1842|1860
PATHOLOGY,PATHOLOGY,1797,PARSING_OR_EDITORIAL,0.50,In OCR range but not parsed — possible parsing error or editorial removal,,,20768,3,1771|1842|1860
PATHOLOGY,PATHOLOGY,1810,PARSING_OR_EDITORIAL,0.50,In OCR range but not parsed — possible parsing error or editorial removal,,,20768,3,1771|1842|1860
PATHOLOGY,PATHOLOGY,1815,PARSING_OR_EDITORIAL,0.50,In OCR range but not parsed — possible parsing error or editorial removal,,,20768,3,1771|1842|1860
PATHOLOGY,PATHOLOGY,1823,PARSING_OR_EDITORIAL,0.50,In OCR range but not parsed — possible parsing error or editorial removal,,,20768,3,1771|1842|1860
SCOTT,SCOTT,1823,PARSING_OR_EDITORIAL,0.50,In OCR range but not parsed — possible parsing error or editorial removal,,,20328,6,1778|1797|1810|1815|1842|1860
MYSTERIES,MYSTERIES,1842,PARSING_OR_EDITORIAL,0.50,In OCR range but not parsed — possible parsing error or editorial removal,,,20240,5,1797|1810|1815|1823|1860
JURISPRUDENCE,JURISPRUDENCE,1778,PARSING_OR_EDITORIAL,0.50,In OCR range but not parsed — possible parsing error or editorial removal,,,20157,3,1771|1823|1842
JURISPRUDENCE,JURISPRUDENCE,1797,PARSING_OR_EDITORIAL,0.50,In OCR range but not parsed — possible parsing error or editorial removal,,,20157,3,1771|1823|1842
JURISPRUDENCE,JURISPRUDENCE,1810,PARSING_OR_EDITORIAL,0.50,In OCR range but not parsed — possible parsing error or editorial removal,,,20157,3,1771|1823|1842
JURISPRUDENCE,JURISPRUDENCE,1815,PARSING_OR_EDITORIAL,0.50,In OCR range but not parsed — possible parsing error or editorial removal,,,20157,3,1771|1823|1842
FORTIFICATION,FORTIFICATION,1823,PARSING_OR_EDITORIAL,0.50,In OCR range but not parsed — possible parsing error or editorial removal,,,20025,7,1771|1778|1797|1810|1815|1842|1860
ENGRAILED,ENGRAILED,1815,PARSING_OR_EDITORIAL,0.50,In OCR range but not parsed — possible parsing error or editorial removal,,,19475,6,1778|1797|1810|1823|1842|1860
CALENDAR,CALENDAR,1778,PARSING_OR_EDITORIAL,0.50,In OCR range but not parsed — possible parsing error or editorial removal,,,17948,5,1771|1797|1810|1842|1860
CALENDAR,CALENDAR,1815,PARSING_OR_EDITORIAL,0.50,In OCR range but not parsed — possible parsing error or editorial removal,,,17948,5,1771|1797|1810|1842|1860
LOYOLA,LOYOLA,1815,PARSING_OR_EDITORIAL,0.50,In OCR range but not parsed — possible parsing error or editorial removal,,,17734,4,1810|1823|1842|1860
SLAVERY,SLAVERY,1815,PARSING_OR_EDITORIAL,0.50,In OCR range but not parsed — possible parsing error or editorial removal,,,17488,3,1797|1842|1860
SLAVERY,SLAVERY,1823,PARSING_OR_EDITORIAL,0.50,In OCR range but not parsed — possible parsing error or editorial removal,,,17488,3,1797|1842|1860
PLANISPHERE,PLANISPHERE,1797,PARSING_OR_EDITORIAL,0.50,In OCR range but not parsed — possible parsing error or editorial removal,,,16262,6,1778|1810|1815|1823|1842|1860
MINIATURE_PAINTING,MINIATURE PAINTING,1815,PARSING_OR_EDITORIAL,0.50,In OCR range but not parsed — possible parsing error or editorial removal,,,16250,4,1810|1823|1842|1860
MALTA,MALTA,1797,PARSING_OR_EDITORIAL,0.50,In OCR range but not parsed — possible parsing error or editorial removal,,,15421,7,1771|1778|1810|1815|1823|1842|1860
LIVERPOOL,LIVERPOOL,1823,PARSING_OR_EDITORIAL,0.50,In OCR range but not parsed — possible parsing error or editorial removal,,,15309,6,1771|1797|1810|1815|1842|1860
JENA,JENA,1823,PARSING_OR_EDITORIAL,0.50,In OCR range but not parsed — possible parsing error or editorial removal,,,15283,7,1771|1778|1797|1810|1815|1842|1860
LESLIE,LESLIE,1810,PARSING_OR_EDITORIAL,0.50,In OCR range but not parsed — possible parsing error or editorial removal,,,15013,4,1778|1797|1842|1860
LESLIE,LESLIE,1815,PARSING_OR_EDITORIAL,0.50,In OCR range but not parsed — possible parsing error or editorial removal,,,15013,4,1778|1797|1842|1860
LESLIE,LESLIE,1823,PARSING_OR_EDITORIAL,0.50,In OCR range but not parsed — possible parsing error or editorial removal,,,15013,4,1778|1797|1842|1860
POLYTHEISM,POLYTHEISM,1810,PARSING_OR_EDITORIAL,0.50,In OCR range but not parsed — possible parsing error or editorial removal,,,14649,6,1778|1797|1815|1823|1842|1860
AUSTRIA,AUSTRIA,1810,PARSING_OR_EDITORIAL,0.50,In OCR range but not parsed — possible parsing error or editorial removal,,,14438,7,1771|1778|1797|1815|1823|1842|1860
JAPAN,JAPAN,1842,PARSING_OR_EDITORIAL,0.50,In OCR range but not parsed — possible parsing error or editorial removal,,,13733,7,1771|1778|1797|1810|1815|1823|1860
MENTHA,MENTHA,1810,PARSING_OR_EDITORIAL,0.50,In OCR range but not parsed — possible parsing error or editorial removal,,,13328,5,1771|1778|1797|1823|1842
MENTHA,MENTHA,1815,PARSING_OR_EDITORIAL,0.50,In OCR range but not parsed — possible parsing error or editorial removal,,,13328,5,1771|1778|1797|1823|1842
TENCE,TENCE,1815,PARSING_OR_EDITORIAL,0.50,In OCR range but not parsed — possible parsing error or editorial removal,,,13319,2,1810|1842
TENCE,TENCE,1823,PARSING_OR_EDITORIAL,0.50,In OCR range but not parsed — possible parsing error or editorial removal,,,13319,2,1810|1842
CHRIST-CHURCH,CHRIST-CHURCH,1815,PARSING_OR_EDITORIAL,0.50,In OCR range but not parsed — possible parsing error or editorial removal,,,13289,5,1771|1778|1797|1810|1860
CHRIST-CHURCH,CHRIST-CHURCH,1823,PARSING_OR_EDITORIAL,0.50,In OCR range but not parsed — possible parsing error or editorial removal,,,13289,5,1771|1778|1797|1810|1860
CHRIST-CHURCH,CHRIST-CHURCH,1842,PARSING_OR_EDITORIAL,0.50,In OCR range but not parsed — possible parsing error or editorial removal,,,13289,5,1771|1778|1797|1810|1860
ASSAYING,ASSAYING,1815,PARSING_OR_EDITORIAL,0.50,In OCR range but not parsed — possible parsing error or editorial removal,,,12970,4,1797|1823|1842|1860
GOUT,GOUT,1810,PARSING_OR_EDITORIAL,0.50,In OCR range but not parsed — possible parsing error or editorial removal,,,12912,5,1778|1797|1815|1823|1860
GOUT,GOUT,1842,PARSING_OR_EDITORIAL,0.50,In OCR range but not parsed — possible parsing error or editorial removal,,,12912,5,1778|1797|1815|1823|1860
PENN,PENN,1810,PARSING_OR_EDITORIAL,0.50,In OCR range but not parsed — possible parsing error or editorial removal,,,12618,3,1778|1797|1860
PENN,PENN,1815,PARSING_OR_EDITORIAL,0.50,In OCR range but not parsed — possible parsing error or editorial removal,,,12618,3,1778|1797|1860
PENN,PENN,1823,PARSING_OR_EDITORIAL,0.50,In OCR range but not parsed — possible parsing error or editorial removal,,,12618,3,1778|1797|1860
PENN,PENN,1842,PARSING_OR_EDITORIAL,0.50,In OCR range but not parsed — possible parsing error or editorial removal,,,12618,3,1778|1797|1860
CATHEDRAL,CATHEDRAL,1797,PARSING_OR_EDITORIAL,0.50,In OCR range but not parsed — possible parsing error or editorial removal,,,12613,4,1771|1778|1823|1842
CATHEDRAL,CATHEDRAL,1815,PARSING_OR_EDITORIAL,0.50,In OCR range but not parsed — possible parsing error or editorial removal,,,12613,4,1771|1778|1823|1842
MOSS,MOSS,1823,PARSING_OR_EDITORIAL,0.50,In OCR range but not parsed — possible parsing error or editorial removal,,,12388,6,1771|1778|1797|1810|1815|1842
AUXONNE,AUXONNE,1810,PARSING_OR_EDITORIAL,0.50,In OCR range but not parsed — possible parsing error or editorial removal,,,12200,6,1778|1797|1815|1823|1842|1860
INSTINCT,INSTINCT,1823,PARSING_OR_EDITORIAL,0.50,In OCR range but not parsed — possible parsing error or editorial removal,,,12198,6,1771|1778|1797|1810|1815|1860
INSTINCT,INSTINCT,1842,PARSING_OR_EDITORIAL,0.50,In OCR range but not parsed — possible parsing error or editorial removal,,,12198,6,1771|1778|1797|1810|1815|1860
SWIFT,SWIFT,1797,PARSING_OR_EDITORIAL,0.50,In OCR range but not parsed — possible parsing error or editorial removal,,,12163,6,1778|1810|1815|1823|1842|1860
KANT,KANT,1810,PARSING_OR_EDITORIAL,0.50,In OCR range but not parsed — possible parsing error or editorial removal,,,12064,4,1797|1823|1842|1860
KANT,KANT,1815,PARSING_OR_EDITORIAL,0.50,In OCR range but not parsed — possible parsing error or editorial removal,,,12064,4,1797|1823|1842|1860
SWITZERLAND,SWITZERLAND,1842,PARSING_OR_EDITORIAL,0.50,In OCR range but not parsed — possible parsing error or editorial removal,,,12014,7,1771|1778|1797|1810|1815|1823|1860
SERIES,SERIES,1797,PARSING_OR_EDITORIAL,0.50,In OCR range but not parsed — possible parsing error or editorial removal,,,11898,5,1771|1778|1810|1815|1842
SERIES,SERIES,1823,PARSING_OR_EDITORIAL,0.50,In OCR range but not parsed — possible parsing error or editorial removal,,,11898,5,1771|1778|1810|1815|1842
MIRABEAU,MIRABEAU,1810,PARSING_OR_EDITORIAL,0.50,In OCR range but not parsed — possible parsing error or editorial removal,,,11891,3,1797|1842|1860
MIRABEAU,MIRABEAU,1815,PARSING_OR_EDITORIAL,0.50,In OCR range but not parsed — possible parsing error or editorial removal,,,11891,3,1797|1842|1860
MIRABEAU,MIRABEAU,1823,PARSING_OR_EDITORIAL,0.50,In OCR range but not parsed — possible parsing error or editorial removal,,,11891,3,1797|1842|1860
OUDE,OUDE,1823,PARSING_OR_EDITORIAL,0.50,In OCR range but not parsed — possible parsing error or editorial removal,,,11803,3,1815|1842|1860
CIVIL_LAW,CIVIL LAW,1797,PARSING_OR_EDITORIAL,0.50,In OCR range but not parsed — possible parsing error or editorial removal,,,11628,5,1771|1778|1815|1823|1842
MYTHOLOGY,MYTHOLOGY,1810,PARSING_OR_EDITORIAL,0.50,In OCR range but not parsed — possible parsing error or editorial removal,,,11364,6,1771|1778|1797|1823|1842|1860
MYTHOLOGY,MYTHOLOGY,1815,PARSING_OR_EDITORIAL,0.50,In OCR range but not parsed — possible parsing error or editorial removal,,,11364,6,1771|1778|1797|1823|1842|1860
SQUARING,SQUARING,1815,PARSING_OR_EDITORIAL,0.50,In OCR range but not parsed — possible parsing error or editorial removal,,,11302,3,1810|1842|1860
SQUARING,SQUARING,1823,PARSING_OR_EDITORIAL,0.50,In OCR range but not parsed — possible parsing error or editorial removal,,,11302,3,1810|1842|1860
EUSTACHIUS,EUSTACHIUS,1823,PARSING_OR_EDITORIAL,0.50,In OCR range but not parsed — possible parsing error or editorial removal,,,10935,5,1778|1797|1810|1815|1860
EUSTACHIUS,EUSTACHIUS,1842,PARSING_OR_EDITORIAL,0.50,In OCR range but not parsed — possible parsing error or editorial removal,,,10935,5,1778|1797|1810|1815|1860
SIGNALS,SIGNALS,1815,PARSING_OR_EDITORIAL,0.50,In OCR range but not parsed — possible parsing error or editorial removal,,,10697,3,1778|1797|1842
SIGNALS,SIGNALS,1823,PARSING_OR_EDITORIAL,0.50,In OCR range but not parsed — possible parsing error or editorial removal,,,10697,3,1778|1797|1842
PARTHIA,PARTHIA,1810,PARSING_OR_EDITORIAL,0.50,In OCR range but not parsed — possible parsing error or editorial removal,,,10552,5,1778|1797|1815|1823|1860
PARTHIA,PARTHIA,1842,PARSING_OR_EDITORIAL,0.50,In OCR range but not parsed — possible parsing error or editorial removal,,,10552,5,1778|1797|1815|1823|1860
PLATA,PLATA,1842,PARSING_OR_EDITORIAL,0.50,In OCR range but not parsed — possible parsing error or editorial removal,,,10546,7,1771|1778|1797|1810|1815|1823|1860
IMPOTENCE,IMPOTENCE,1797,PARSING_OR_EDITORIAL,0.50,In OCR range but not parsed — possible parsing error or editorial removal,,,10452,3,1778|1810|1842
IMPOTENCE,IMPOTENCE,1815,PARSING_OR_EDITORIAL,0.50,In OCR range but not parsed — possible parsing error or editorial removal,,,10452,3,1778|1810|1842
IMPOTENCE,IMPOTENCE,1823,PARSING_OR_EDITORIAL,0.50,In OCR range but not parsed — possible parsing error or editorial removal,,,10452,3,1778|1810|1842
CONNECTICUT,CONNECTICUT,1778,PARSING_OR_EDITORIAL,0.50,In OCR range but not parsed — possible parsing error or editorial removal,,,10086,7,1771|1797|1810|1815|1823|1842|1860
HERCULANEUM,HERCULANEUM,1810,PARSING_OR_EDITORIAL,0.50,In OCR range but not parsed — possible parsing error or editorial removal,,,10064,5,1797|1815|1823|1842|1860
KNOX,KNOX,1815,PARSING_OR_EDITORIAL,0.50,In OCR range but not parsed — possible parsing error or editorial removal,,,10048,6,1778|1797|1810|1823|1842|1860
LAMP,LAMP,1815,PARSING_OR_EDITORIAL,0.50,In OCR range but not parsed — possible parsing error or editorial removal,,,10023,7,1771|1778|1797|1810|1823|1842|1860
ZOOPHYTES,ZOOPHYTES,1842,PARSING_OR_EDITORIAL,0.50,In OCR range but not parsed — possible parsing error or editorial removal,,,9768,4,1810|1815|1823|1860
WILNA,WILNA,1797,PARSING_OR_EDITORIAL,0.50,In OCR range but not parsed — possible parsing error or editorial removal,,,9726,3,1771|1810|1842
WILNA,WILNA,1815,PARSING_OR_EDITORIAL,0.50,In OCR range but not parsed — possible parsing error or editorial removal,,,9726,3,1771|1810|1842
WILNA,WILNA,1823,PARSING_OR_EDITORIAL,0.50,In OCR range but not parsed — possible parsing error or editorial removal,,,9726,3,1771|1810|1842
HOTTENTOTS,HOTTENTOTS,1810,PARSING_OR_EDITORIAL,0.50,In OCR range but not parsed — possible parsing error or editorial removal,,,9245,5,1778|1797|1815|1823|1842
GREENLAND,GREENLAND,1823,PARSING_OR_EDITORIAL,0.50,In OCR range but not parsed — possible parsing error or editorial removal,,,9242,6,1778|1797|1810|1815|1842|1860
LEIGHTON,LEIGHTON,1810,PARSING_OR_EDITORIAL,0.50,In OCR range but not parsed — possible parsing error or editorial removal,,,9030,4,1778|1797|1842|1860
LEIGHTON,LEIGHTON,1815,PARSING_OR_EDITORIAL,0.50,In OCR range but not parsed — possible parsing error or editorial removal,,,9030,4,1778|1797|1842|1860
LEIGHTON,LEIGHTON,1823,PARSING_OR_EDITORIAL,0.50,In OCR range but not parsed — possible parsing error or editorial removal,,,9030,4,1778|1797|1842|1860
PARAGUAY,PARAGUAY,1810,PARSING_OR_EDITORIAL,0.50,In OCR range but not parsed — possible parsing error or editorial removal,,,8906,7,1771|1778|1797|1815|1823|1842|1860
MASSINGER,MASSINGER,1810,PARSING_OR_EDITORIAL,0.50,In OCR range but not parsed — possible parsing error or editorial removal,,,8617,5,1797|1815|1823|1842|1860
POTASH,POTASH,1778,PARSING_OR_EDITORIAL,0.50,In OCR range but not parsed — possible parsing error or editorial removal,,,8380,6,1771|1797|1810|1815|1823|1842
AUSONIUS,AUSONIUS,1810,PARSING_OR_EDITORIAL,0.50,In OCR range but not parsed — possible parsing error or editorial removal,,,8260,6,1778|1797|1815|1823|1842|1860
PORISM,PORISM,1823,PARSING_OR_EDITORIAL,0.50,In OCR range but not parsed — possible parsing error or editorial removal,,,8071,5,1797|1810|1815|1842|1860
OILS,OILS,1810,PARSING_OR_EDITORIAL,0.50,In OCR range but not parsed — possible parsing error or editorial removal,,,7841,2,1797|1860
OILS,OILS,1815,PARSING_OR_EDITORIAL,0.50,In OCR range but not parsed — possible parsing error or editorial removal,,,7841,2,1797|1860
OILS,OILS,1823,PARSING_OR_EDITORIAL,0.50,In OCR range but not parsed — possible parsing error or editorial removal,,,7841,2,1797|1860
OILS,OILS,1842,PARSING_OR_EDITORIAL,0.50,In OCR range but not parsed — possible parsing error or editorial removal,,,7841,2,1797|1860
DICTIONARY,DICTIONARY,1797,PARSING_OR_EDITORIAL,0.50,In OCR range but not parsed — possible parsing error or editorial removal,,,7840,6,1778|1810|1815|1823|1842|1860
ROAD-MAKING,ROAD-MAKING,1842,PARSING_OR_EDITORIAL,0.50,In OCR range but not parsed — possible parsing error or editorial removal,,,7836,2,1823|1860
COMBINATION,COMBINATION,1842,PARSING_OR_EDITORIAL,0.50,In OCR range but not parsed — possible parsing error or editorial removal,,,7805,7,1771|1778|1797|1810|1815|1823|1860
VAN,VAN,1842,PARSING_OR_EDITORIAL,0.50,In OCR range but not parsed — possible parsing error or editorial removal,,,7794,6,1778|1797|1810|1815|1823|1860
YOUNG,YOUNG,1797,PARSING_OR_EDITORIAL,0.50,In OCR range but not parsed — possible parsing error or editorial removal,,,7658,5,1778|1810|1815|1842|1860
YOUNG,YOUNG,1823,PARSING_OR_EDITORIAL,0.50,In OCR range but not parsed — possible parsing error or editorial removal,,,7658,5,1778|1810|1815|1842|1860
POTATO,POTATO,1823,PARSING_OR_EDITORIAL,0.50,In OCR range but not parsed — possible parsing error or editorial removal,,,7630,4,1797|1810|1815|1860
CRETE,CRETE,1823,PARSING_OR_EDITORIAL,0.50,In OCR range but not parsed — possible parsing error or editorial removal,,,7613,6,1778|1797|1810|1815|1842|1860
HONDURAS,HONDURAS,1810,PARSING_OR_EDITORIAL,0.50,In OCR range but not parsed — possible parsing error or editorial removal,,,7521,7,1771|1778|1797|1815|1823|1842|1860
MONSTER,MONSTER,1810,PARSING_OR_EDITORIAL,0.50,In OCR range but not parsed — possible parsing error or editorial removal,,,7220,6,1771|1797|1815|1823|1842|1860
CANARY_ISLANDS,CANARY ISLANDS,1842,PARSING_OR_EDITORIAL,0.50,In OCR range but not parsed — possible parsing error or editorial removal,,,7167,2,1823|1860
GOOD_FRIDAY,GOOD FRIDAY,1810,PARSING_OR_EDITORIAL,0.50,In OCR range but not parsed — possible parsing error or editorial removal,,,7129,3,1797|1815|1860
GOOD_FRIDAY,GOOD FRIDAY,1823,PARSING_OR_EDITORIAL,0.50,In OCR range but not parsed — possible parsing error or editorial removal,,,7129,3,1797|1815|1860
GOOD_FRIDAY,GOOD FRIDAY,1842,PARSING_OR_EDITORIAL,0.50,In OCR range but not parsed — possible parsing error or editorial removal,,,7129,3,1797|1815|1860
BAUTZEN,BAUTZEN,1810,PARSING_OR_EDITORIAL,0.50,In OCR range but not parsed — possible parsing error or editorial removal,,,7114,7,1771|1778|1797|1815|1823|1842|1860
FIFE,FIFE,1842,PARSING_OR_EDITORIAL,0.50,In OCR range but not parsed — possible parsing error or editorial removal,,,7112,7,1771|1778|1797|1810|1815|1823|1860
LINDSAY,LINDSAY,1810,PARSING_OR_EDITORIAL,0.50,In OCR range but not parsed — possible parsing error or editorial removal,,,6936,4,1797|1815|1842|1860
LINDSAY,LINDSAY,1823,PARSING_OR_EDITORIAL,0.50,In OCR range but not parsed — possible parsing error or editorial removal,,,6936,4,1797|1815|1842|1860
LAPITHUS,LAPITHUS,1823,PARSING_OR_EDITORIAL,0.50,In OCR range but not parsed — possible parsing error or editorial removal,,,6889,4,1797|1810|1815|1842
JOINERY,JOINERY,1778,PARSING_OR_EDITORIAL,0.50,In OCR range but not parsed — possible parsing error or editorial removal,,,6752,6,1771|1797|1810|1815|1823|1842
TYTLER,TYTLER,1815,PARSING_OR_EDITORIAL,0.50,In OCR range but not parsed — possible parsing error or editorial removal,,,6716,3,1797|1842|1860
TYTLER,TYTLER,1823,PARSING_OR_EDITORIAL,0.50,In OCR range but not parsed — possible parsing error or editorial removal,,,6716,3,1797|1842|1860
STENOGRAPHY,STENOGRAPHY,1823,PARSING_OR_EDITORIAL,0.50,In OCR range but not parsed — possible parsing error or editorial removal,,,6670,6,1778|1797|1810|1815|1842|1860
COPERNICUS,COPERNICUS,1842,PARSING_OR_EDITORIAL,0.50,In OCR range but not parsed — possible parsing error or editorial removal,,,6637,7,1771|1778|1797|1810|1815|1823|1860
ISCHURIA,ISCHURIA,1815,PARSING_OR_EDITORIAL,0.50,In OCR range but not parsed — possible parsing error or editorial removal,,,6620,3,1797|1810|1842
ISCHURIA,ISCHURIA,1823,PARSING_OR_EDITORIAL,0.50,In OCR range but not parsed — possible parsing error or editorial removal,,,6620,3,1797|1810|1842
GUATIMALA,GUATIMALA,1810,PARSING_OR_EDITORIAL,0.50,In OCR range but not parsed — possible parsing error or editorial removal,,,6496,5,1778|1797|1815|1823|1842
BRICK,BRICK,1810,PARSING_OR_EDITORIAL,0.50,In OCR range but not parsed — possible parsing error or editorial removal,,,6462,6,1771|1797|1815|1823|1842|1860
FUEL,FUEL,1823,PARSING_OR_EDITORIAL,0.50,In OCR range but not parsed — possible parsing error or editorial removal,,,6370,7,1771|1778|1797|1810|1815|1842|1860
POMPEII,POMPEII,1810,PARSING_OR_EDITORIAL,0.50,In OCR range but not parsed — possible parsing error or editorial removal,,,6264,6,1778|1797|1815|1823|1842|1860
CHRISTOPHERS,CHRISTOPHERS,1797,PARSING_OR_EDITORIAL,0.50,In OCR range but not parsed — possible parsing error or editorial removal,,,6247,5,1771|1778|1823|1842|1860
CHRISTOPHERS,CHRISTOPHERS,1815,PARSING_OR_EDITORIAL,0.50,In OCR range but not parsed — possible parsing error or editorial removal,,,6247,5,1771|1778|1823|1842|1860
CLAY,CLAY,1842,PARSING_OR_EDITORIAL,0.50,In OCR range but not parsed — possible parsing error or editorial removal,,,6210,6,1771|1778|1797|1815|1823|1860
CANDIA,CANDIA,1778,PARSING_OR_EDITORIAL,0.50,In OCR range but not parsed — possible parsing error or editorial removal,,,6191,7,1771|1797|1810|1815|1823|1842|1860
FELIX,FELIX,1797,PARSING_OR_EDITORIAL,0.50,In OCR range but not parsed — possible parsing error or editorial removal,,,5964,2,1778|1860
FELIX,FELIX,1810,PARSING_OR_EDITORIAL,0.50,In OCR range but not parsed — possible parsing error or editorial removal,,,5964,2,1778|1860
FELIX,FELIX,1815,PARSING_OR_EDITORIAL,0.50,In OCR range but not parsed — possible parsing error or editorial removal,,,5964,2,1778|1860
FELIX,FELIX,1823,PARSING_OR_EDITORIAL,0.50,In OCR range but not parsed — possible parsing error or editorial removal,,,5964,2,1778|1860
FELIX,FELIX,1842,PARSING_OR_EDITORIAL,0.50,In OCR range but not parsed — possible parsing error or editorial removal,,,5964,2,1778|1860
ERASMUS,ERASMUS,1810,PARSING_OR_EDITORIAL,0.50,In OCR range but not parsed — possible parsing error or editorial removal,,,5909,4,1778|1797|1842|1860
ERASMUS,ERASMUS,1815,PARSING_OR_EDITORIAL,0.50,In OCR range but not parsed — possible parsing error or editorial removal,,,5909,4,1778|1797|1842|1860
ERASMUS,ERASMUS,1823,PARSING_OR_EDITORIAL,0.50,In OCR range but not parsed — possible parsing error or editorial removal,,,5909,4,1778|1797|1842|1860
SPAHIS,SPAHIS,1797,PARSING_OR_EDITORIAL,0.50,In OCR range but not parsed — possible parsing error or editorial removal,,,5769,2,1778|1842
SPAHIS,SPAHIS,1815,PARSING_OR_EDITORIAL,0.50,In OCR range but not parsed — possible parsing error or editorial removal,,,5769,2,1778|1842
SPAHIS,SPAHIS,1823,PARSING_OR_EDITORIAL,0.50,In OCR range but not parsed — possible parsing error or editorial removal,,,5769,2,1778|1842
BUNYAN,BUNYAN,1810,PARSING_OR_EDITORIAL,0.50,In OCR range but not parsed — possible parsing error or editorial removal,,,5605,6,1778|1797|1815|1823|1842|1860
STOCKPORT,STOCKPORT,1797,PARSING_OR_EDITORIAL,0.50,In OCR range but not parsed — possible parsing error or editorial removal,,,5594,2,1771|1860
STOCKPORT,STOCKPORT,1815,PARSING_OR_EDITORIAL,0.50,In OCR range but not parsed — possible parsing error or editorial removal,,,5594,2,1771|1860
STOCKPORT,STOCKPORT,1842,PARSING_OR_EDITORIAL,0.50,In OCR range but not parsed — possible parsing error or editorial removal,,,5594,2,1771|1860
MOLIERE,MOLIERE,1810,PARSING_OR_EDITORIAL,0.50,In OCR range but not parsed — possible parsing error or editorial removal,,,5575,4,1778|1797|1823|1860
MOLIERE,MOLIERE,1815,PARSING_OR_EDITORIAL,0.50,In OCR range but not parsed — possible parsing error or editorial removal,,,5575,4,1778|1797|1823|1860
MOLIERE,MOLIERE,1842,PARSING_OR_EDITORIAL,0.50,In OCR range but not parsed — possible parsing error or editorial removal,,,5575,4,1778|1797|1823|1860
PANTHEISM,PANTHEISM,1810,PARSING_OR_EDITORIAL,0.50,In OCR range but not parsed — possible parsing error or editorial removal,,,5573,4,1797|1823|1842|1860
PANTHEISM,PANTHEISM,1815,PARSING_OR_EDITORIAL,0.50,In OCR range but not parsed — possible parsing error or editorial removal,,,5573,4,1797|1823|1842|1860
STADIUM,STADIUM,1823,PARSING_OR_EDITORIAL,0.50,In OCR range but not parsed — possible parsing error or editorial removal,,,5560,6,1771|1778|1797|1815|1842|1860
PLASTIC,PLASTIC,1797,PARSING_OR_EDITORIAL,0.50,In OCR range but not parsed — possible parsing error or editorial removal,,,5518,5,1778|1810|1815|1823|1842
NEUTRALITY,NEUTRALITY,1823,PARSING_OR_EDITORIAL,0.50,In OCR range but not parsed — possible parsing error or editorial removal,,,5490,6,1771|1778|1797|1810|1815|1860
NEUTRALITY,NEUTRALITY,1842,PARSING_OR_EDITORIAL,0.50,In OCR range but not parsed — possible parsing error or editorial removal,,,5490,6,1771|1778|1797|1810|1815|1860
TAYLOR,TAYLOR,1842,PARSING_OR_EDITORIAL,0.50,In OCR range but not parsed — possible parsing error or editorial removal,,,5488,6,1778|1797|1810|1815|1823|1860
ROXBURGHSHIRE,ROXBURGHSHIRE,1815,PARSING_OR_EDITORIAL,0.50,In OCR range but not parsed — possible parsing error or editorial removal,,,5454,5,1778|1797|1810|1823|1860
ROXBURGHSHIRE,ROXBURGHSHIRE,1842,PARSING_OR_EDITORIAL,0.50,In OCR range but not parsed — possible parsing error or editorial removal,,,5454,5,1778|1797|1810|1823|1860
ORDEAL,ORDEAL,1810,PARSING_OR_EDITORIAL,0.50,In OCR range but not parsed — possible parsing error or editorial removal,,,5426,7,1771|1778|1797|1815|1823|1842|1860
ORGAN,ORGAN,1810,PARSING_OR_EDITORIAL,0.50,In OCR range but not parsed — possible parsing error or editorial removal,,,5378,7,1771|1778|1797|1815|1823|1842|1860
CRIMES_AND_PUNISHMENTS,CRIMES AND PUNISHMENTS,1842,PARSING_OR_EDITORIAL,0.50,In OCR range but not parsed — possible parsing error or editorial removal,,,5322,2,1823|1860
PERCUSSION,PERCUSSION,1810,PARSING_OR_EDITORIAL,0.50,In OCR range but not parsed — possible parsing error or editorial removal,,,5320,4,1771|1778|1797|1842
PERCUSSION,PERCUSSION,1815,PARSING_OR_EDITORIAL,0.50,In OCR range but not parsed — possible parsing error or editorial removal,,,5320,4,1771|1778|1797|1842
PERCUSSION,PERCUSSION,1823,PARSING_OR_EDITORIAL,0.50,In OCR range but not parsed — possible parsing error or editorial removal,,,5320,4,1771|1778|1797|1842
MILITIA,MILITIA,1810,PARSING_OR_EDITORIAL,0.50,In OCR range but not parsed — possible parsing error or editorial removal,,,5281,7,1771|1778|1797|1815|1823|1842|1860
MAGIC_SQUARE,MAGIC SQUARE,1842,PARSING_OR_EDITORIAL,0.50,In OCR range but not parsed — possible parsing error or editorial removal,,,5244,5,1797|1810|1815|1823|1860
POLYPUS,POLYPUS,1815,PARSING_OR_EDITORIAL,0.50,In OCR range but not parsed — possible parsing error or editorial removal,,,5201,5,1778|1797|1810|1823|1842
BARBARY,BARBARY,1842,PARSING_OR_EDITORIAL,0.50,In OCR range but not parsed — possible parsing error or editorial removal,,,5200,7,1771|1778|1797|1810|1815|1823|1860
BOUGUER,BOUGUER,1815,PARSING_OR_EDITORIAL,0.50,In OCR range but not parsed — possible parsing error or editorial removal,,,5171,4,1797|1823|1842|1860
SHETLAND,SHETLAND,1842,PARSING_OR_EDITORIAL,0.50,In OCR range but not parsed — possible parsing error or editorial removal,,,5139,6,1778|1797|1810|1815|1823|1860
ROBERT,ROBERT,1842,PARSING_OR_EDITORIAL,0.50,In OCR range but not parsed — possible parsing error or editorial removal,,,5137,6,1778|1797|1810|1815|1823|1860
LEITH,LEITH,1815,PARSING_OR_EDITORIAL,0.50,In OCR range but not parsed — possible parsing error or editorial removal,,,5110,7,1771|1778|1797|1810|1823|1842|1860
GASSENDI,GASSENDI,1823,PARSING_OR_EDITORIAL,0.50,In OCR range but not parsed — possible parsing error or editorial removal,,,5066,5,1797|1810|1815|1842|1860
PROMISE,PROMISE,1778,PARSING_OR_EDITORIAL,0.50,In OCR range but not parsed — possible parsing error or editorial removal,,,4931,6,1771|1797|1810|1815|1823|1842
SELDEN,SELDEN,1823,PARSING_OR_EDITORIAL,0.50,In OCR range but not parsed — possible parsing error or editorial removal,,,4900,4,1810|1815|1842|1860
BUC,BUC,1842,PARSING_OR_EDITORIAL,0.50,In OCR range but not parsed — possible parsing error or editorial removal,,,4884,6,1778|1797|1810|1815|1823|1860
BAILLIE,BAILLIE,1815,PARSING_OR_EDITORIAL,0.50,In OCR range but not parsed — possible parsing error or editorial removal,,,4861,3,1810|1842|1860
BAILLIE,BAILLIE,1823,PARSING_OR_EDITORIAL,0.50,In OCR range but not parsed — possible parsing error or editorial removal,,,4861,3,1810|1842|1860
BARBOUR,BARBOUR,1797,PARSING_OR_EDITORIAL,0.50,In OCR range but not parsed — possible parsing error or editorial removal,,,4860,6,1778|1810|1815|1823|1842|1860
FOUNDERY,FOUNDERY,1778,PARSING_OR_EDITORIAL,0.50,In OCR range but not parsed — possible parsing error or editorial removal,,,4829,3,1771|1842|1860
FOUNDERY,FOUNDERY,1797,PARSING_OR_EDITORIAL,0.50,In OCR range but not parsed — possible parsing error or editorial removal,,,4829,3,1771|1842|1860
FOUNDERY,FOUNDERY,1810,PARSING_OR_EDITORIAL,0.50,In OCR range but not parsed — possible parsing error or editorial removal,,,4829,3,1771|1842|1860
FOUNDERY,FOUNDERY,1823,PARSING_OR_EDITORIAL,0.50,In OCR range but not parsed — possible parsing error or editorial removal,,,4829,3,1771|1842|1860
DADUCHI,DADUCHI,1797,PARSING_OR_EDITORIAL,0.50,In OCR range but not parsed — possible parsing error or editorial removal,,,4823,6,1778|1810|1815|1823|1842|1860
GOLDONI,GOLDONI,1810,PARSING_OR_EDITORIAL,0.50,In OCR range but not parsed — possible parsing error or editorial removal,,,4810,3,1797|1815|1842
GOLDONI,GOLDONI,1823,PARSING_OR_EDITORIAL,0.50,In OCR range but not parsed — possible parsing error or editorial removal,,,4810,3,1797|1815|1842
LEEDS,LEEDS,1815,PARSING_OR_EDITORIAL,0.50,In OCR range but not parsed — possible parsing error or editorial removal,,,4796,6,1771|1778|1797|1810|1842|1860
LEEDS,LEEDS,1823,PARSING_OR_EDITORIAL,0.50,In OCR range but not parsed — possible parsing error or editorial removal,,,4796,6,1771|1778|1797|1810|1842|1860
WREN,WREN,1842,PARSING_OR_EDITORIAL,0.50,In OCR range but not parsed — possible parsing error or editorial removal,,,4763,6,1778|1797|1810|1815|1823|1860
HORNE,HORNE,1810,PARSING_OR_EDITORIAL,0.50,In OCR range but not parsed — possible parsing error or editorial removal,,,4744,3,1797|1815|1860
HORNE,HORNE,1823,PARSING_OR_EDITORIAL,0.50,In OCR range but not parsed — possible parsing error or editorial removal,,,4744,3,1797|1815|1860
HORNE,HORNE,1842,PARSING_OR_EDITORIAL,0.50,In OCR range but not parsed — possible parsing error or editorial removal,,,4744,3,1797|1815|1860
OWEN,OWEN,1823,PARSING_OR_EDITORIAL,0.50,In OCR range but not parsed — possible parsing error or editorial removal,,,4725,6,1778|1797|1810|1815|1842|1860
PHOTOMETER,PHOTOMETER,1810,PARSING_OR_EDITORIAL,0.50,In OCR range but not parsed — possible parsing error or editorial removal,,,4686,2,1797|1860
PHOTOMETER,PHOTOMETER,1815,PARSING_OR_EDITORIAL,0.50,In OCR range but not parsed — possible parsing error or editorial removal,,,4686,2,1797|1860
PHOTOMETER,PHOTOMETER,1823,PARSING_OR_EDITORIAL,0.50,In OCR range but not parsed — possible parsing error or editorial removal,,,4686,2,1797|1860
PHOTOMETER,PHOTOMETER,1842,PARSING_OR_EDITORIAL,0.50,In OCR range but not parsed — possible parsing error or editorial removal,,,4686,2,1797|1860
RICHMOND,RICHMOND,1778,PARSING_OR_EDITORIAL,0.50,In OCR range but not parsed — possible parsing error or editorial removal,,,4631,4,1771|1823|1842|1860
RICHMOND,RICHMOND,1797,PARSING_OR_EDITORIAL,0.50,In OCR range but not parsed — possible parsing error or editorial removal,,,4631,4,1771|1823|1842|1860
RICHMOND,RICHMOND,1815,PARSING_OR_EDITORIAL,0.50,In OCR range but not parsed — possible parsing error or editorial removal,,,4631,4,1771|1823|1842|1860
MONTESQUIEU,MONTESQUIEU,1810,PARSING_OR_EDITORIAL,0.50,In OCR range but not parsed — possible parsing error or editorial removal,,,4609,5,1778|1797|1823|1842|1860
MONTESQUIEU,MONTESQUIEU,1815,PARSING_OR_EDITORIAL,0.50,In OCR range but not parsed — possible parsing error or editorial removal,,,4609,5,1778|1797|1823|1842|1860
BOGOMILI,BOGOMILI,1797,PARSING_OR_EDITORIAL,0.50,In OCR range but not parsed — possible parsing error or editorial removal,,,4607,7,1771|1778|1810|1815|1823|1842|1860
SHEERNESS,SHEERNESS,1823,PARSING_OR_EDITORIAL,0.50,In OCR range but not parsed — possible parsing error or editorial removal,,,4582,3,1815|1842|1860
REDRUTH,REDRUTH,1778,PARSING_OR_EDITORIAL,0.50,In OCR range but not parsed — possible parsing error or editorial removal,,,4570,3,1771|1842|1860
REDRUTH,REDRUTH,1797,PARSING_OR_EDITORIAL,0.50,In OCR range but not parsed — possible parsing error or editorial removal,,,4570,3,1771|1842|1860
REDRUTH,REDRUTH,1810,PARSING_OR_EDITORIAL,0.50,In OCR range but not parsed — possible parsing error or editorial removal,,,4570,3,1771|1842|1860
REDRUTH,REDRUTH,1815,PARSING_OR_EDITORIAL,0.50,In OCR range but not parsed — possible parsing error or editorial removal,,,4570,3,1771|1842|1860
REDRUTH,REDRUTH,1823,PARSING_OR_EDITORIAL,0.50,In OCR range but not parsed — possible parsing error or editorial removal,,,4570,3,1771|1842|1860
CHEESE,CHEESE,1842,PARSING_OR_EDITORIAL,0.50,In OCR range but not parsed — possible parsing error or editorial removal,,,4533,7,1771|1778|1797|1810|1815|1823|1860
BOMBAY,BOMBAY,1797,PARSING_OR_EDITORIAL,0.50,In OCR range but not parsed — possible parsing error or editorial removal,,,4481,6,1771|1778|1815|1823|1842|1860
BOMBAY,BOMBAY,1810,PARSING_OR_EDITORIAL,0.50,In OCR range but not parsed — possible parsing error or editorial removal,,,4481,6,1771|1778|1815|1823|1842|1860
MINIATURE,MINIATURE,1815,PARSING_OR_EDITORIAL,0.50,In OCR range but not parsed — possible parsing error or editorial removal,,,4432,5,1771|1778|1797|1810|1842
MINIATURE,MINIATURE,1823,PARSING_OR_EDITORIAL,0.50,In OCR range but not parsed — possible parsing error or editorial removal,,,4432,5,1771|1778|1797|1810|1842
JAPANNING,JAPANNING,1842,PARSING_OR_EDITORIAL,0.50,In OCR range but not parsed — possible parsing error or editorial removal,,,4426,7,1771|1778|1797|1810|1815|1823|1860
DUMONT,DUMONT,1815,PARSING_OR_EDITORIAL,0.50,In OCR range but not parsed — possible parsing error or editorial removal,,,4401,6,1778|1797|1810|1823|1842|1860
PASCAL,PASCAL,1797,PARSING_OR_EDITORIAL,0.50,In OCR range but not parsed — possible parsing error or editorial removal,,,4383,5,1778|1810|1815|1823|1842
DERBY,DERBY,1810,PARSING_OR_EDITORIAL,0.50,In OCR range but not parsed — possible parsing error or editorial removal,,,4367,5,1797|1815|1823|1842|1860
FALLACY,FALLACY,1842,PARSING_OR_EDITORIAL,0.50,In OCR range but not parsed — possible parsing error or editorial removal,,,4324,7,1771|1778|1797|1810|1815|1823|1860
LAMBERT,LAMBERT,1815,PARSING_OR_EDITORIAL,0.50,In OCR range but not parsed — possible parsing error or editorial removal,,,4316,5,1778|1797|1810|1823|1842
POSITION,POSITION,1810,PARSING_OR_EDITORIAL,0.50,In OCR range but not parsed — possible parsing error or editorial removal,,,4292,2,1797|1842
POSITION,POSITION,1815,PARSING_OR_EDITORIAL,0.50,In OCR range but not parsed — possible parsing error or editorial removal,,,4292,2,1797|1842
POSITION,POSITION,1823,PARSING_OR_EDITORIAL,0.50,In OCR range but not parsed — possible parsing error or editorial removal,,,4292,2,1797|1842
DREAMS,DREAMS,1842,PARSING_OR_EDITORIAL,0.50,In OCR range but not parsed — possible parsing error or editorial removal,,,4212,5,1797|1810|1815|1823|1860
SEMIPELAGIANS,SEMIPELAGIANS,1842,PARSING_OR_EDITORIAL,0.50,In OCR range but not parsed — possible parsing error or editorial removal,,,4208,5,1797|1810|1815|1823|1860
SIAM,SIAM,1797,PARSING_OR_EDITORIAL,0.50,In OCR range but not parsed — possible parsing error or editorial removal,,,4189,4,1771|1778|1842|1860
SIAM,SIAM,1815,PARSING_OR_EDITORIAL,0.50,In OCR range but not parsed — possible parsing error or editorial removal,,,4189,4,1771|1778|1842|1860
SIAM,SIAM,1823,PARSING_OR_EDITORIAL,0.50,In OCR range but not parsed — possible parsing error or editorial removal,,,4189,4,1771|1778|1842|1860
TARSHISH,TARSHISH,1810,PARSING_OR_EDITORIAL,0.50,In OCR range but not parsed — possible parsing error or editorial removal,,,4085,2,1797|1860
TARSHISH,TARSHISH,1815,PARSING_OR_EDITORIAL,0.50,In OCR range but not parsed — possible parsing error or editorial removal,,,4085,2,1797|1860
TARSHISH,TARSHISH,1823,PARSING_OR_EDITORIAL,0.50,In OCR range but not parsed — possible parsing error or editorial removal,,,4085,2,1797|1860
TARSHISH,TARSHISH,1842,PARSING_OR_EDITORIAL,0.50,In OCR range but not parsed — possible parsing error or editorial removal,,,4085,2,1797|1860
MOREAU,MOREAU,1810,PARSING_OR_EDITORIAL,0.50,In OCR range but not parsed — possible parsing error or editorial removal,,,4056,4,1778|1797|1842|1860
MOREAU,MOREAU,1815,PARSING_OR_EDITORIAL,0.50,In OCR range but not parsed — possible parsing error or editorial removal,,,4056,4,1778|1797|1842|1860
MOREAU,MOREAU,1823,PARSING_OR_EDITORIAL,0.50,In OCR range but not parsed — possible parsing error or editorial removal,,,4056,4,1778|1797|1842|1860
OUSE,OUSE,1797,PARSING_OR_EDITORIAL,0.50,In OCR range but not parsed — possible parsing error or editorial removal,,,3954,4,1771|1778|1842|1860
OUSE,OUSE,1810,PARSING_OR_EDITORIAL,0.50,In OCR range but not parsed — possible parsing error or editorial removal,,,3954,4,1771|1778|1842|1860
OUSE,OUSE,1815,PARSING_OR_EDITORIAL,0.50,In OCR range but not parsed — possible parsing error or editorial removal,,,3954,4,1771|1778|1842|1860
OUSE,OUSE,1823,PARSING_OR_EDITORIAL,0.50,In OCR range but not parsed — possible parsing error or editorial removal,,,3954,4,1771|1778|1842|1860
BUTE,BUTE,1797,PARSING_OR_EDITORIAL,0.50,In OCR range but not parsed — possible parsing error or editorial removal,,,3942,6,1778|1810|1815|1823|1842|1860
GERARD,GERARD,1815,PARSING_OR_EDITORIAL,0.50,In OCR range but not parsed — possible parsing error or editorial removal,,,3942,5,1778|1797|1810|1842|1860
GERARD,GERARD,1823,PARSING_OR_EDITORIAL,0.50,In OCR range but not parsed — possible parsing error or editorial removal,,,3942,5,1778|1797|1810|1842|1860
BLANC,BLANC,1842,PARSING_OR_EDITORIAL,0.50,In OCR range but not parsed — possible parsing error or editorial removal,,,3875,6,1778|1797|1810|1815|1823|1860
PALERMO,PALERMO,1842,PARSING_OR_EDITORIAL,0.50,In OCR range but not parsed — possible parsing error or editorial removal,,,3775,7,1771|1778|1797|1810|1815|1823|1860
FERMANAGH,FERMANAGH,1797,PARSING_OR_EDITORIAL,0.50,In OCR range but not parsed — possible parsing error or editorial removal,,,3767,6,1778|1810|1815|1823|1842|1860
CARTES,CARTES,1842,PARSING_OR_EDITORIAL,0.50,In OCR range but not parsed — possible parsing error or editorial removal,,,3756,5,1778|1797|1810|1815|1860
CLARE,CLARE,1815,PARSING_OR_EDITORIAL,0.50,In OCR range but not parsed — possible parsing error or editorial removal,,,3733,6,1771|1778|1797|1823|1842|1860
EZEKIEL,EZEKIEL,1778,PARSING_OR_EDITORIAL,0.50,In OCR range but not parsed — possible parsing error or editorial removal,,,3733,7,1771|1797|1810|1815|1823|1842|1860
BEAN,BEAN,1797,PARSING_OR_EDITORIAL,0.50,In OCR range but not parsed — possible parsing error or editorial removal,,,3727,5,1778|1815|1823|1842|1860
BEAN,BEAN,1810,PARSING_OR_EDITORIAL,0.50,In OCR range but not parsed — possible parsing error or editorial removal,,,3727,5,1778|1815|1823|1842|1860
MACPHERSON,MACPHERSON,1810,PARSING_OR_EDITORIAL,0.50,In OCR range but not parsed — possible parsing error or editorial removal,,,3715,2,1797|1860
MACPHERSON,MACPHERSON,1815,PARSING_OR_EDITORIAL,0.50,In OCR range but not parsed — possible parsing error or editorial removal,,,3715,2,1797|1860
MACPHERSON,MACPHERSON,1823,PARSING_OR_EDITORIAL,0.50,In OCR range but not parsed — possible parsing error or editorial removal,,,3715,2,1797|1860
MACPHERSON,MACPHERSON,1842,PARSING_OR_EDITORIAL,0.50,In OCR range but not parsed — possible parsing error or editorial removal,,,3715,2,1797|1860
HAPPINESS,HAPPINESS,1778,PARSING_OR_EDITORIAL,0.50,In OCR range but not parsed — possible parsing error or editorial removal,,,3709,6,1771|1797|1810|1815|1823|1842
MOZART,MOZART,1810,PARSING_OR_EDITORIAL,0.50,In OCR range but not parsed — possible parsing error or editorial removal,,,3694,3,1797|1842|1860
MOZART,MOZART,1815,PARSING_OR_EDITORIAL,0.50,In OCR range but not parsed — possible parsing error or editorial removal,,,3694,3,1797|1842|1860
MOZART,MOZART,1823,PARSING_OR_EDITORIAL,0.50,In OCR range but not parsed — possible parsing error or editorial removal,,,3694,3,1797|1842|1860
EARL,EARL,1823,PARSING_OR_EDITORIAL,0.50,In OCR range but not parsed — possible parsing error or editorial removal,,,3677,7,1771|1778|1797|1810|1815|1842|1860
CANARA,CANARA,1815,PARSING_OR_EDITORIAL,0.50,In OCR range but not parsed — possible parsing error or editorial removal,,,3676,6,1778|1797|1810|1823|1842|1860
HELMET,HELMET,1823,PARSING_OR_EDITORIAL,0.50,In OCR range but not parsed — possible parsing error or editorial removal,,,3653,6,1771|1778|1797|1810|1815|1842
PASTIME,PASTIME,1815,PARSING_OR_EDITORIAL,0.50,In OCR range but not parsed — possible parsing error or editorial removal,,,3639,3,1797|1810|1842
PASTIME,PASTIME,1823,PARSING_OR_EDITORIAL,0.50,In OCR range but not parsed — possible parsing error or editorial removal,,,3639,3,1797|1810|1842
SHEFFIELD,SHEFFIELD,1797,PARSING_OR_EDITORIAL,0.50,In OCR range but not parsed — possible parsing error or editorial removal,,,3617,5,1771|1810|1815|1842|1860
SHEFFIELD,SHEFFIELD,1823,PARSING_OR_EDITORIAL,0.50,In OCR range but not parsed — possible parsing error or editorial removal,,,3617,5,1771|1810|1815|1842|1860
NOTTINGHAM,NOTTINGHAM,1810,PARSING_OR_EDITORIAL,0.50,In OCR range but not parsed — possible parsing error or editorial removal,,,3601,5,1771|1815|1823|1842|1860
LORN,LORN,1842,PARSING_OR_EDITORIAL,0.50,In OCR range but not parsed — possible parsing error or editorial removal,,,3585,2,1771|1860
CAMOENS,CAMOENS,1797,PARSING_OR_EDITORIAL,0.50,In OCR range but not parsed — possible parsing error or editorial removal,,,3581,4,1778|1823|1842|1860
CAMOENS,CAMOENS,1815,PARSING_OR_EDITORIAL,0.50,In OCR range but not parsed — possible parsing error or editorial removal,,,3581,4,1778|1823|1842|1860
DUEL,DUEL,1810,PARSING_OR_EDITORIAL,0.50,In OCR range but not parsed — possible parsing error or editorial removal,,,3551,7,1771|1778|1797|1815|1823|1842|1860
MOSQUE,MOSQUE,1815,PARSING_OR_EDITORIAL,0.50,In OCR range but not parsed — possible parsing error or editorial removal,,,3493,7,1771|1778|1797|1810|1823|1842|1860
LUC,LUC,1797,PARSING_OR_EDITORIAL,0.50,In OCR range but not parsed — possible parsing error or editorial removal,,,3477,4,1771|1823|1842|1860
LUC,LUC,1810,PARSING_OR_EDITORIAL,0.50,In OCR range but not parsed — possible parsing error or editorial removal,,,3477,4,1771|1823|1842|1860
LUC,LUC,1815,PARSING_OR_EDITORIAL,0.50,In OCR range but not parsed — possible parsing error or editorial removal,,,3477,4,1771|1823|1842|1860
CRAYER,CRAYER,1810,PARSING_OR_EDITORIAL,0.50,In OCR range but not parsed — possible parsing error or editorial removal,,,3463,5,1797|1815|1823|1842|1860
VENEZUELA,VENEZUELA,1797,PARSING_OR_EDITORIAL,0.50,In OCR range but not parsed — possible parsing error or editorial removal,,,3380,3,1771|1842|1860
VENEZUELA,VENEZUELA,1815,PARSING_OR_EDITORIAL,0.50,In OCR range but not parsed — possible parsing error or editorial removal,,,3380,3,1771|1842|1860
VENEZUELA,VENEZUELA,1823,PARSING_OR_EDITORIAL,0.50,In OCR range but not parsed — possible parsing error or editorial removal,,,3380,3,1771|1842|1860
MILLENIUM,MILLENIUM,1810,PARSING_OR_EDITORIAL,0.50,In OCR range but not parsed — possible parsing error or editorial removal,,,3364,3,1797|1842|1860
CHARISTIA,CHARISTIA,1778,PARSING_OR_EDITORIAL,0.50,In OCR range but not parsed — possible parsing error or editorial removal,,,3360,7,1771|1797|1810|1815|1823|1842|1860
METASTASIO,METASTASIO,1815,PARSING_OR_EDITORIAL,0.50,In OCR range but not parsed — possible parsing error or editorial removal,,,3358,5,1797|1810|1823|1842|1860
FORSTER,FORSTER,1810,PARSING_OR_EDITORIAL,0.50,In OCR range but not parsed — possible parsing error or editorial removal,,,3346,4,1797|1823|1842|1860
FORSTER,FORSTER,1815,PARSING_OR_EDITORIAL,0.50,In OCR range but not parsed — possible parsing error or editorial removal,,,3346,4,1797|1823|1842|1860
LUCANUS,LUCANUS,1842,PARSING_OR_EDITORIAL,0.50,In OCR range but not parsed — possible parsing error or editorial removal,,,3344,6,1778|1797|1810|1815|1823|1860
CONI,CONI,1797,PARSING_OR_EDITORIAL,0.50,In OCR range but not parsed — possible parsing error or editorial removal,,,3337,7,1771|1778|1810|1815|1823|1842|1860
STADTHOLDER,STADTHOLDER,1823,PARSING_OR_EDITORIAL,0.50,In OCR range but not parsed — possible parsing error or editorial removal,,,3315,5,1771|1778|1797|1815|1842
MORGAGNI,MORGAGNI,1810,PARSING_OR_EDITORIAL,0.50,In OCR range but not parsed — possible parsing error or editorial removal,,,3264,5,1778|1797|1815|1823|1842
FERMAT,FERMAT,1810,PARSING_OR_EDITORIAL,0.50,In OCR range but not parsed — possible parsing error or editorial removal,,,3258,4,1797|1823|1842|1860
FERMAT,FERMAT,1815,PARSING_OR_EDITORIAL,0.50,In OCR range but not parsed — possible parsing error or editorial removal,,,3258,4,1797|1823|1842|1860
ENGLISH,ENGLISH,1842,PARSING_OR_EDITORIAL,0.50,In OCR range but not parsed — possible parsing error or editorial removal,,,3255,7,1771|1778|1797|1810|1815|1823|1860
GUASTALLA,GUASTALLA,1810,PARSING_OR_EDITORIAL,0.50,In OCR range but not parsed — possible parsing error or editorial removal,,,3232,6,1778|1797|1815|1823|1842|1860
GUITAR,GUITAR,1797,PARSING_OR_EDITORIAL,0.50,In OCR range but not parsed — possible parsing error or editorial removal,,,3231,5,1778|1810|1815|1842|1860
GUITAR,GUITAR,1823,PARSING_OR_EDITORIAL,0.50,In OCR range but not parsed — possible parsing error or editorial removal,,,3231,5,1778|1810|1815|1842|1860
PYRRHUS,PYRRHUS,1810,PARSING_OR_EDITORIAL,0.50,In OCR range but not parsed — possible parsing error or editorial removal,,,3211,3,1797|1842|1860
PYRRHUS,PYRRHUS,1815,PARSING_OR_EDITORIAL,0.50,In OCR range but not parsed — possible parsing error or editorial removal,,,3211,3,1797|1842|1860
PYRRHUS,PYRRHUS,1823,PARSING_OR_EDITORIAL,0.50,In OCR range but not parsed — possible parsing error or editorial removal,,,3211,3,1797|1842|1860
MADRAS,MADRAS,1797,PARSING_OR_EDITORIAL,0.50,In OCR range but not parsed — possible parsing error or editorial removal,,,3204,6,1771|1810|1815|1823|1842|1860
DANIEL,DANIEL,1823,PARSING_OR_EDITORIAL,0.50,In OCR range but not parsed — possible parsing error or editorial removal,,,3164,6,1778|1797|1810|1815|1842|1860
EXECUTION,EXECUTION,1842,PARSING_OR_EDITORIAL,0.50,In OCR range but not parsed — possible parsing error or editorial removal,,,3159,7,1771|1778|1797|1810|1815|1823|1860
WALPOLE,WALPOLE,1842,PARSING_OR_EDITORIAL,0.50,In OCR range but not parsed — possible parsing error or editorial removal,,,3148,5,1797|1810|1815|1823|1860
ARGYLESHERE,ARGYLESHERE,1778,PARSING_OR_EDITORIAL,0.50,In OCR range but not parsed — possible parsing error or editorial removal,,,3131,4,1771|1797|1842|1860
BRIBERY,BRIBERY,1810,PARSING_OR_EDITORIAL,0.50,In OCR range but not parsed — possible parsing error or editorial removal,,,3128,6,1778|1797|1815|1823|1842|1860
ETHIOPIA,ETHIOPIA,1810,PARSING_OR_EDITORIAL,0.50,In OCR range but not parsed — possible parsing error or editorial removal,,,3095,5,1771|1778|1797|1842|1860
ETHIOPIA,ETHIOPIA,1815,PARSING_OR_EDITORIAL,0.50,In OCR range but not parsed — possible parsing error or editorial removal,,,3095,5,1771|1778|1797|1842|1860
ETHIOPIA,ETHIOPIA,1823,PARSING_OR_EDITORIAL,0.50,In OCR range but not parsed — possible parsing error or editorial removal,,,3095,5,1771|1778|1797|1842|1860
BANDA_ISLANDS,BANDA ISLANDS,1810,PARSING_OR_EDITORIAL,0.50,In OCR range but not parsed — possible parsing error or editorial removal,,,3086,6,1778|1797|1815|1823|1842|1860
QUEEN'S_COUNTY,QUEEN'S COUNTY,1778,PARSING_OR_EDITORIAL,0.50,In OCR range but not parsed — possible parsing error or editorial removal,,,3079,4,1771|1823|1842|1860
QUEEN'S_COUNTY,QUEEN'S COUNTY,1797,PARSING_OR_EDITORIAL,0.50,In OCR range but not parsed — possible parsing error or editorial removal,,,3079,4,1771|1823|1842|1860
QUEEN'S_COUNTY,QUEEN'S COUNTY,1810,PARSING_OR_EDITORIAL,0.50,In OCR range but not parsed — possible parsing error or editorial removal,,,3079,4,1771|1823|1842|1860
QUEEN'S_COUNTY,QUEEN'S COUNTY,1815,PARSING_OR_EDITORIAL,0.50,In OCR range but not parsed — possible parsing error or editorial removal,,,3079,4,1771|1823|1842|1860
QUEEN_CHARLOTTE'S_SOUND,QUEEN CHARLOTTE'S SOUND,1810,PARSING_OR_EDITORIAL,0.50,In OCR range but not parsed — possible parsing error or editorial removal,,,3076,2,1797|1842
QUEEN_CHARLOTTE'S_SOUND,QUEEN CHARLOTTE'S SOUND,1815,PARSING_OR_EDITORIAL,0.50,In OCR range but not parsed — possible parsing error or editorial removal,,,3076,2,1797|1842
QUEEN_CHARLOTTE'S_SOUND,QUEEN CHARLOTTE'S SOUND,1823,PARSING_OR_EDITORIAL,0.50,In OCR range but not parsed — possible parsing error or editorial removal,,,3076,2,1797|1842
CINCINNATUS,CINCINNATUS,1815,PARSING_OR_EDITORIAL,0.50,In OCR range but not parsed — possible parsing error or editorial removal,,,3068,3,1797|1823|1860
CINCINNATUS,CINCINNATUS,1842,PARSING_OR_EDITORIAL,0.50,In OCR range but not parsed — possible parsing error or editorial removal,,,3068,3,1797|1823|1860
FUND,FUND,1810,PARSING_OR_EDITORIAL,0.50,In OCR range but not parsed — possible parsing error or editorial removal,,,3049,5,1778|1797|1815|1842|1860
FUND,FUND,1823,PARSING_OR_EDITORIAL,0.50,In OCR range but not parsed — possible parsing error or editorial removal,,,3049,5,1778|1797|1815|1842|1860
LACCA,LACCA,1810,PARSING_OR_EDITORIAL,0.50,In OCR range but not parsed — possible parsing error or editorial removal,,,3044,6,1771|1778|1797|1815|1823|1842
CHANCELLOR,CHANCELLOR,1842,PARSING_OR_EDITORIAL,0.50,In OCR range but not parsed — possible parsing error or editorial removal,,,3020,6,1771|1778|1797|1815|1823|1860
DANTE,DANTE,1810,PARSING_OR_EDITORIAL,0.50,In OCR range but not parsed — possible parsing error or editorial removal,,,3019,5,1778|1797|1815|1823|1842
WATSON,WATSON,1797,PARSING_OR_EDITORIAL,0.50,In OCR range but not parsed — possible parsing error or editorial removal,,,3011,5,1778|1810|1815|1823|1860
WATSON,WATSON,1842,PARSING_OR_EDITORIAL,0.50,In OCR range but not parsed — possible parsing error or editorial removal,,,3011,5,1778|1810|1815|1823|1860
APIARY,APIARY,1778,PARSING_OR_EDITORIAL,0.50,In OCR range but not parsed — possible parsing error or editorial removal,,,3008,7,1771|1797|1810|1815|1823|1842|1860
FILTRATION,FILTRATION,1810,PARSING_OR_EDITORIAL,0.50,In OCR range but not parsed — possible parsing error or editorial removal,,,2998,3,1797|1815|1842
FILTRATION,FILTRATION,1823,PARSING_OR_EDITORIAL,0.50,In OCR range but not parsed — possible parsing error or editorial removal,,,2998,3,1797|1815|1842
MILLE_PASSUS,MILLE PASSUS,1810,PARSING_OR_EDITORIAL,0.50,In OCR range but not parsed — possible parsing error or editorial removal,,,2979,4,1797|1815|1823|1842
MAINE,MAINE,1797,PARSING_OR_EDITORIAL,0.50,In OCR range but not parsed — possible parsing error or editorial removal,,,2971,3,1771|1842|1860
MAINE,MAINE,1810,PARSING_OR_EDITORIAL,0.50,In OCR range but not parsed — possible parsing error or editorial removal,,,2971,3,1771|1842|1860
MAINE,MAINE,1815,PARSING_OR_EDITORIAL,0.50,In OCR range but not parsed — possible parsing error or editorial removal,,,2971,3,1771|1842|1860
MAINE,MAINE,1823,PARSING_OR_EDITORIAL,0.50,In OCR range but not parsed — possible parsing error or editorial removal,,,2971,3,1771|1842|1860
CANARIES,CANARIES,1778,PARSING_OR_EDITORIAL,0.50,In OCR range but not parsed — possible parsing error or editorial removal,,,2960,2,1771|1842
CANARIES,CANARIES,1797,PARSING_OR_EDITORIAL,0.50,In OCR range but not parsed — possible parsing error or editorial removal,,,2960,2,1771|1842
CANARIES,CANARIES,1815,PARSING_OR_EDITORIAL,0.50,In OCR range but not parsed — possible parsing error or editorial removal,,,2960,2,1771|1842
CANARIES,CANARIES,1823,PARSING_OR_EDITORIAL,0.50,In OCR range but not parsed — possible parsing error or editorial removal,,,2960,2,1771|1842
BOERHAAVE,BOERHAAVE,1797,PARSING_OR_EDITORIAL,0.50,In OCR range but not parsed — possible parsing error or editorial removal,,,2948,6,1778|1810|1815|1823|1842|1860
CRICKET,CRICKET,1810,PARSING_OR_EDITORIAL,0.50,In OCR range but not parsed — possible parsing error or editorial removal,,,2947,2,1797|1860
CRICKET,CRICKET,1815,PARSING_OR_EDITORIAL,0.50,In OCR range but not parsed — possible parsing error or editorial removal,,,2947,2,1797|1860
CRICKET,CRICKET,1823,PARSING_OR_EDITORIAL,0.50,In OCR range but not parsed — possible parsing error or editorial removal,,,2947,2,1797|1860
CRICKET,CRICKET,1842,PARSING_OR_EDITORIAL,0.50,In OCR range but not parsed — possible parsing error or editorial removal,,,2947,2,1797|1860
NORRIS,NORRIS,1810,PARSING_OR_EDITORIAL,0.50,In OCR range but not parsed — possible parsing error or editorial removal,,,2946,3,1797|1823|1860
NORRIS,NORRIS,1815,PARSING_OR_EDITORIAL,0.50,In OCR range but not parsed — possible parsing error or editorial removal,,,2946,3,1797|1823|1860
NORRIS,NORRIS,1842,PARSING_OR_EDITORIAL,0.50,In OCR range but not parsed — possible parsing error or editorial removal,,,2946,3,1797|1823|1860
OROBIO,OROBIO,1810,PARSING_OR_EDITORIAL,0.50,In OCR range but not parsed — possible parsing error or editorial removal,,,2943,5,1797|1815|1823|1842|1860
FASCINATION,FASCINATION,1823,PARSING_OR_EDITORIAL,0.50,In OCR range but not parsed — possible parsing error or editorial removal,,,2903,7,1771|1778|1797|1810|1815|1842|1860
BALA,BALA,1810,PARSING_OR_EDITORIAL,0.50,In OCR range but not parsed — possible parsing error or editorial removal,,,2876,5,1771|1778|1797|1842|1860
BALA,BALA,1815,PARSING_OR_EDITORIAL,0.50,In OCR range but not parsed — possible parsing error or editorial removal,,,2876,5,1771|1778|1797|1842|1860
BALA,BALA,1823,PARSING_OR_EDITORIAL,0.50,In OCR range but not parsed — possible parsing error or editorial removal,,,2876,5,1771|1778|1797|1842|1860
ABBREVIATION,ABBREVIATION,1778,PARSING_OR_EDITORIAL,0.50,In OCR range but not parsed — possible parsing error or editorial removal,,,2862,6,1771|1797|1815|1823|1842|1860
EULER,EULER,1823,PARSING_OR_EDITORIAL,0.50,In OCR range but not parsed — possible parsing error or editorial removal,,,2838,5,1797|1810|1815|1842|1860
HALDE,HALDE,1823,PARSING_OR_EDITORIAL,0.50,In OCR range but not parsed — possible parsing error or editorial removal,,,2814,6,1778|1797|1810|1815|1842|1860
ANTIOCH,ANTIOCH,1778,PARSING_OR_EDITORIAL,0.50,In OCR range but not parsed — possible parsing error or editorial removal,,,2801,5,1771|1797|1810|1815|1860
FLETEWOOD,FLETEWOOD,1810,PARSING_OR_EDITORIAL,0.50,In OCR range but not parsed — possible parsing error or editorial removal,,,2793,5,1778|1797|1815|1842|1860
FLETEWOOD,FLETEWOOD,1823,PARSING_OR_EDITORIAL,0.50,In OCR range but not parsed — possible parsing error or editorial removal,,,2793,5,1778|1797|1815|1842|1860
BEHEM,BEHEM,1810,PARSING_OR_EDITORIAL,0.50,In OCR range but not parsed — possible parsing error or editorial removal,,,2790,3,1797|1842|1860
BEHEM,BEHEM,1815,PARSING_OR_EDITORIAL,0.50,In OCR range but not parsed — possible parsing error or editorial removal,,,2790,3,1797|1842|1860
BEHEM,BEHEM,1823,PARSING_OR_EDITORIAL,0.50,In OCR range but not parsed — possible parsing error or editorial removal,,,2790,3,1797|1842|1860
CARDIFF,CARDIFF,1797,PARSING_OR_EDITORIAL,0.50,In OCR range but not parsed — possible parsing error or editorial removal,,,2790,7,1771|1778|1810|1815|1823|1842|1860
PORTO_RICO,PORTO RICO,1778,PARSING_OR_EDITORIAL,0.50,In OCR range but not parsed — possible parsing error or editorial removal,,,2776,3,1771|1842|1860
PORTO_RICO,PORTO RICO,1797,PARSING_OR_EDITORIAL,0.50,In OCR range but not parsed — possible parsing error or editorial removal,,,2776,3,1771|1842|1860
PORTO_RICO,PORTO RICO,1810,PARSING_OR_EDITORIAL,0.50,In OCR range but not parsed — possible parsing error or editorial removal,,,2776,3,1771|1842|1860
PORTO_RICO,PORTO RICO,1815,PARSING_OR_EDITORIAL,0.50,In OCR range but not parsed — possible parsing error or editorial removal,,,2776,3,1771|1842|1860
PORTO_RICO,PORTO RICO,1823,PARSING_OR_EDITORIAL,0.50,In OCR range but not parsed — possible parsing error or editorial removal,,,2776,3,1771|1842|1860
CLOUD,CLOUD,1815,PARSING_OR_EDITORIAL,0.50,In OCR range but not parsed — possible parsing error or editorial removal,,,2768,5,1778|1797|1810|1842|1860
CLOUD,CLOUD,1823,PARSING_OR_EDITORIAL,0.50,In OCR range but not parsed — possible parsing error or editorial removal,,,2768,5,1778|1797|1810|1842|1860
MAYER,MAYER,1810,PARSING_OR_EDITORIAL,0.50,In OCR range but not parsed — possible parsing error or editorial removal,,,2767,4,1797|1815|1842|1860
MAYER,MAYER,1823,PARSING_OR_EDITORIAL,0.50,In OCR range but not parsed — possible parsing error or editorial removal,,,2767,4,1797|1815|1842|1860
DARWIN,DARWIN,1823,PARSING_OR_EDITORIAL,0.50,In OCR range but not parsed — possible parsing error or editorial removal,,,2742,3,1810|1815|1860
DARWIN,DARWIN,1842,PARSING_OR_EDITORIAL,0.50,In OCR range but not parsed — possible parsing error or editorial removal,,,2742,3,1810|1815|1860
FLEURY,FLEURY,1778,PARSING_OR_EDITORIAL,0.50,In OCR range but not parsed — possible parsing error or editorial removal,,,2721,3,1771|1842|1860
FLEURY,FLEURY,1797,PARSING_OR_EDITORIAL,0.50,In OCR range but not parsed — possible parsing error or editorial removal,,,2721,3,1771|1842|1860
FLEURY,FLEURY,1810,PARSING_OR_EDITORIAL,0.50,In OCR range but not parsed — possible parsing error or editorial removal,,,2721,3,1771|1842|1860
FLEURY,FLEURY,1815,PARSING_OR_EDITORIAL,0.50,In OCR range but not parsed — possible parsing error or editorial removal,,,2721,3,1771|1842|1860
FLEURY,FLEURY,1823,PARSING_OR_EDITORIAL,0.50,In OCR range but not parsed — possible parsing error or editorial removal,,,2721,3,1771|1842|1860
ASPERIFOLIATE,ASPERIFOLIATE,1778,PARSING_OR_EDITORIAL,0.50,In OCR range but not parsed — possible parsing error or editorial removal,,,2717,6,1771|1797|1810|1815|1823|1842
GHENT,GHENT,1842,PARSING_OR_EDITORIAL,0.50,In OCR range but not parsed — possible parsing error or editorial removal,,,2703,7,1771|1778|1797|1810|1815|1823|1860
ROSA,ROSA,1823,PARSING_OR_EDITORIAL,0.50,In OCR range but not parsed — possible parsing error or editorial removal,,,2699,7,1771|1778|1797|1810|1815|1842|1860
REVELATION,REVELATION,1797,PARSING_OR_EDITORIAL,0.50,In OCR range but not parsed — possible parsing error or editorial removal,,,2692,7,1771|1778|1810|1815|1823|1842|1860
WILLIAM_OF_WYKEHAM,WILLIAM OF WYKEHAM,1842,PARSING_OR_EDITORIAL,0.50,In OCR range but not parsed — possible parsing error or editorial removal,,,2690,2,1823|1860
WARTON,WARTON,1815,PARSING_OR_EDITORIAL,0.50,In OCR range but not parsed — possible parsing error or editorial removal,,,2659,3,1797|1842|1860
WARTON,WARTON,1823,PARSING_OR_EDITORIAL,0.50,In OCR range but not parsed — possible parsing error or editorial removal,,,2659,3,1797|1842|1860
LYMPH,LYMPH,1797,PARSING_OR_EDITORIAL,0.50,In OCR range but not parsed — possible parsing error or editorial removal,,,2641,6,1771|1778|1810|1815|1823|1842
NANCOWRY,NANCOWRY,1842,PARSING_OR_EDITORIAL,0.50,In OCR range but not parsed — possible parsing error or editorial removal,,,2626,5,1797|1810|1815|1823|1860
ORCHARD,ORCHARD,1810,PARSING_OR_EDITORIAL,0.50,In OCR range but not parsed — possible parsing error or editorial removal,,,2613,5,1778|1797|1815|1823|1842
GROTIUS,GROTIUS,1810,PARSING_OR_EDITORIAL,0.50,In OCR range but not parsed — possible parsing error or editorial removal,,,2607,3,1797|1815|1860
GROTIUS,GROTIUS,1823,PARSING_OR_EDITORIAL,0.50,In OCR range but not parsed — possible parsing error or editorial removal,,,2607,3,1797|1815|1860
GROTIUS,GROTIUS,1842,PARSING_OR_EDITORIAL,0.50,In OCR range but not parsed — possible parsing error or editorial removal,,,2607,3,1797|1815|1860
BLENHEIM,BLENHEIM,1842,PARSING_OR_EDITORIAL,0.50,In OCR range but not parsed — possible parsing error or editorial removal,,,2601,7,1771|1778|1797|1810|1815|1823|1860
CHATTERTON,CHATTERTON,1842,PARSING_OR_EDITORIAL,0.50,In OCR range but not parsed — possible parsing error or editorial removal,,,2572,5,1797|1810|1815|1823|1860
WIGTOWN,WIGTOWN,1797,PARSING_OR_EDITORIAL,0.50,In OCR range but not parsed — possible parsing error or editorial removal,,,2570,2,1771|1860
WIGTOWN,WIGTOWN,1815,PARSING_OR_EDITORIAL,0.50,In OCR range but not parsed — possible parsing error or editorial removal,,,2570,2,1771|1860
WIGTOWN,WIGTOWN,1823,PARSING_OR_EDITORIAL,0.50,In OCR range but not parsed — possible parsing error or editorial removal,,,2570,2,1771|1860
WIGTOWN,WIGTOWN,1842,PARSING_OR_EDITORIAL,0.50,In OCR range but not parsed — possible parsing error or editorial removal,,,2570,2,1771|1860
DIDACTIC,DIDACTIC,1778,PARSING_OR_EDITORIAL,0.50,In OCR range but not parsed — possible parsing error or editorial removal,,,2567,6,1771|1797|1810|1815|1823|1860
DIDACTIC,DIDACTIC,1842,PARSING_OR_EDITORIAL,0.50,In OCR range but not parsed — possible parsing error or editorial removal,,,2567,6,1771|1797|1810|1815|1823|1860
PHILISTINES,PHILISTINES,1842,PARSING_OR_EDITORIAL,0.50,In OCR range but not parsed — possible parsing error or editorial removal,,,2558,5,1797|1810|1815|1823|1860
NICEPHORUS,NICEPHORUS,1810,PARSING_OR_EDITORIAL,0.50,In OCR range but not parsed — possible parsing error or editorial removal,,,2537,5,1778|1797|1815|1842|1860
NICEPHORUS,NICEPHORUS,1823,PARSING_OR_EDITORIAL,0.50,In OCR range but not parsed — possible parsing error or editorial removal,,,2537,5,1778|1797|1815|1842|1860
DAMIENS,DAMIENS,1810,PARSING_OR_EDITORIAL,0.50,In OCR range but not parsed — possible parsing error or editorial removal,,,2535,5,1797|1815|1823|1842|1860
FRANCIS,FRANCIS,1842,PARSING_OR_EDITORIAL,0.50,In OCR range but not parsed — possible parsing error or editorial removal,,,2495,4,1810|1815|1823|1860
LORETO,LORETO,1797,PARSING_OR_EDITORIAL,0.50,In OCR range but not parsed — possible parsing error or editorial removal,,,2495,6,1771|1810|1815|1823|1842|1860
FORFEITURE,FORFEITURE,1810,PARSING_OR_EDITORIAL,0.50,In OCR range but not parsed — possible parsing error or editorial removal,,,2480,6,1771|1778|1797|1815|1823|1860
FORFEITURE,FORFEITURE,1842,PARSING_OR_EDITORIAL,0.50,In OCR range but not parsed — possible parsing error or editorial removal,,,2480,6,1771|1778|1797|1815|1823|1860
TARTINI,TARTINI,1797,PARSING_OR_EDITORIAL,0.50,In OCR range but not parsed — possible parsing error or editorial removal,,,2467,2,1778|1860
TARTINI,TARTINI,1810,PARSING_OR_EDITORIAL,0.50,In OCR range but not parsed — possible parsing error or editorial removal,,,2467,2,1778|1860
TARTINI,TARTINI,1815,PARSING_OR_EDITORIAL,0.50,In OCR range but not parsed — possible parsing error or editorial removal,,,2467,2,1778|1860
TARTINI,TARTINI,1823,PARSING_OR_EDITORIAL,0.50,In OCR range but not parsed — possible parsing error or editorial removal,,,2467,2,1778|1860
TARTINI,TARTINI,1842,PARSING_OR_EDITORIAL,0.50,In OCR range but not parsed — possible parsing error or editorial removal,,,2467,2,1778|1860
BOYSE,BOYSE,1815,PARSING_OR_EDITORIAL,0.50,In OCR range but not parsed — possible parsing error or editorial removal,,,2461,4,1778|1797|1810|1842
BOYSE,BOYSE,1823,PARSING_OR_EDITORIAL,0.50,In OCR range but not parsed — possible parsing error or editorial removal,,,2461,4,1778|1797|1810|1842
NICERON,NICERON,1797,PARSING_OR_EDITORIAL,0.50,In OCR range but not parsed — possible parsing error or editorial removal,,,2443,5,1778|1810|1815|1823|1842
ELECT,ELECT,1778,PARSING_OR_EDITORIAL,0.50,In OCR range but not parsed — possible parsing error or editorial removal,,,2428,6,1771|1797|1810|1815|1823|1842
VIVES,VIVES,1815,PARSING_OR_EDITORIAL,0.50,In OCR range but not parsed — possible parsing error or editorial removal,,,2419,3,1778|1797|1860
VIVES,VIVES,1823,PARSING_OR_EDITORIAL,0.50,In OCR range but not parsed — possible parsing error or editorial removal,,,2419,3,1778|1797|1860
VIVES,VIVES,1842,PARSING_OR_EDITORIAL,0.50,In OCR range but not parsed — possible parsing error or editorial removal,,,2419,3,1778|1797|1860
MARITIME,MARITIME,1797,PARSING_OR_EDITORIAL,0.50,In OCR range but not parsed — possible parsing error or editorial removal,,,2418,5,1771|1778|1815|1823|1842
MARITIME,MARITIME,1810,PARSING_OR_EDITORIAL,0.50,In OCR range but not parsed — possible parsing error or editorial removal,,,2418,5,1771|1778|1815|1823|1842
LINEN,LINEN,1823,PARSING_OR_EDITORIAL,0.50,In OCR range but not parsed — possible parsing error or editorial removal,,,2413,5,1778|1797|1810|1815|1860
LINEN,LINEN,1842,PARSING_OR_EDITORIAL,0.50,In OCR range but not parsed — possible parsing error or editorial removal,,,2413,5,1778|1797|1810|1815|1860
CAMUS,CAMUS,1842,PARSING_OR_EDITORIAL,0.50,In OCR range but not parsed — possible parsing error or editorial removal,,,2400,7,1771|1778|1797|1810|1815|1823|1860
WESLEY,WESLEY,1823,PARSING_OR_EDITORIAL,0.50,In OCR range but not parsed — possible parsing error or editorial removal,,,2387,5,1797|1810|1815|1842|1860
VENTRILLOQUIST,VENTRILLOQUIST,1815,PARSING_OR_EDITORIAL,0.50,In OCR range but not parsed — possible parsing error or editorial removal,,,2374,2,1797|1860
VENTRILLOQUIST,VENTRILLOQUIST,1823,PARSING_OR_EDITORIAL,0.50,In OCR range but not parsed — possible parsing error or editorial removal,,,2374,2,1797|1860
VENTRILLOQUIST,VENTRILLOQUIST,1842,PARSING_OR_EDITORIAL,0.50,In OCR range but not parsed — possible parsing error or editorial removal,,,2374,2,1797|1860
KAJUAGA,KAJUAGA,1815,PARSING_OR_EDITORIAL,0.50,In OCR range but not parsed — possible parsing error or editorial removal,,,2366,2,1810|1823
WINTON,WINTON,1823,PARSING_OR_EDITORIAL,0.50,In OCR range but not parsed — possible parsing error or editorial removal,,,2365,4,1810|1815|1842|1860
FIRMICUS,FIRMICUS,1815,PARSING_OR_EDITORIAL,0.50,In OCR range but not parsed — possible parsing error or editorial removal,,,2362,3,1810|1842|1860
FIRMICUS,FIRMICUS,1823,PARSING_OR_EDITORIAL,0.50,In OCR range but not parsed — possible parsing error or editorial removal,,,2362,3,1810|1842|1860
BASSORA,BASSORA,1823,PARSING_OR_EDITORIAL,0.50,In OCR range but not parsed — possible parsing error or editorial removal,,,2352,3,1810|1815|1842
PLAUTUS,PLAUTUS,1797,PARSING_OR_EDITORIAL,0.50,In OCR range but not parsed — possible parsing error or editorial removal,,,2349,6,1778|1810|1815|1823|1842|1860
COLLISION,COLLISION,1842,PARSING_OR_EDITORIAL,0.50,In OCR range but not parsed — possible parsing error or editorial removal,,,2337,5,1778|1797|1815|1823|1860
MENDOZA,MENDOZA,1810,PARSING_OR_EDITORIAL,0.50,In OCR range but not parsed — possible parsing error or editorial removal,,,2333,3,1778|1797|1860
MENDOZA,MENDOZA,1815,PARSING_OR_EDITORIAL,0.50,In OCR range but not parsed — possible parsing error or editorial removal,,,2333,3,1778|1797|1860
MENDOZA,MENDOZA,1823,PARSING_OR_EDITORIAL,0.50,In OCR range but not parsed — possible parsing error or editorial removal,,,2333,3,1778|1797|1860
MENDOZA,MENDOZA,1842,PARSING_OR_EDITORIAL,0.50,In OCR range but not parsed — possible parsing error or editorial removal,,,2333,3,1778|1797|1860
IVORY,IVORY,1815,PARSING_OR_EDITORIAL,0.50,In OCR range but not parsed — possible parsing error or editorial removal,,,2323,7,1771|1778|1797|1810|1823|1842|1860
EXCHEQUER,EXCHEQUER,1823,PARSING_OR_EDITORIAL,0.50,In OCR range but not parsed — possible parsing error or editorial removal,,,2315,6,1771|1778|1797|1810|1815|1842
PARACELSIUS,PARACELSIUS,1815,PARSING_OR_EDITORIAL,0.50,In OCR range but not parsed — possible parsing error or editorial removal,,,2300,5,1797|1810|1823|1842|1860
GRAVINA,GRAVINA,1823,PARSING_OR_EDITORIAL,0.50,In OCR range but not parsed — possible parsing error or editorial removal,,,2281,7,1771|1778|1797|1810|1815|1842|1860
BRONTOLOGY,BRONTOLOGY,1797,PARSING_OR_EDITORIAL,0.50,In OCR range but not parsed — possible parsing error or editorial removal,,,2277,3,1778|1842|1860
BRONTOLOGY,BRONTOLOGY,1810,PARSING_OR_EDITORIAL,0.50,In OCR range but not parsed — possible parsing error or editorial removal,,,2277,3,1778|1842|1860
BRONTOLOGY,BRONTOLOGY,1815,PARSING_OR_EDITORIAL,0.50,In OCR range but not parsed — possible parsing error or editorial removal,,,2277,3,1778|1842|1860
BRONTOLOGY,BRONTOLOGY,1823,PARSING_OR_EDITORIAL,0.50,In OCR range but not parsed — possible parsing error or editorial removal,,,2277,3,1778|1842|1860
POMONA,POMONA,1842,PARSING_OR_EDITORIAL,0.50,In OCR range but not parsed — possible parsing error or editorial removal,,,2277,4,1810|1815|1823|1860
ASSYRIA,ASSYRIA,1778,PARSING_OR_EDITORIAL,0.50,In OCR range but not parsed — possible parsing error or editorial removal,,,2271,7,1771|1797|1810|1815|1823|1842|1860
ASPICUETA,ASPICUETA,1815,PARSING_OR_EDITORIAL,0.50,In OCR range but not parsed — possible parsing error or editorial removal,,,2265,4,1797|1810|1823|1860
ASPICUETA,ASPICUETA,1842,PARSING_OR_EDITORIAL,0.50,In OCR range but not parsed — possible parsing error or editorial removal,,,2265,4,1797|1810|1823|1860
BATTEL,BATTEL,1797,PARSING_OR_EDITORIAL,0.50,In OCR range but not parsed — possible parsing error or editorial removal,,,2262,5,1778|1815|1823|1842|1860
BATTEL,BATTEL,1810,PARSING_OR_EDITORIAL,0.50,In OCR range but not parsed — possible parsing error or editorial removal,,,2262,5,1778|1815|1823|1842|1860
LEIPSIC,LEIPSIC,1842,PARSING_OR_EDITORIAL,0.50,In OCR range but not parsed — possible parsing error or editorial removal,,,2258,7,1771|1778|1797|1810|1815|1823|1860
NEWMARKET,NEWMARKET,1842,PARSING_OR_EDITORIAL,0.50,In OCR range but not parsed — possible parsing error or editorial removal,,,2255,7,1771|1778|1797|1810|1815|1823|1860
RASAY,RASAY,1810,PARSING_OR_EDITORIAL,0.50,In OCR range but not parsed — possible parsing error or editorial removal,,,2245,4,1797|1815|1823|1842
ILDEFONSO,ILDEFONSO,1823,PARSING_OR_EDITORIAL,0.50,In OCR range but not parsed — possible parsing error or editorial removal,,,2243,5,1797|1810|1815|1842|1860
THESSALY,THESSALY,1797,PARSING_OR_EDITORIAL,0.50,In OCR range but not parsed — possible parsing error or editorial removal,,,2242,6,1771|1778|1810|1815|1823|1842
FOSTER,FOSTER,1810,PARSING_OR_EDITORIAL,0.50,In OCR range but not parsed — possible parsing error or editorial removal,,,2232,5,1797|1815|1823|1842|1860
BRONZE,BRONZE,1842,PARSING_OR_EDITORIAL,0.50,In OCR range but not parsed — possible parsing error or editorial removal,,,2231,6,1778|1797|1810|1815|1823|1860
ROUSSILLON,ROUSSILLON,1842,PARSING_OR_EDITORIAL,0.50,In OCR range but not parsed — possible parsing error or editorial removal,,,2205,3,1815|1823|1860
SENATE,SENATE,1823,PARSING_OR_EDITORIAL,0.50,In OCR range but not parsed — possible parsing error or editorial removal,,,2204,7,1771|1778|1797|1810|1815|1842|1860
GARNET,GARNET,1842,PARSING_OR_EDITORIAL,0.50,In OCR range but not parsed — possible parsing error or editorial removal,,,2199,7,1771|1778|1797|1810|1815|1823|1860
CAERMARTHEN,CAERMARTHEN,1797,PARSING_OR_EDITORIAL,0.50,In OCR range but not parsed — possible parsing error or editorial removal,,,2186,5,1771|1778|1815|1842|1860
STEPHANUS,STEPHANUS,1815,PARSING_OR_EDITORIAL,0.50,In OCR range but not parsed — possible parsing error or editorial removal,,,2182,4,1778|1797|1842|1860
STEPHANUS,STEPHANUS,1823,PARSING_OR_EDITORIAL,0.50,In OCR range but not parsed — possible parsing error or editorial removal,,,2182,4,1778|1797|1842|1860
MERIONETHSHIRE,MERIONETHSHIRE,1810,PARSING_OR_EDITORIAL,0.50,In OCR range but not parsed — possible parsing error or editorial removal,,,2179,6,1771|1797|1815|1823|1842|1860
TRANSFUSION_OF_BLOOD,TRANSFUSION OF BLOOD,1797,PARSING_OR_EDITORIAL,0.50,In OCR range but not parsed — possible parsing error or editorial removal,,,2177,3,1778|1815|1842
TRANSFUSION_OF_BLOOD,TRANSFUSION OF BLOOD,1823,PARSING_OR_EDITORIAL,0.50,In OCR range but not parsed — possible parsing error or editorial removal,,,2177,3,1778|1815|1842
MEDITERRANEAN_SEA,MEDITERRANEAN SEA,1797,PARSING_OR_EDITORIAL,0.50,In OCR range but not parsed — possible parsing error or editorial removal,,,2170,2,1778|1860
MEDITERRANEAN_SEA,MEDITERRANEAN SEA,1810,PARSING_OR_EDITORIAL,0.50,In OCR range but not parsed — possible parsing error or editorial removal,,,2170,2,1778|1860
MEDITERRANEAN_SEA,MEDITERRANEAN SEA,1815,PARSING_OR_EDITORIAL,0.50,In OCR range but not parsed — possible parsing error or editorial removal,,,2170,2,1778|1860
MEDITERRANEAN_SEA,MEDITERRANEAN SEA,1823,PARSING_OR_EDITORIAL,0.50,In OCR range but not parsed — possible parsing error or editorial removal,,,2170,2,1778|1860
MEDITERRANEAN_SEA,MEDITERRANEAN SEA,1842,PARSING_OR_EDITORIAL,0.50,In OCR range but not parsed — possible parsing error or editorial removal,,,2170,2,1778|1860
NIEUWLAND,NIEUWLAND,1810,PARSING_OR_EDITORIAL,0.50,In OCR range but not parsed — possible parsing error or editorial removal,,,2164,2,1797|1860
NIEUWLAND,NIEUWLAND,1815,PARSING_OR_EDITORIAL,0.50,In OCR range but not parsed — possible parsing error or editorial removal,,,2164,2,1797|1860
NIEUWLAND,NIEUWLAND,1823,PARSING_OR_EDITORIAL,0.50,In OCR range but not parsed — possible parsing error or editorial removal,,,2164,2,1797|1860
NIEUWLAND,NIEUWLAND,1842,PARSING_OR_EDITORIAL,0.50,In OCR range but not parsed — possible parsing error or editorial removal,,,2164,2,1797|1860
BOTTICELLI,BOTTICELLI,1815,PARSING_OR_EDITORIAL,0.50,In OCR range but not parsed — possible parsing error or editorial removal,,,2157,2,1797|1860
BOTTICELLI,BOTTICELLI,1823,PARSING_OR_EDITORIAL,0.50,In OCR range but not parsed — possible parsing error or editorial removal,,,2157,2,1797|1860
BOTTICELLI,BOTTICELLI,1842,PARSING_OR_EDITORIAL,0.50,In OCR range but not parsed — possible parsing error or editorial removal,,,2157,2,1797|1860
REPRODUCTION,REPRODUCTION,1810,PARSING_OR_EDITORIAL,0.50,In OCR range but not parsed — possible parsing error or editorial removal,,,2150,4,1771|1778|1797|1842
REPRODUCTION,REPRODUCTION,1815,PARSING_OR_EDITORIAL,0.50,In OCR range but not parsed — possible parsing error or editorial removal,,,2150,4,1771|1778|1797|1842
REPRODUCTION,REPRODUCTION,1823,PARSING_OR_EDITORIAL,0.50,In OCR range but not parsed — possible parsing error or editorial removal,,,2150,4,1771|1778|1797|1842
HAVANA,HAVANA,1842,PARSING_OR_EDITORIAL,0.50,In OCR range but not parsed — possible parsing error or editorial removal,,,2147,3,1815|1823|1860
GLUE,GLUE,1842,PARSING_OR_EDITORIAL,0.50,In OCR range but not parsed — possible parsing error or editorial removal,,,2138,7,1771|1778|1797|1810|1815|1823|1860
VERDEN,VERDEN,1815,PARSING_OR_EDITORIAL,0.50,In OCR range but not parsed — possible parsing error or editorial removal,,,2129,3,1778|1797|1860
VERDEN,VERDEN,1823,PARSING_OR_EDITORIAL,0.50,In OCR range but not parsed — possible parsing error or editorial removal,,,2129,3,1778|1797|1860
VERDEN,VERDEN,1842,PARSING_OR_EDITORIAL,0.50,In OCR range but not parsed — possible parsing error or editorial removal,,,2129,3,1778|1797|1860
CROCODILE,CROCODILE,1842,PARSING_OR_EDITORIAL,0.50,In OCR range but not parsed — possible parsing error or editorial removal,,,2117,6,1778|1797|1810|1815|1823|1860
CHATEAU-BRIANT,CHATEAU-BRIANT,1842,PARSING_OR_EDITORIAL,0.50,In OCR range but not parsed — possible parsing error or editorial removal,,,2113,5,1778|1797|1815|1823|1860
MACCABEES,MACCABEES,1823,PARSING_OR_EDITORIAL,0.50,In OCR range but not parsed — possible parsing error or editorial removal,,,2090,6,1771|1797|1810|1815|1842|1860
OWHYHEE,OWHYHEE,1823,PARSING_OR_EDITORIAL,0.50,In OCR range but not parsed — possible parsing error or editorial removal,,,2077,4,1797|1810|1815|1842
MAGDEBURG,MAGDEBURG,1842,PARSING_OR_EDITORIAL,0.50,In OCR range but not parsed — possible parsing error or editorial removal,,,2075,7,1771|1778|1797|1810|1815|1823|1860
PEIRESC,PEIRESC,1810,PARSING_OR_EDITORIAL,0.50,In OCR range but not parsed — possible parsing error or editorial removal,,,2075,5,1797|1815|1823|1842|1860
TEFLIS,TEFLIS,1815,PARSING_OR_EDITORIAL,0.50,In OCR range but not parsed — possible parsing error or editorial removal,,,2075,6,1771|1778|1797|1810|1842|1860
TEFLIS,TEFLIS,1823,PARSING_OR_EDITORIAL,0.50,In OCR range but not parsed — possible parsing error or editorial removal,,,2075,6,1771|1778|1797|1810|1842|1860
RAPE,RAPE,1823,PARSING_OR_EDITORIAL,0.50,In OCR range but not parsed — possible parsing error or editorial removal,,,2072,6,1778|1797|1810|1815|1842|1860
PRE-EXISTENCE,PRE-EXISTENCE,1810,PARSING_OR_EDITORIAL,0.50,In OCR range but not parsed — possible parsing error or editorial removal,,,2065,6,1771|1778|1797|1815|1823|1842
HOBBES,HOBBES,1810,PARSING_OR_EDITORIAL,0.50,In OCR range but not parsed — possible parsing error or editorial removal,,,2063,2,1797|1860
HOBBES,HOBBES,1815,PARSING_OR_EDITORIAL,0.50,In OCR range but not parsed — possible parsing error or editorial removal,,,2063,2,1797|1860
HOBBES,HOBBES,1823,PARSING_OR_EDITORIAL,0.50,In OCR range but not parsed — possible parsing error or editorial removal,,,2063,2,1797|1860
HOBBES,HOBBES,1842,PARSING_OR_EDITORIAL,0.50,In OCR range but not parsed — possible parsing error or editorial removal,,,2063,2,1797|1860
ASIA_MINOR,ASIA MINOR,1815,PARSING_OR_EDITORIAL,0.50,In OCR range but not parsed — possible parsing error or editorial removal,,,2058,5,1778|1797|1810|1823|1860
ASIA_MINOR,ASIA MINOR,1842,PARSING_OR_EDITORIAL,0.50,In OCR range but not parsed — possible parsing error or editorial removal,,,2058,5,1778|1797|1810|1823|1860
COCK,COCK,1823,PARSING_OR_EDITORIAL,0.50,In OCR range but not parsed — possible parsing error or editorial removal,,,2053,7,1771|1778|1797|1810|1815|1842|1860
SANQUHAR,SANQUHAR,1778,PARSING_OR_EDITORIAL,0.50,In OCR range but not parsed — possible parsing error or editorial removal,,,2049,3,1771|1842|1860
SANQUHAR,SANQUHAR,1797,PARSING_OR_EDITORIAL,0.50,In OCR range but not parsed — possible parsing error or editorial removal,,,2049,3,1771|1842|1860
SANQUHAR,SANQUHAR,1815,PARSING_OR_EDITORIAL,0.50,In OCR range but not parsed — possible parsing error or editorial removal,,,2049,3,1771|1842|1860
SANQUHAR,SANQUHAR,1823,PARSING_OR_EDITORIAL,0.50,In OCR range but not parsed — possible parsing error or editorial removal,,,2049,3,1771|1842|1860
ELASTIC,ELASTIC,1778,PARSING_OR_EDITORIAL,0.50,In OCR range but not parsed — possible parsing error or editorial removal,,,2046,6,1771|1797|1810|1815|1823|1842
MILO,MILO,1797,PARSING_OR_EDITORIAL,0.50,In OCR range but not parsed — possible parsing error or editorial removal,,,2040,4,1778|1810|1842|1860
MILO,MILO,1815,PARSING_OR_EDITORIAL,0.50,In OCR range but not parsed — possible parsing error or editorial removal,,,2040,4,1778|1810|1842|1860
MILO,MILO,1823,PARSING_OR_EDITORIAL,0.50,In OCR range but not parsed — possible parsing error or editorial removal,,,2040,4,1778|1810|1842|1860
FAGUS,FAGUS,1842,PARSING_OR_EDITORIAL,0.50,In OCR range but not parsed — possible parsing error or editorial removal,,,2037,6,1778|1797|1810|1815|1823|1860
ZENO,ZENO,1842,PARSING_OR_EDITORIAL,0.50,In OCR range but not parsed — possible parsing error or editorial removal,,,2037,6,1778|1797|1810|1815|1823|1860
CIRRIPEDES,CIRRIPEDES,1842,PARSING_OR_EDITORIAL,0.50,In OCR range but not parsed — possible parsing error or editorial removal,,,2034,2,1823|1860
KEATE,KEATE,1815,PARSING_OR_EDITORIAL,0.50,In OCR range but not parsed — possible parsing error or editorial removal,,,2013,3,1797|1810|1842
KEATE,KEATE,1823,PARSING_OR_EDITORIAL,0.50,In OCR range but not parsed — possible parsing error or editorial removal,,,2013,3,1797|1810|1842
MURATORI,MURATORI,1842,PARSING_OR_EDITORIAL,0.50,In OCR range but not parsed — possible parsing error or editorial removal,,,1992,6,1778|1797|1810|1815|1823|1860
MONTGOMERYSHIRE,MONTGOMERYSHIRE,1815,PARSING_OR_EDITORIAL,0.50,In OCR range but not parsed — possible parsing error or editorial removal,,,1986,5,1778|1810|1823|1842|1860
BAAL-ZEBUB,BAAL-ZEBUB,1810,PARSING_OR_EDITORIAL,0.50,In OCR range but not parsed — possible parsing error or editorial removal,,,1971,6,1778|1797|1815|1823|1842|1860
ELEGY,ELEGY,1778,PARSING_OR_EDITORIAL,0.50,In OCR range but not parsed — possible parsing error or editorial removal,,,1968,5,1771|1797|1823|1842|1860
ELEGY,ELEGY,1810,PARSING_OR_EDITORIAL,0.50,In OCR range but not parsed — possible parsing error or editorial removal,,,1968,5,1771|1797|1823|1842|1860
ELEGY,ELEGY,1815,PARSING_OR_EDITORIAL,0.50,In OCR range but not parsed — possible parsing error or editorial removal,,,1968,5,1771|1797|1823|1842|1860
GIANTS_CAUSEWAY,GIANTS CAUSEWAY,1842,PARSING_OR_EDITORIAL,0.50,In OCR range but not parsed — possible parsing error or editorial removal,,,1968,7,1771|1778|1797|1810|1815|1823|1860
CARIBBEE_ISLANDS,CARIBBEE ISLANDS,1842,PARSING_OR_EDITORIAL,0.50,In OCR range but not parsed — possible parsing error or editorial removal,,,1960,6,1778|1797|1810|1815|1823|1860
PENNANT,PENNANT,1823,PARSING_OR_EDITORIAL,0.50,In OCR range but not parsed — possible parsing error or editorial removal,,,1959,4,1797|1810|1815|1842
ISPANAHAN,ISPANAHAN,1815,PARSING_OR_EDITORIAL,0.50,In OCR range but not parsed — possible parsing error or editorial removal,,,1955,5,1771|1778|1797|1810|1842
ISPANAHAN,ISPANAHAN,1823,PARSING_OR_EDITORIAL,0.50,In OCR range but not parsed — possible parsing error or editorial removal,,,1955,5,1771|1778|1797|1810|1842
PARKHURST,PARKHURST,1842,PARSING_OR_EDITORIAL,0.50,In OCR range but not parsed — possible parsing error or editorial removal,,,1952,2,1797|1860
PUNCTUATION,PUNCTUATION,1815,PARSING_OR_EDITORIAL,0.50,In OCR range but not parsed — possible parsing error or editorial removal,,,1946,5,1778|1797|1810|1823|1860
PUNCTUATION,PUNCTUATION,1842,PARSING_OR_EDITORIAL,0.50,In OCR range but not parsed — possible parsing error or editorial removal,,,1946,5,1778|1797|1810|1823|1860
CENSURE,CENSURE,1815,PARSING_OR_EDITORIAL,0.50,In OCR range but not parsed — possible parsing error or editorial removal,,,1945,5,1771|1778|1797|1842|1860
CENSURE,CENSURE,1823,PARSING_OR_EDITORIAL,0.50,In OCR range but not parsed — possible parsing error or editorial removal,,,1945,5,1771|1778|1797|1842|1860
CYPRIANUS,CYPRIANUS,1810,PARSING_OR_EDITORIAL,0.50,In OCR range but not parsed — possible parsing error or editorial removal,,,1924,5,1778|1797|1815|1823|1842
GRASSHOPPER,GRASSHOPPER,1842,PARSING_OR_EDITORIAL,0.50,In OCR range but not parsed — possible parsing error or editorial removal,,,1907,6,1778|1797|1810|1815|1823|1860
BISMUTH,BISMUTH,1810,PARSING_OR_EDITORIAL,0.50,In OCR range but not parsed — possible parsing error or editorial removal,,,1894,4,1778|1797|1842|1860
BISMUTH,BISMUTH,1815,PARSING_OR_EDITORIAL,0.50,In OCR range but not parsed — possible parsing error or editorial removal,,,1894,4,1778|1797|1842|1860
BISMUTH,BISMUTH,1823,PARSING_OR_EDITORIAL,0.50,In OCR range but not parsed — possible parsing error or editorial removal,,,1894,4,1778|1797|1842|1860
MORTAR-PIECE,MORTAR-PIECE,1815,PARSING_OR_EDITORIAL,0.50,In OCR range but not parsed — possible parsing error or editorial removal,,,1894,2,1810|1823
OUTLAW,OUTLAW,1842,PARSING_OR_EDITORIAL,0.50,In OCR range but not parsed — possible parsing error or editorial removal,,,1890,6,1778|1797|1810|1815|1823|1860
GELDERLAND,GELDERLAND,1810,PARSING_OR_EDITORIAL,0.50,In OCR range but not parsed — possible parsing error or editorial removal,,,1878,4,1771|1778|1797|1860
GELDERLAND,GELDERLAND,1815,PARSING_OR_EDITORIAL,0.50,In OCR range but not parsed — possible parsing error or editorial removal,,,1878,4,1771|1778|1797|1860
GELDERLAND,GELDERLAND,1823,PARSING_OR_EDITORIAL,0.50,In OCR range but not parsed — possible parsing error or editorial removal,,,1878,4,1771|1778|1797|1860
GELDERLAND,GELDERLAND,1842,PARSING_OR_EDITORIAL,0.50,In OCR range but not parsed — possible parsing error or editorial removal,,,1878,4,1771|1778|1797|1860
ROHAN,ROHAN,1778,PARSING_OR_EDITORIAL,0.50,In OCR range but not parsed — possible parsing error or editorial removal,,,1876,7,1771|1797|1810|1815|1823|1842|1860
LITUUS,LITUUS,1815,PARSING_OR_EDITORIAL,0.50,In OCR range but not parsed — possible parsing error or editorial removal,,,1868,4,1797|1810|1823|1842
SAFFRON,SAFFRON,1842,PARSING_OR_EDITORIAL,0.50,In OCR range but not parsed — possible parsing error or editorial removal,,,1853,6,1778|1797|1810|1815|1823|1860
PENSACOLA,PENSACOLA,1842,PARSING_OR_EDITORIAL,0.50,In OCR range but not parsed — possible parsing error or editorial removal,,,1850,6,1778|1797|1810|1815|1823|1860
GARBE,GARBE,1797,PARSING_OR_EDITORIAL,0.50,In OCR range but not parsed — possible parsing error or editorial removal,,,1842,6,1771|1778|1815|1823|1842|1860
GARBE,GARBE,1810,PARSING_OR_EDITORIAL,0.50,In OCR range but not parsed — possible parsing error or editorial removal,,,1842,6,1771|1778|1815|1823|1842|1860
ASSUMPTION,ASSUMPTION,1823,PARSING_OR_EDITORIAL,0.50,In OCR range but not parsed — possible parsing error or editorial removal,,,1841,7,1771|1778|1797|1810|1815|1842|1860
HORNBY,HORNBY,1797,PARSING_OR_EDITORIAL,0.50,In OCR range but not parsed — possible parsing error or editorial removal,,,1839,5,1778|1810|1815|1823|1842
CABOT,CABOT,1823,PARSING_OR_EDITORIAL,0.50,In OCR range but not parsed — possible parsing error or editorial removal,,,1830,3,1810|1815|1842
BOHOL,BOHOL,1797,PARSING_OR_EDITORIAL,0.50,In OCR range but not parsed — possible parsing error or editorial removal,,,1828,5,1771|1815|1823|1842|1860
BOHOL,BOHOL,1810,PARSING_OR_EDITORIAL,0.50,In OCR range but not parsed — possible parsing error or editorial removal,,,1828,5,1771|1815|1823|1842|1860
NEHEMIAH,NEHEMIAH,1797,PARSING_OR_EDITORIAL,0.50,In OCR range but not parsed — possible parsing error or editorial removal,,,1817,7,1771|1778|1810|1815|1823|1842|1860
MONTAIGNE,MONTAIGNE,1797,PARSING_OR_EDITORIAL,0.50,In OCR range but not parsed — possible parsing error or editorial removal,,,1810,3,1778|1815|1860
MONTAIGNE,MONTAIGNE,1810,PARSING_OR_EDITORIAL,0.50,In OCR range but not parsed — possible parsing error or editorial removal,,,1810,3,1778|1815|1860
MONTAIGNE,MONTAIGNE,1823,PARSING_OR_EDITORIAL,0.50,In OCR range but not parsed — possible parsing error or editorial removal,,,1810,3,1778|1815|1860
MONTAIGNE,MONTAIGNE,1842,PARSING_OR_EDITORIAL,0.50,In OCR range but not parsed — possible parsing error or editorial removal,,,1810,3,1778|1815|1860
MARK,MARK,1842,PARSING_OR_EDITORIAL,0.50,In OCR range but not parsed — possible parsing error or editorial removal,,,1804,7,1771|1778|1797|1810|1815|1823|1860
AUGSBURG,AUGSBURG,1810,PARSING_OR_EDITORIAL,0.50,In OCR range but not parsed — possible parsing error or editorial removal,,,1802,6,1778|1797|1815|1823|1842|1860
VANBRUGH,VANBRUGH,1823,PARSING_OR_EDITORIAL,0.50,In OCR range but not parsed — possible parsing error or editorial removal,,,1794,5,1778|1797|1810|1815|1842
JOSEPHUS,JOSEPHUS,1797,PARSING_OR_EDITORIAL,0.50,In OCR range but not parsed — possible parsing error or editorial removal,,,1788,5,1778|1810|1815|1823|1860
NUTRITION,NUTRITION,1823,PARSING_OR_EDITORIAL,0.50,In OCR range but not parsed — possible parsing error or editorial removal,,,1781,6,1771|1778|1797|1810|1815|1842
STRALSUND,STRALSUND,1842,PARSING_OR_EDITORIAL,0.50,In OCR range but not parsed — possible parsing error or editorial removal,,,1773,7,1771|1778|1797|1810|1815|1823|1860
NORTHAMPTONSHIRE,NORTHAMPTONSHIRE,1797,PARSING_OR_EDITORIAL,0.50,In OCR range but not parsed — possible parsing error or editorial removal,,,1767,5,1778|1815|1823|1842|1860
NICOLE,NICOLE,1810,PARSING_OR_EDITORIAL,0.50,In OCR range but not parsed — possible parsing error or editorial removal,,,1765,4,1778|1797|1842|1860
NICOLE,NICOLE,1815,PARSING_OR_EDITORIAL,0.50,In OCR range but not parsed — possible parsing error or editorial removal,,,1765,4,1778|1797|1842|1860
NICOLE,NICOLE,1823,PARSING_OR_EDITORIAL,0.50,In OCR range but not parsed — possible parsing error or editorial removal,,,1765,4,1778|1797|1842|1860
CHANDLER,CHANDLER,1823,PARSING_OR_EDITORIAL,0.50,In OCR range but not parsed — possible parsing error or editorial removal,,,1754,6,1778|1797|1810|1815|1842|1860
HELIADAE,HELIADAE,1823,PARSING_OR_EDITORIAL,0.50,In OCR range but not parsed — possible parsing error or editorial removal,,,1742,2,1815|1842
COFFEE_ALSO,COFFEE ALSO,1823,PARSING_OR_EDITORIAL,0.50,In OCR range but not parsed — possible parsing error or editorial removal,,,1726,5,1778|1797|1815|1842|1860
BETEL,BETEL,1797,PARSING_OR_EDITORIAL,0.50,In OCR range but not parsed — possible parsing error or editorial removal,,,1722,6,1778|1810|1815|1823|1842|1860
FIGURAL,FIGURAL,1778,PARSING_OR_EDITORIAL,0.50,In OCR range but not parsed — possible parsing error or editorial removal,,,1717,5,1771|1797|1815|1823|1842
FIGURAL,FIGURAL,1810,PARSING_OR_EDITORIAL,0.50,In OCR range but not parsed — possible parsing error or editorial removal,,,1717,5,1771|1797|1815|1823|1842
VALENTINIANS,VALENTINIANS,1815,PARSING_OR_EDITORIAL,0.50,In OCR range but not parsed — possible parsing error or editorial removal,,,1711,7,1771|1778|1797|1810|1823|1842|1860
HIGHLANDERS,HIGHLANDERS,1797,PARSING_OR_EDITORIAL,0.50,In OCR range but not parsed — possible parsing error or editorial removal,,,1709,5,1778|1810|1815|1823|1842
CHATHAM,CHATHAM,1778,PARSING_OR_EDITORIAL,0.50,In OCR range but not parsed — possible parsing error or editorial removal,,,1695,6,1771|1797|1815|1823|1842|1860
GANGES,GANGES,1823,PARSING_OR_EDITORIAL,0.50,In OCR range but not parsed — possible parsing error or editorial removal,,,1693,4,1810|1815|1842|1860
MAST,MAST,1823,PARSING_OR_EDITORIAL,0.50,In OCR range but not parsed — possible parsing error or editorial removal,,,1672,6,1771|1778|1797|1810|1815|1842
BAKEWELL,BAKEWELL,1797,PARSING_OR_EDITORIAL,0.50,In OCR range but not parsed — possible parsing error or editorial removal,,,1671,7,1771|1778|1810|1815|1823|1842|1860
NOMBRE-DE-DIOS,NOMBRE-DE-DIOS,1842,PARSING_OR_EDITORIAL,0.50,In OCR range but not parsed — possible parsing error or editorial removal,,,1666,6,1778|1797|1810|1815|1823|1860
BOTTOMY,BOTTOMY,1842,PARSING_OR_EDITORIAL,0.50,In OCR range but not parsed — possible parsing error or editorial removal,,,1663,6,1771|1797|1810|1815|1823|1860
COSSACKS,COSSACKS,1823,PARSING_OR_EDITORIAL,0.50,In OCR range but not parsed — possible parsing error or editorial removal,,,1663,4,1797|1810|1815|1860
COSSACKS,COSSACKS,1842,PARSING_OR_EDITORIAL,0.50,In OCR range but not parsed — possible parsing error or editorial removal,,,1663,4,1797|1810|1815|1860
EASTER,EASTER,1823,PARSING_OR_EDITORIAL,0.50,In OCR range but not parsed — possible parsing error or editorial removal,,,1663,7,1771|1778|1797|1810|1815|1842|1860
OLYMPIC_GAMES,OLYMPIC GAMES,1797,PARSING_OR_EDITORIAL,0.50,In OCR range but not parsed — possible parsing error or editorial removal,,,1663,6,1778|1810|1815|1823|1842|1860
PHIDIAS,PHIDIAS,1810,PARSING_OR_EDITORIAL,0.50,In OCR range but not parsed — possible parsing error or editorial removal,,,1660,6,1778|1797|1815|1823|1842|1860
CONTAGION,CONTAGION,1842,PARSING_OR_EDITORIAL,0.50,In OCR range but not parsed — possible parsing error or editorial removal,,,1656,7,1771|1778|1797|1810|1815|1823|1860
VINCENT,VINCENT,1797,PARSING_OR_EDITORIAL,0.50,In OCR range but not parsed — possible parsing error or editorial removal,,,1655,2,1778|1842
VINCENT,VINCENT,1815,PARSING_OR_EDITORIAL,0.50,In OCR range but not parsed — possible parsing error or editorial removal,,,1655,2,1778|1842
VINCENT,VINCENT,1823,PARSING_OR_EDITORIAL,0.50,In OCR range but not parsed — possible parsing error or editorial removal,,,1655,2,1778|1842
ALEUROMANCY,ALEUROMANCY,1778,PARSING_OR_EDITORIAL,0.50,In OCR range but not parsed — possible parsing error or editorial removal,,,1652,7,1771|1797|1810|1815|1823|1842|1860
DARFUR,DARFUR,1815,PARSING_OR_EDITORIAL,0.50,In OCR range but not parsed — possible parsing error or editorial removal,,,1637,3,1810|1842|1860
DARFUR,DARFUR,1823,PARSING_OR_EDITORIAL,0.50,In OCR range but not parsed — possible parsing error or editorial removal,,,1637,3,1810|1842|1860
HENAUT,HENAUT,1823,PARSING_OR_EDITORIAL,0.50,In OCR range but not parsed — possible parsing error or editorial removal,,,1629,4,1797|1815|1842|1860
ASSUMPSIT,ASSUMPSIT,1810,PARSING_OR_EDITORIAL,0.50,In OCR range but not parsed — possible parsing error or editorial removal,,,1627,6,1771|1778|1797|1815|1842|1860
COBALT,COBALT,1815,PARSING_OR_EDITORIAL,0.50,In OCR range but not parsed — possible parsing error or editorial removal,,,1626,5,1771|1778|1797|1842|1860
COBALT,COBALT,1823,PARSING_OR_EDITORIAL,0.50,In OCR range but not parsed — possible parsing error or editorial removal,,,1626,5,1771|1778|1797|1842|1860
MERMAID,MERMAID,1810,PARSING_OR_EDITORIAL,0.50,In OCR range but not parsed — possible parsing error or editorial removal,,,1610,4,1778|1797|1823|1842
MERMAID,MERMAID,1815,PARSING_OR_EDITORIAL,0.50,In OCR range but not parsed — possible parsing error or editorial removal,,,1610,4,1778|1797|1823|1842
HIDALGO,HIDALGO,1842,PARSING_OR_EDITORIAL,0.50,In OCR range but not parsed — possible parsing error or editorial removal,,,1604,5,1797|1810|1815|1823|1860
POLLIO,POLLIO,1797,PARSING_OR_EDITORIAL,0.50,In OCR range but not parsed — possible parsing error or editorial removal,,,1602,4,1778|1815|1842|1860
POLLIO,POLLIO,1810,PARSING_OR_EDITORIAL,0.50,In OCR range but not parsed — possible parsing error or editorial removal,,,1602,4,1778|1815|1842|1860
POLLIO,POLLIO,1823,PARSING_OR_EDITORIAL,0.50,In OCR range but not parsed — possible parsing error or editorial removal,,,1602,4,1778|1815|1842|1860
MONK,MONK,1842,PARSING_OR_EDITORIAL,0.50,In OCR range but not parsed — possible parsing error or editorial removal,,,1600,7,1771|1778|1797|1810|1815|1823|1860
PERRAULT,PERRAULT,1823,PARSING_OR_EDITORIAL,0.50,In OCR range but not parsed — possible parsing error or editorial removal,,,1596,6,1778|1797|1810|1815|1842|1860
DUNNING,DUNNING,1842,PARSING_OR_EDITORIAL,0.50,In OCR range but not parsed — possible parsing error or editorial removal,,,1579,2,1823|1860
NERO,NERO,1810,PARSING_OR_EDITORIAL,0.50,In OCR range but not parsed — possible parsing error or editorial removal,,,1576,6,1778|1797|1815|1823|1842|1860
TUCKER,TUCKER,1815,PARSING_OR_EDITORIAL,0.50,In OCR range but not parsed — possible parsing error or editorial removal,,,1570,2,1797|1860
TUCKER,TUCKER,1823,PARSING_OR_EDITORIAL,0.50,In OCR range but not parsed — possible parsing error or editorial removal,,,1570,2,1797|1860
TUCKER,TUCKER,1842,PARSING_OR_EDITORIAL,0.50,In OCR range but not parsed — possible parsing error or editorial removal,,,1570,2,1797|1860
CLERK_OF_THE_ERRORS,CLERK OF THE ERRORS,1815,PARSING_OR_EDITORIAL,0.50,In OCR range but not parsed — possible parsing error or editorial removal,,,1568,4,1771|1778|1797|1842
CLERK_OF_THE_ERRORS,CLERK OF THE ERRORS,1823,PARSING_OR_EDITORIAL,0.50,In OCR range but not parsed — possible parsing error or editorial removal,,,1568,4,1771|1778|1797|1842
RAYNAL,RAYNAL,1815,PARSING_OR_EDITORIAL,0.50,In OCR range but not parsed — possible parsing error or editorial removal,,,1566,4,1797|1810|1823|1860
RAYNAL,RAYNAL,1842,PARSING_OR_EDITORIAL,0.50,In OCR range but not parsed — possible parsing error or editorial removal,,,1566,4,1797|1810|1823|1860
CROTCHET,CROTCHET,1842,PARSING_OR_EDITORIAL,0.50,In OCR range but not parsed — possible parsing error or editorial removal,,,1557,4,1810|1815|1823|1860
BOURDALOUE,BOURDALOUE,1815,PARSING_OR_EDITORIAL,0.50,In OCR range but not parsed — possible parsing error or editorial removal,,,1554,4,1778|1797|1823|1842
MARS,MARS,1842,PARSING_OR_EDITORIAL,0.50,In OCR range but not parsed — possible parsing error or editorial removal,,,1551,7,1771|1778|1797|1810|1815|1823|1860
RODNEY,RODNEY,1842,PARSING_OR_EDITORIAL,0.50,In OCR range but not parsed — possible parsing error or editorial removal,,,1549,5,1797|1810|1815|1823|1860
ROTTERDAM,ROTTERDAM,1778,PARSING_OR_EDITORIAL,0.50,In OCR range but not parsed — possible parsing error or editorial removal,,,1544,7,1771|1797|1810|1815|1823|1842|1860
MORAT,MORAT,1842,PARSING_OR_EDITORIAL,0.50,In OCR range but not parsed — possible parsing error or editorial removal,,,1539,5,1797|1810|1815|1823|1860
LIGHTER,LIGHTER,1810,PARSING_OR_EDITORIAL,0.50,In OCR range but not parsed — possible parsing error or editorial removal,,,1538,6,1771|1778|1797|1815|1823|1842
EASTER_ISLAND,EASTER ISLAND,1823,PARSING_OR_EDITORIAL,0.50,In OCR range but not parsed — possible parsing error or editorial removal,,,1529,5,1778|1797|1810|1815|1842
SUNDERLAND,SUNDERLAND,1797,PARSING_OR_EDITORIAL,0.50,In OCR range but not parsed — possible parsing error or editorial removal,,,1526,3,1771|1842|1860
SUNDERLAND,SUNDERLAND,1810,PARSING_OR_EDITORIAL,0.50,In OCR range but not parsed — possible parsing error or editorial removal,,,1526,3,1771|1842|1860
SUNDERLAND,SUNDERLAND,1815,PARSING_OR_EDITORIAL,0.50,In OCR range but not parsed — possible parsing error or editorial removal,,,1526,3,1771|1842|1860
SUNDERLAND,SUNDERLAND,1823,PARSING_OR_EDITORIAL,0.50,In OCR range but not parsed — possible parsing error or editorial removal,,,1526,3,1771|1842|1860
STRANGE,STRANGE,1823,PARSING_OR_EDITORIAL,0.50,In OCR range but not parsed — possible parsing error or editorial removal,,,1525,5,1797|1810|1815|1842|1860
MANNA,MANNA,1842,PARSING_OR_EDITORIAL,0.50,In OCR range but not parsed — possible parsing error or editorial removal,,,1522,7,1771|1778|1797|1810|1815|1823|1860
KOUMISS,KOUMISS,1810,PARSING_OR_EDITORIAL,0.50,In OCR range but not parsed — possible parsing error or editorial removal,,,1516,4,1797|1815|1823|1842
ASSASSIN,ASSASSIN,1823,PARSING_OR_EDITORIAL,0.50,In OCR range but not parsed — possible parsing error or editorial removal,,,1513,6,1771|1778|1797|1815|1842|1860
BARLOW,BARLOW,1797,PARSING_OR_EDITORIAL,0.50,In OCR range but not parsed — possible parsing error or editorial removal,,,1510,6,1778|1810|1815|1823|1842|1860
NEWPORT,NEWPORT,1797,PARSING_OR_EDITORIAL,0.50,In OCR range but not parsed — possible parsing error or editorial removal,,,1510,3,1771|1842|1860
NEWPORT,NEWPORT,1810,PARSING_OR_EDITORIAL,0.50,In OCR range but not parsed — possible parsing error or editorial removal,,,1510,3,1771|1842|1860
NEWPORT,NEWPORT,1815,PARSING_OR_EDITORIAL,0.50,In OCR range but not parsed — possible parsing error or editorial removal,,,1510,3,1771|1842|1860
NEWPORT,NEWPORT,1823,PARSING_OR_EDITORIAL,0.50,In OCR range but not parsed — possible parsing error or editorial removal,,,1510,3,1771|1842|1860
RADIUS,RADIUS,1842,PARSING_OR_EDITORIAL,0.50,In OCR range but not parsed — possible parsing error or editorial removal,,,1490,7,1771|1778|1797|1810|1815|1823|1860
JUDGMENT,JUDGMENT,1810,PARSING_OR_EDITORIAL,0.50,In OCR range but not parsed — possible parsing error or editorial removal,,,1488,3,1778|1797|1842
JUDGMENT,JUDGMENT,1815,PARSING_OR_EDITORIAL,0.50,In OCR range but not parsed — possible parsing error or editorial removal,,,1488,3,1778|1797|1842
JUDGMENT,JUDGMENT,1823,PARSING_OR_EDITORIAL,0.50,In OCR range but not parsed — possible parsing error or editorial removal,,,1488,3,1778|1797|1842
RUTHERFORD,RUTHERFORD,1815,PARSING_OR_EDITORIAL,0.50,In OCR range but not parsed — possible parsing error or editorial removal,,,1488,2,1797|1860
RUTHERFORD,RUTHERFORD,1823,PARSING_OR_EDITORIAL,0.50,In OCR range but not parsed — possible parsing error or editorial removal,,,1488,2,1797|1860
RUTHERFORD,RUTHERFORD,1842,PARSING_OR_EDITORIAL,0.50,In OCR range but not parsed — possible parsing error or editorial removal,,,1488,2,1797|1860
GAMBIA,GAMBIA,1778,PARSING_OR_EDITORIAL,0.50,In OCR range but not parsed — possible parsing error or editorial removal,,,1486,7,1771|1797|1810|1815|1823|1842|1860
ENTAIL,ENTAIL,1810,PARSING_OR_EDITORIAL,0.50,In OCR range but not parsed — possible parsing error or editorial removal,,,1481,3,1797|1842|1860
ENTAIL,ENTAIL,1815,PARSING_OR_EDITORIAL,0.50,In OCR range but not parsed — possible parsing error or editorial removal,,,1481,3,1797|1842|1860
ENTAIL,ENTAIL,1823,PARSING_OR_EDITORIAL,0.50,In OCR range but not parsed — possible parsing error or editorial removal,,,1481,3,1797|1842|1860
CARDAN,CARDAN,1797,PARSING_OR_EDITORIAL,0.50,In OCR range but not parsed — possible parsing error or editorial removal,,,1477,6,1778|1810|1815|1823|1842|1860
ISOCRATES,ISOCRATES,1810,PARSING_OR_EDITORIAL,0.50,In OCR range but not parsed — possible parsing error or editorial removal,,,1476,6,1778|1797|1815|1823|1842|1860
KENNICOTT,KENNICOTT,1823,PARSING_OR_EDITORIAL,0.50,In OCR range but not parsed — possible parsing error or editorial removal,,,1476,5,1797|1810|1815|1842|1860
CAPSULE,CAPSULE,1797,PARSING_OR_EDITORIAL,0.50,In OCR range but not parsed — possible parsing error or editorial removal,,,1458,6,1771|1778|1810|1815|1823|1842
PARAMARIBO,PARAMARIBO,1815,PARSING_OR_EDITORIAL,0.50,In OCR range but not parsed — possible parsing error or editorial removal,,,1452,4,1797|1810|1823|1842
PYLUS,PYLUS,1842,PARSING_OR_EDITORIAL,0.50,In OCR range but not parsed — possible parsing error or editorial removal,,,1450,6,1778|1797|1810|1815|1823|1860
DELFT,DELFT,1842,PARSING_OR_EDITORIAL,0.50,In OCR range but not parsed — possible parsing error or editorial removal,,,1449,7,1771|1778|1797|1810|1815|1823|1860
DRAGOONING,DRAGOONING,1823,PARSING_OR_EDITORIAL,0.50,In OCR range but not parsed — possible parsing error or editorial removal,,,1447,3,1815|1842|1860
NASSAU,NASSAU,1797,PARSING_OR_EDITORIAL,0.50,In OCR range but not parsed — possible parsing error or editorial removal,,,1447,3,1771|1842|1860
NASSAU,NASSAU,1810,PARSING_OR_EDITORIAL,0.50,In OCR range but not parsed — possible parsing error or editorial removal,,,1447,3,1771|1842|1860
NASSAU,NASSAU,1815,PARSING_OR_EDITORIAL,0.50,In OCR range but not parsed — possible parsing error or editorial removal,,,1447,3,1771|1842|1860
NASSAU,NASSAU,1823,PARSING_OR_EDITORIAL,0.50,In OCR range but not parsed — possible parsing error or editorial removal,,,1447,3,1771|1842|1860
HERRNHUT,HERRNHUT,1842,PARSING_OR_EDITORIAL,0.50,In OCR range but not parsed — possible parsing error or editorial removal,,,1435,4,1810|1815|1823|1860
DOMENICHINO,DOMENICHINO,1810,PARSING_OR_EDITORIAL,0.50,In OCR range but not parsed — possible parsing error or editorial removal,,,1432,6,1778|1797|1815|1823|1842|1860
CALF,CALF,1823,PARSING_OR_EDITORIAL,0.50,In OCR range but not parsed — possible parsing error or editorial removal,,,1427,7,1771|1778|1797|1810|1815|1842|1860
METAPONTUM,METAPONTUM,1842,PARSING_OR_EDITORIAL,0.50,In OCR range but not parsed — possible parsing error or editorial removal,,,1426,6,1778|1797|1810|1815|1823|1860
GROSE,GROSE,1810,PARSING_OR_EDITORIAL,0.50,In OCR range but not parsed — possible parsing error or editorial removal,,,1419,4,1797|1815|1823|1860
GROSE,GROSE,1842,PARSING_OR_EDITORIAL,0.50,In OCR range but not parsed — possible parsing error or editorial removal,,,1419,4,1797|1815|1823|1860
CHARIOT,CHARIOT,1797,PARSING_OR_EDITORIAL,0.50,In OCR range but not parsed — possible parsing error or editorial removal,,,1411,7,1771|1778|1810|1815|1823|1842|1860
BIGAMY,BIGAMY,1842,PARSING_OR_EDITORIAL,0.50,In OCR range but not parsed — possible parsing error or editorial removal,,,1409,6,1778|1797|1810|1815|1823|1860
MORAVIA,MORAVIA,1823,PARSING_OR_EDITORIAL,0.50,In OCR range but not parsed — possible parsing error or editorial removal,,,1408,6,1771|1778|1797|1810|1815|1842
IRENAEUS,IRENAEUS,1797,PARSING_OR_EDITORIAL,0.50,In OCR range but not parsed — possible parsing error or editorial removal,,,1405,4,1778|1810|1815|1860
IRENAEUS,IRENAEUS,1823,PARSING_OR_EDITORIAL,0.50,In OCR range but not parsed — possible parsing error or editorial removal,,,1405,4,1778|1810|1815|1860
IRENAEUS,IRENAEUS,1842,PARSING_OR_EDITORIAL,0.50,In OCR range but not parsed — possible parsing error or editorial removal,,,1405,4,1778|1810|1815|1860
DORCHESTER,DORCHESTER,1778,PARSING_OR_EDITORIAL,0.50,In OCR range but not parsed — possible parsing error or editorial removal,,,1404,6,1771|1797|1815|1823|1842|1860
DORCHESTER,DORCHESTER,1810,PARSING_OR_EDITORIAL,0.50,In OCR range but not parsed — possible parsing error or editorial removal,,,1404,6,1771|1797|1815|1823|1842|1860
PILATE,PILATE,1810,PARSING_OR_EDITORIAL,0.50,In OCR range but not parsed — possible parsing error or editorial removal,,,1400,3,1797|1842|1860
PILATE,PILATE,1815,PARSING_OR_EDITORIAL,0.50,In OCR range but not parsed — possible parsing error or editorial removal,,,1400,3,1797|1842|1860
PILATE,PILATE,1823,PARSING_OR_EDITORIAL,0.50,In OCR range but not parsed — possible parsing error or editorial removal,,,1400,3,1797|1842|1860
MARTIGUES,MARTIGUES,1842,PARSING_OR_EDITORIAL,0.50,In OCR range but not parsed — possible parsing error or editorial removal,,,1398,6,1778|1797|1810|1815|1823|1860
CHRYSOLITE,CHRYSOLITE,1815,PARSING_OR_EDITORIAL,0.50,In OCR range but not parsed — possible parsing error or editorial removal,,,1392,4,1771|1778|1797|1860
CHRYSOLITE,CHRYSOLITE,1823,PARSING_OR_EDITORIAL,0.50,In OCR range but not parsed — possible parsing error or editorial removal,,,1392,4,1771|1778|1797|1860
CHRYSOLITE,CHRYSOLITE,1842,PARSING_OR_EDITORIAL,0.50,In OCR range but not parsed — possible parsing error or editorial removal,,,1392,4,1771|1778|1797|1860
BRECHIN,BRECHIN,1815,PARSING_OR_EDITORIAL,0.50,In OCR range but not parsed — possible parsing error or editorial removal,,,1386,6,1778|1797|1810|1823|1842|1860
PELL,PELL,1810,PARSING_OR_EDITORIAL,0.50,In OCR range but not parsed — possible parsing error or editorial removal,,,1384,2,1797|1860
PELL,PELL,1815,PARSING_OR_EDITORIAL,0.50,In OCR range but not parsed — possible parsing error or editorial removal,,,1384,2,1797|1860
PELL,PELL,1823,PARSING_OR_EDITORIAL,0.50,In OCR range but not parsed — possible parsing error or editorial removal,,,1384,2,1797|1860
PELL,PELL,1842,PARSING_OR_EDITORIAL,0.50,In OCR range but not parsed — possible parsing error or editorial removal,,,1384,2,1797|1860
OMAR_EBN_AL_KHATTAB,OMAR EBN AL KHATTAB,1823,PARSING_OR_EDITORIAL,0.50,In OCR range but not parsed — possible parsing error or editorial removal,,,1382,2,1815|1842
ELGIN,ELGIN,1810,PARSING_OR_EDITORIAL,0.50,In OCR range but not parsed — possible parsing error or editorial removal,,,1375,7,1771|1778|1797|1815|1823|1842|1860
MEDIA,MEDIA,1797,PARSING_OR_EDITORIAL,0.50,In OCR range but not parsed — possible parsing error or editorial removal,,,1375,5,1778|1810|1815|1842|1860
NAUSCOPY,NAUSCOPY,1810,PARSING_OR_EDITORIAL,0.50,In OCR range but not parsed — possible parsing error or editorial removal,,,1372,4,1797|1815|1823|1842
GALLIA,GALLIA,1842,PARSING_OR_EDITORIAL,0.50,In OCR range but not parsed — possible parsing error or editorial removal,,,1363,5,1797|1810|1815|1823|1860
BLETONISM,BLETONISM,1810,PARSING_OR_EDITORIAL,0.50,In OCR range but not parsed — possible parsing error or editorial removal,,,1358,4,1797|1815|1823|1860
BLETONISM,BLETONISM,1842,PARSING_OR_EDITORIAL,0.50,In OCR range but not parsed — possible parsing error or editorial removal,,,1358,4,1797|1815|1823|1860
FAKIR,FAKIR,1823,PARSING_OR_EDITORIAL,0.50,In OCR range but not parsed — possible parsing error or editorial removal,,,1341,2,1771|1860
FAKIR,FAKIR,1842,PARSING_OR_EDITORIAL,0.50,In OCR range but not parsed — possible parsing error or editorial removal,,,1341,2,1771|1860
EQUITES,EQUITES,1842,PARSING_OR_EDITORIAL,0.50,In OCR range but not parsed — possible parsing error or editorial removal,,,1339,4,1810|1815|1823|1860
PENRYN,PENRYN,1842,PARSING_OR_EDITORIAL,0.50,In OCR range but not parsed — possible parsing error or editorial removal,,,1337,7,1771|1778|1797|1810|1815|1823|1860
FULLING,FULLING,1810,PARSING_OR_EDITORIAL,0.50,In OCR range but not parsed — possible parsing error or editorial removal,,,1332,6,1771|1778|1797|1815|1842|1860
FULLING,FULLING,1823,PARSING_OR_EDITORIAL,0.50,In OCR range but not parsed — possible parsing error or editorial removal,,,1332,6,1771|1778|1797|1815|1842|1860
GAY,GAY,1842,PARSING_OR_EDITORIAL,0.50,In OCR range but not parsed — possible parsing error or editorial removal,,,1331,6,1778|1797|1810|1815|1823|1860
CARLSTADT,CARLSTADT,1815,PARSING_OR_EDITORIAL,0.50,In OCR range but not parsed — possible parsing error or editorial removal,,,1328,6,1771|1778|1797|1810|1842|1860
CARLSTADT,CARLSTADT,1823,PARSING_OR_EDITORIAL,0.50,In OCR range but not parsed — possible parsing error or editorial removal,,,1328,6,1771|1778|1797|1810|1842|1860
CORDOVA,CORDOVA,1810,PARSING_OR_EDITORIAL,0.50,In OCR range but not parsed — possible parsing error or editorial removal,,,1324,7,1771|1778|1797|1815|1823|1842|1860
GRONOVIUS,GRONOVIUS,1810,PARSING_OR_EDITORIAL,0.50,In OCR range but not parsed — possible parsing error or editorial removal,,,1323,4,1797|1815|1823|1842
BEDFORD,BEDFORD,1810,PARSING_OR_EDITORIAL,0.50,In OCR range but not parsed — possible parsing error or editorial removal,,,1322,7,1771|1778|1797|1815|1823|1842|1860
PERJURY,PERJURY,1842,PARSING_OR_EDITORIAL,0.50,In OCR range but not parsed — possible parsing error or editorial removal,,,1320,7,1771|1778|1797|1810|1815|1823|1860
GRANITE,GRANITE,1842,PARSING_OR_EDITORIAL,0.50,In OCR range but not parsed — possible parsing error or editorial removal,,,1306,7,1771|1778|1797|1810|1815|1823|1860
VAR,VAR,1842,PARSING_OR_EDITORIAL,0.50,In OCR range but not parsed — possible parsing error or editorial removal,,,1304,2,1823|1860
STRANRAER,STRANRAER,1797,PARSING_OR_EDITORIAL,0.50,In OCR range but not parsed — possible parsing error or editorial removal,,,1303,3,1771|1842|1860
STRANRAER,STRANRAER,1815,PARSING_OR_EDITORIAL,0.50,In OCR range but not parsed — possible parsing error or editorial removal,,,1303,3,1771|1842|1860
STRANRAER,STRANRAER,1823,PARSING_OR_EDITORIAL,0.50,In OCR range but not parsed — possible parsing error or editorial removal,,,1303,3,1771|1842|1860
SECUNDUS,SECUNDUS,1823,PARSING_OR_EDITORIAL,0.50,In OCR range but not parsed — possible parsing error or editorial removal,,,1302,3,1815|1842|1860
BULGARIA,BULGARIA,1810,PARSING_OR_EDITORIAL,0.50,In OCR range but not parsed — possible parsing error or editorial removal,,,1300,7,1771|1778|1797|1815|1823|1842|1860
DIJON,DIJON,1778,PARSING_OR_EDITORIAL,0.50,In OCR range but not parsed — possible parsing error or editorial removal,,,1298,6,1771|1810|1815|1823|1842|1860
DIJON,DIJON,1797,PARSING_OR_EDITORIAL,0.50,In OCR range but not parsed — possible parsing error or editorial removal,,,1298,6,1771|1810|1815|1823|1842|1860
JUVENALIS,JUVENALIS,1815,PARSING_OR_EDITORIAL,0.50,In OCR range but not parsed — possible parsing error or editorial removal,,,1296,3,1810|1842|1860
JUVENALIS,JUVENALIS,1823,PARSING_OR_EDITORIAL,0.50,In OCR range but not parsed — possible parsing error or editorial removal,,,1296,3,1810|1842|1860
DIOGENES,DIOGENES,1797,PARSING_OR_EDITORIAL,0.50,In OCR range but not parsed — possible parsing error or editorial removal,,,1295,5,1778|1810|1823|1842|1860
DIOGENES,DIOGENES,1815,PARSING_OR_EDITORIAL,0.50,In OCR range but not parsed — possible parsing error or editorial removal,,,1295,5,1778|1810|1823|1842|1860
COPYHOLD,COPYHOLD,1842,PARSING_OR_EDITORIAL,0.50,In OCR range but not parsed — possible parsing error or editorial removal,,,1294,7,1771|1778|1797|1810|1815|1823|1860
IDIOCY,IDIOCY,1810,PARSING_OR_EDITORIAL,0.50,In OCR range but not parsed — possible parsing error or editorial removal,,,1294,4,1797|1815|1823|1842
RHETORIANS,RHETORIANS,1815,PARSING_OR_EDITORIAL,0.50,In OCR range but not parsed — possible parsing error or editorial removal,,,1294,5,1778|1797|1810|1823|1842
EXCISE,EXCISE,1778,PARSING_OR_EDITORIAL,0.50,In OCR range but not parsed — possible parsing error or editorial removal,,,1291,4,1771|1797|1842|1860
EXCISE,EXCISE,1810,PARSING_OR_EDITORIAL,0.50,In OCR range but not parsed — possible parsing error or editorial removal,,,1291,4,1771|1797|1842|1860
EXCISE,EXCISE,1815,PARSING_OR_EDITORIAL,0.50,In OCR range but not parsed — possible parsing error or editorial removal,,,1291,4,1771|1797|1842|1860
EXCISE,EXCISE,1823,PARSING_OR_EDITORIAL,0.50,In OCR range but not parsed — possible parsing error or editorial removal,,,1291,4,1771|1797|1842|1860
PHARSALUS,PHARSALUS,1797,PARSING_OR_EDITORIAL,0.50,In OCR range but not parsed — possible parsing error or editorial removal,,,1289,3,1771|1778|1860
PHARSALUS,PHARSALUS,1810,PARSING_OR_EDITORIAL,0.50,In OCR range but not parsed — possible parsing error or editorial removal,,,1289,3,1771|1778|1860
PHARSALUS,PHARSALUS,1815,PARSING_OR_EDITORIAL,0.50,In OCR range but not parsed — possible parsing error or editorial removal,,,1289,3,1771|1778|1860
PHARSALUS,PHARSALUS,1823,PARSING_OR_EDITORIAL,0.50,In OCR range but not parsed — possible parsing error or editorial removal,,,1289,3,1771|1778|1860
PHARSALUS,PHARSALUS,1842,PARSING_OR_EDITORIAL,0.50,In OCR range but not parsed — possible parsing error or editorial removal,,,1289,3,1771|1778|1860
EMOUY,EMOUY,1815,PARSING_OR_EDITORIAL,0.50,In OCR range but not parsed — possible parsing error or editorial removal,,,1284,3,1797|1810|1842
EMOUY,EMOUY,1823,PARSING_OR_EDITORIAL,0.50,In OCR range but not parsed — possible parsing error or editorial removal,,,1284,3,1797|1810|1842
AIX-LA-CHAPELLE,AIX-LA-CHAPELLE,1778,PARSING_OR_EDITORIAL,0.50,In OCR range but not parsed — possible parsing error or editorial removal,,,1281,6,1771|1810|1815|1823|1842|1860
SCOUGAL,SCOUGAL,1823,PARSING_OR_EDITORIAL,0.50,In OCR range but not parsed — possible parsing error or editorial removal,,,1274,4,1810|1815|1842|1860
ATOOL,ATOOL,1823,PARSING_OR_EDITORIAL,0.50,In OCR range but not parsed — possible parsing error or editorial removal,,,1272,4,1797|1810|1815|1842
RIO_GRANDE,RIO GRANDE,1778,PARSING_OR_EDITORIAL,0.50,In OCR range but not parsed — possible parsing error or editorial removal,,,1271,3,1771|1842|1860
RIO_GRANDE,RIO GRANDE,1797,PARSING_OR_EDITORIAL,0.50,In OCR range but not parsed — possible parsing error or editorial removal,,,1271,3,1771|1842|1860
RIO_GRANDE,RIO GRANDE,1815,PARSING_OR_EDITORIAL,0.50,In OCR range but not parsed — possible parsing error or editorial removal,,,1271,3,1771|1842|1860
RIO_GRANDE,RIO GRANDE,1823,PARSING_OR_EDITORIAL,0.50,In OCR range but not parsed — possible parsing error or editorial removal,,,1271,3,1771|1842|1860
STEREOMETER,STEREOMETER,1823,PARSING_OR_EDITORIAL,0.50,In OCR range but not parsed — possible parsing error or editorial removal,,,1258,4,1797|1810|1815|1842
CAREW,CAREW,1797,PARSING_OR_EDITORIAL,0.50,In OCR range but not parsed — possible parsing error or editorial removal,,,1254,4,1778|1823|1842|1860
CAREW,CAREW,1815,PARSING_OR_EDITORIAL,0.50,In OCR range but not parsed — possible parsing error or editorial removal,,,1254,4,1778|1823|1842|1860
HOADLEY,HOADLEY,1842,PARSING_OR_EDITORIAL,0.50,In OCR range but not parsed — possible parsing error or editorial removal,,,1254,6,1778|1797|1810|1815|1823|1860
PEBBLES,PEBBLES,1810,PARSING_OR_EDITORIAL,0.50,In OCR range but not parsed — possible parsing error or editorial removal,,,1254,4,1771|1778|1797|1842
PEBBLES,PEBBLES,1815,PARSING_OR_EDITORIAL,0.50,In OCR range but not parsed — possible parsing error or editorial removal,,,1254,4,1771|1778|1797|1842
PEBBLES,PEBBLES,1823,PARSING_OR_EDITORIAL,0.50,In OCR range but not parsed — possible parsing error or editorial removal,,,1254,4,1771|1778|1797|1842
HUET,HUET,1815,PARSING_OR_EDITORIAL,0.50,In OCR range but not parsed — possible parsing error or editorial removal,,,1251,6,1778|1797|1810|1823|1842|1860
CAPTAIN,CAPTAIN,1797,PARSING_OR_EDITORIAL,0.50,In OCR range but not parsed — possible parsing error or editorial removal,,,1247,6,1771|1778|1810|1815|1842|1860
CAPTAIN,CAPTAIN,1823,PARSING_OR_EDITORIAL,0.50,In OCR range but not parsed — possible parsing error or editorial removal,,,1247,6,1771|1778|1810|1815|1842|1860
CRACOW,CRACOW,1797,PARSING_OR_EDITORIAL,0.50,In OCR range but not parsed — possible parsing error or editorial removal,,,1242,4,1771|1778|1842|1860
CRACOW,CRACOW,1810,PARSING_OR_EDITORIAL,0.50,In OCR range but not parsed — possible parsing error or editorial removal,,,1242,4,1771|1778|1842|1860
CRACOW,CRACOW,1815,PARSING_OR_EDITORIAL,0.50,In OCR range but not parsed — possible parsing error or editorial removal,,,1242,4,1771|1778|1842|1860
CRACOW,CRACOW,1823,PARSING_OR_EDITORIAL,0.50,In OCR range but not parsed — possible parsing error or editorial removal,,,1242,4,1771|1778|1842|1860
PERRUKE,PERRUKE,1823,PARSING_OR_EDITORIAL,0.50,In OCR range but not parsed — possible parsing error or editorial removal,,,1239,5,1771|1797|1810|1815|1842
RHONE,RHONE,1815,PARSING_OR_EDITORIAL,0.50,In OCR range but not parsed — possible parsing error or editorial removal,,,1238,6,1771|1778|1797|1823|1842|1860
RUYSCHE,RUYSCHE,1815,PARSING_OR_EDITORIAL,0.50,In OCR range but not parsed — possible parsing error or editorial removal,,,1232,4,1797|1823|1842|1860
KNAVE,KNAVE,1815,PARSING_OR_EDITORIAL,0.50,In OCR range but not parsed — possible parsing error or editorial removal,,,1231,6,1771|1778|1797|1810|1823|1842
MAGELLAN,MAGELLAN,1797,PARSING_OR_EDITORIAL,0.50,In OCR range but not parsed — possible parsing error or editorial removal,,,1228,5,1778|1810|1815|1823|1860
MAGELLAN,MAGELLAN,1842,PARSING_OR_EDITORIAL,0.50,In OCR range but not parsed — possible parsing error or editorial removal,,,1228,5,1778|1810|1815|1823|1860
DAMIANISTS,DAMIANISTS,1797,PARSING_OR_EDITORIAL,0.50,In OCR range but not parsed — possible parsing error or editorial removal,,,1223,5,1771|1778|1815|1823|1842
DAMIANISTS,DAMIANISTS,1810,PARSING_OR_EDITORIAL,0.50,In OCR range but not parsed — possible parsing error or editorial removal,,,1223,5,1771|1778|1815|1823|1842
TABLATURE,TABLATURE,1797,PARSING_OR_EDITORIAL,0.50,In OCR range but not parsed — possible parsing error or editorial removal,,,1223,2,1771|1842
TABLATURE,TABLATURE,1810,PARSING_OR_EDITORIAL,0.50,In OCR range but not parsed — possible parsing error or editorial removal,,,1223,2,1771|1842
TABLATURE,TABLATURE,1815,PARSING_OR_EDITORIAL,0.50,In OCR range but not parsed — possible parsing error or editorial removal,,,1223,2,1771|1842
TABLATURE,TABLATURE,1823,PARSING_OR_EDITORIAL,0.50,In OCR range but not parsed — possible parsing error or editorial removal,,,1223,2,1771|1842
CHORD,CHORD,1778,PARSING_OR_EDITORIAL,0.50,In OCR range but not parsed — possible parsing error or editorial removal,,,1217,7,1771|1797|1810|1815|1823|1842|1860
VIDA,VIDA,1842,PARSING_OR_EDITORIAL,0.50,In OCR range but not parsed — possible parsing error or editorial removal,,,1207,6,1778|1797|1810|1815|1823|1860
COLOPHONY,COLOPHONY,1842,PARSING_OR_EDITORIAL,0.50,In OCR range but not parsed — possible parsing error or editorial removal,,,1206,7,1771|1778|1797|1810|1815|1823|1860
HALLELUJAH,HALLELUJAH,1810,PARSING_OR_EDITORIAL,0.50,In OCR range but not parsed — possible parsing error or editorial removal,,,1201,3,1797|1842|1860
HALLELUJAH,HALLELUJAH,1815,PARSING_OR_EDITORIAL,0.50,In OCR range but not parsed — possible parsing error or editorial removal,,,1201,3,1797|1842|1860
HALLELUJAH,HALLELUJAH,1823,PARSING_OR_EDITORIAL,0.50,In OCR range but not parsed — possible parsing error or editorial removal,,,1201,3,1797|1842|1860
CAPIAS,CAPIAS,1778,PARSING_OR_EDITORIAL,0.50,In OCR range but not parsed — possible parsing error or editorial removal,,,1200,6,1771|1797|1810|1815|1823|1860
CAPIAS,CAPIAS,1842,PARSING_OR_EDITORIAL,0.50,In OCR range but not parsed — possible parsing error or editorial removal,,,1200,6,1771|1797|1810|1815|1823|1860
MIEL,MIEL,1842,PARSING_OR_EDITORIAL,0.50,In OCR range but not parsed — possible parsing error or editorial removal,,,1195,5,1797|1810|1815|1823|1860
BEALE,BEALE,1810,PARSING_OR_EDITORIAL,0.50,In OCR range but not parsed — possible parsing error or editorial removal,,,1192,6,1778|1797|1815|1823|1842|1860
BEAM,BEAM,1797,PARSING_OR_EDITORIAL,0.50,In OCR range but not parsed — possible parsing error or editorial removal,,,1190,6,1771|1778|1815|1823|1842|1860
BEAM,BEAM,1810,PARSING_OR_EDITORIAL,0.50,In OCR range but not parsed — possible parsing error or editorial removal,,,1190,6,1771|1778|1815|1823|1842|1860
COLLINS,COLLINS,1797,PARSING_OR_EDITORIAL,0.50,In OCR range but not parsed — possible parsing error or editorial removal,,,1188,6,1778|1810|1815|1823|1842|1860
HIPPARCHUS,HIPPARCHUS,1810,PARSING_OR_EDITORIAL,0.50,In OCR range but not parsed — possible parsing error or editorial removal,,,1187,5,1797|1815|1823|1842|1860
NUREMBERG,NUREMBERG,1842,PARSING_OR_EDITORIAL,0.50,In OCR range but not parsed — possible parsing error or editorial removal,,,1185,6,1778|1797|1810|1815|1823|1860
RHAMNUS,RHAMNUS,1842,PARSING_OR_EDITORIAL,0.50,In OCR range but not parsed — possible parsing error or editorial removal,,,1184,7,1771|1778|1797|1810|1815|1823|1860
DORIA,DORIA,1810,PARSING_OR_EDITORIAL,0.50,In OCR range but not parsed — possible parsing error or editorial removal,,,1181,5,1778|1797|1815|1823|1842
MUSK,MUSK,1810,PARSING_OR_EDITORIAL,0.50,In OCR range but not parsed — possible parsing error or editorial removal,,,1179,5,1778|1797|1815|1823|1860
MUSK,MUSK,1842,PARSING_OR_EDITORIAL,0.50,In OCR range but not parsed — possible parsing error or editorial removal,,,1179,5,1778|1797|1815|1823|1860
WOLVERHAMPTON,WOLVERHAMPTON,1797,PARSING_OR_EDITORIAL,0.50,In OCR range but not parsed — possible parsing error or editorial removal,,,1174,3,1771|1842|1860
WOLVERHAMPTON,WOLVERHAMPTON,1815,PARSING_OR_EDITORIAL,0.50,In OCR range but not parsed — possible parsing error or editorial removal,,,1174,3,1771|1842|1860
WOLVERHAMPTON,WOLVERHAMPTON,1823,PARSING_OR_EDITORIAL,0.50,In OCR range but not parsed — possible parsing error or editorial removal,,,1174,3,1771|1842|1860
GORDIANUS,GORDIANUS,1797,PARSING_OR_EDITORIAL,0.50,In OCR range but not parsed — possible parsing error or editorial removal,,,1171,3,1778|1842|1860
GORDIANUS,GORDIANUS,1810,PARSING_OR_EDITORIAL,0.50,In OCR range but not parsed — possible parsing error or editorial removal,,,1171,3,1778|1842|1860
GORDIANUS,GORDIANUS,1815,PARSING_OR_EDITORIAL,0.50,In OCR range but not parsed — possible parsing error or editorial removal,,,1171,3,1778|1842|1860
GORDIANUS,GORDIANUS,1823,PARSING_OR_EDITORIAL,0.50,In OCR range but not parsed — possible parsing error or editorial removal,,,1171,3,1778|1842|1860
REAUMUR,REAUMUR,1823,PARSING_OR_EDITORIAL,0.50,In OCR range but not parsed — possible parsing error or editorial removal,,,1170,5,1797|1810|1815|1842|1860
GYMNOTUS,GYMNOTUS,1842,PARSING_OR_EDITORIAL,0.50,In OCR range but not parsed — possible parsing error or editorial removal,,,1164,7,1771|1778|1797|1810|1815|1823|1860
EUSTATIA,EUSTATIA,1810,PARSING_OR_EDITORIAL,0.50,In OCR range but not parsed — possible parsing error or editorial removal,,,1160,4,1778|1797|1823|1842
EUSTATIA,EUSTATIA,1815,PARSING_OR_EDITORIAL,0.50,In OCR range but not parsed — possible parsing error or editorial removal,,,1160,4,1778|1797|1823|1842
NORIS,NORIS,1823,PARSING_OR_EDITORIAL,0.50,In OCR range but not parsed — possible parsing error or editorial removal,,,1159,5,1797|1810|1815|1842|1860
IMMORTAL,IMMORTAL,1797,PARSING_OR_EDITORIAL,0.50,In OCR range but not parsed — possible parsing error or editorial removal,,,1154,6,1771|1778|1810|1815|1823|1842
OSNABURG,OSNABURG,1842,PARSING_OR_EDITORIAL,0.50,In OCR range but not parsed — possible parsing error or editorial removal,,,1144,7,1771|1778|1797|1810|1815|1823|1860
QUID_PRO_QUO,QUID PRO QUO,1810,PARSING_OR_EDITORIAL,0.50,In OCR range but not parsed — possible parsing error or editorial removal,,,1144,5,1778|1797|1815|1823|1860
QUID_PRO_QUO,QUID PRO QUO,1842,PARSING_OR_EDITORIAL,0.50,In OCR range but not parsed — possible parsing error or editorial removal,,,1144,5,1778|1797|1815|1823|1860
TEMPE,TEMPE,1823,PARSING_OR_EDITORIAL,0.50,In OCR range but not parsed — possible parsing error or editorial removal,,,1144,6,1778|1797|1810|1815|1842|1860
FONTENELLE,FONTENELLE,1810,PARSING_OR_EDITORIAL,0.50,In OCR range but not parsed — possible parsing error or editorial removal,,,1139,6,1778|1797|1815|1823|1842|1860
OXGANG,OXGANG,1810,PARSING_OR_EDITORIAL,0.50,In OCR range but not parsed — possible parsing error or editorial removal,,,1138,5,1778|1797|1815|1823|1842
CONGREVE,CONGREVE,1815,PARSING_OR_EDITORIAL,0.50,In OCR range but not parsed — possible parsing error or editorial removal,,,1137,6,1778|1797|1810|1823|1842|1860
ACTIVE,ACTIVE,1778,PARSING_OR_EDITORIAL,0.50,In OCR range but not parsed — possible parsing error or editorial removal,,,1135,7,1771|1797|1810|1815|1823|1842|1860
BELESIS,BELESIS,1810,PARSING_OR_EDITORIAL,0.50,In OCR range but not parsed — possible parsing error or editorial removal,,,1135,6,1778|1797|1815|1823|1842|1860
COLUMBIUM,COLUMBIUM,1842,PARSING_OR_EDITORIAL,0.50,In OCR range but not parsed — possible parsing error or editorial removal,,,1134,4,1810|1815|1823|1860
MUSIMON,MUSIMON,1815,PARSING_OR_EDITORIAL,0.50,In OCR range but not parsed — possible parsing error or editorial removal,,,1132,3,1810|1823|1842
VILLIERS,VILLIERS,1815,PARSING_OR_EDITORIAL,0.50,In OCR range but not parsed — possible parsing error or editorial removal,,,1132,4,1778|1797|1842|1860
VILLIERS,VILLIERS,1823,PARSING_OR_EDITORIAL,0.50,In OCR range but not parsed — possible parsing error or editorial removal,,,1132,4,1778|1797|1842|1860
CIVIL,CIVIL,1797,PARSING_OR_EDITORIAL,0.50,In OCR range but not parsed — possible parsing error or editorial removal,,,1131,5,1771|1778|1810|1815|1842
CIVIL,CIVIL,1823,PARSING_OR_EDITORIAL,0.50,In OCR range but not parsed — possible parsing error or editorial removal,,,1131,5,1771|1778|1810|1815|1842
ILLUSTRIUS,ILLUSTRIUS,1815,PARSING_OR_EDITORIAL,0.50,In OCR range but not parsed — possible parsing error or editorial removal,,,1131,2,1810|1842
ILLUSTRIUS,ILLUSTRIUS,1823,PARSING_OR_EDITORIAL,0.50,In OCR range but not parsed — possible parsing error or editorial removal,,,1131,2,1810|1842
PERSEPOLIS,PERSEPOLIS,1842,PARSING_OR_EDITORIAL,0.50,In OCR range but not parsed — possible parsing error or editorial removal,,,1129,7,1771|1778|1797|1810|1815|1823|1860
GAUZE,GAUZE,1797,PARSING_OR_EDITORIAL,0.50,In OCR range but not parsed — possible parsing error or editorial removal,,,1126,2,1778|1842
GAUZE,GAUZE,1810,PARSING_OR_EDITORIAL,0.50,In OCR range but not parsed — possible parsing error or editorial removal,,,1126,2,1778|1842
GAUZE,GAUZE,1815,PARSING_OR_EDITORIAL,0.50,In OCR range but not parsed — possible parsing error or editorial removal,,,1126,2,1778|1842
GAUZE,GAUZE,1823,PARSING_OR_EDITORIAL,0.50,In OCR range but not parsed — possible parsing error or editorial removal,,,1126,2,1778|1842
BOYD,BOYD,1815,PARSING_OR_EDITORIAL,0.50,In OCR range but not parsed — possible parsing error or editorial removal,,,1125,5,1778|1797|1810|1842|1860
BOYD,BOYD,1823,PARSING_OR_EDITORIAL,0.50,In OCR range but not parsed — possible parsing error or editorial removal,,,1125,5,1778|1797|1810|1842|1860
LUGO,LUGO,1797,PARSING_OR_EDITORIAL,0.50,In OCR range but not parsed — possible parsing error or editorial removal,,,1124,3,1771|1842|1860
LUGO,LUGO,1810,PARSING_OR_EDITORIAL,0.50,In OCR range but not parsed — possible parsing error or editorial removal,,,1124,3,1771|1842|1860
LUGO,LUGO,1815,PARSING_OR_EDITORIAL,0.50,In OCR range but not parsed — possible parsing error or editorial removal,,,1124,3,1771|1842|1860
LUGO,LUGO,1823,PARSING_OR_EDITORIAL,0.50,In OCR range but not parsed — possible parsing error or editorial removal,,,1124,3,1771|1842|1860
PETRA,PETRA,1842,PARSING_OR_EDITORIAL,0.50,In OCR range but not parsed — possible parsing error or editorial removal,,,1123,6,1778|1797|1810|1815|1823|1860
BLIGHT,BLIGHT,1842,PARSING_OR_EDITORIAL,0.50,In OCR range but not parsed — possible parsing error or editorial removal,,,1118,7,1771|1778|1797|1810|1815|1823|1860
LAOCOON,LAOCOON,1815,PARSING_OR_EDITORIAL,0.50,In OCR range but not parsed — possible parsing error or editorial removal,,,1116,3,1810|1823|1842
GLOW-WORM,GLOW-WORM,1797,PARSING_OR_EDITORIAL,0.50,In OCR range but not parsed — possible parsing error or editorial removal,,,1114,2,1778|1860
GLOW-WORM,GLOW-WORM,1810,PARSING_OR_EDITORIAL,0.50,In OCR range but not parsed — possible parsing error or editorial removal,,,1114,2,1778|1860
GLOW-WORM,GLOW-WORM,1815,PARSING_OR_EDITORIAL,0.50,In OCR range but not parsed — possible parsing error or editorial removal,,,1114,2,1778|1860
GLOW-WORM,GLOW-WORM,1823,PARSING_OR_EDITORIAL,0.50,In OCR range but not parsed — possible parsing error or editorial removal,,,1114,2,1778|1860
GLOW-WORM,GLOW-WORM,1842,PARSING_OR_EDITORIAL,0.50,In OCR range but not parsed — possible parsing error or editorial removal,,,1114,2,1778|1860
PLATFORM,PLATFORM,1810,PARSING_OR_EDITORIAL,0.50,In OCR range but not parsed — possible parsing error or editorial removal,,,1113,6,1771|1778|1797|1815|1823|1842
MONTBELLARD,MONTBELLARD,1823,PARSING_OR_EDITORIAL,0.50,In OCR range but not parsed — possible parsing error or editorial removal,,,1112,2,1815|1860
MONTBELLARD,MONTBELLARD,1842,PARSING_OR_EDITORIAL,0.50,In OCR range but not parsed — possible parsing error or editorial removal,,,1112,2,1815|1860
FRUIT,FRUIT,1778,PARSING_OR_EDITORIAL,0.50,In OCR range but not parsed — possible parsing error or editorial removal,,,1110,6,1771|1797|1810|1815|1823|1842
GINSENG,GINSENG,1810,PARSING_OR_EDITORIAL,0.50,In OCR range but not parsed — possible parsing error or editorial removal,,,1107,4,1771|1778|1797|1860
GINSENG,GINSENG,1815,PARSING_OR_EDITORIAL,0.50,In OCR range but not parsed — possible parsing error or editorial removal,,,1107,4,1771|1778|1797|1860
GINSENG,GINSENG,1823,PARSING_OR_EDITORIAL,0.50,In OCR range but not parsed — possible parsing error or editorial removal,,,1107,4,1771|1778|1797|1860
GINSENG,GINSENG,1842,PARSING_OR_EDITORIAL,0.50,In OCR range but not parsed — possible parsing error or editorial removal,,,1107,4,1771|1778|1797|1860
SHOT,SHOT,1797,PARSING_OR_EDITORIAL,0.50,In OCR range but not parsed — possible parsing error or editorial removal,,,1106,6,1771|1778|1810|1815|1823|1842
MUTIUS,MUTIUS,1810,PARSING_OR_EDITORIAL,0.50,In OCR range but not parsed — possible parsing error or editorial removal,,,1104,6,1778|1797|1815|1823|1842|1860
PRIMOGENITURE,PRIMOGENITURE,1823,PARSING_OR_EDITORIAL,0.50,In OCR range but not parsed — possible parsing error or editorial removal,,,1095,5,1797|1810|1815|1842|1860
DECIPHERING,DECIPHERING,1842,PARSING_OR_EDITORIAL,0.50,In OCR range but not parsed — possible parsing error or editorial removal,,,1093,7,1771|1778|1797|1810|1815|1823|1860
JONAH,JONAH,1842,PARSING_OR_EDITORIAL,0.50,In OCR range but not parsed — possible parsing error or editorial removal,,,1090,7,1771|1778|1797|1810|1815|1823|1860
CONSTANCY,CONSTANCY,1823,PARSING_OR_EDITORIAL,0.50,In OCR range but not parsed — possible parsing error or editorial removal,,,1084,3,1797|1810|1842
THOMAS,THOMAS,1815,PARSING_OR_EDITORIAL,0.50,In OCR range but not parsed — possible parsing error or editorial removal,,,1084,2,1797|1860
THOMAS,THOMAS,1823,PARSING_OR_EDITORIAL,0.50,In OCR range but not parsed — possible parsing error or editorial removal,,,1084,2,1797|1860
THOMAS,THOMAS,1842,PARSING_OR_EDITORIAL,0.50,In OCR range but not parsed — possible parsing error or editorial removal,,,1084,2,1797|1860
HIEROMANCY,HIEROMANCY,1810,PARSING_OR_EDITORIAL,0.50,In OCR range but not parsed — possible parsing error or editorial removal,,,1083,3,1797|1842|1860
HIEROMANCY,HIEROMANCY,1815,PARSING_OR_EDITORIAL,0.50,In OCR range but not parsed — possible parsing error or editorial removal,,,1083,3,1797|1842|1860
HIEROMANCY,HIEROMANCY,1823,PARSING_OR_EDITORIAL,0.50,In OCR range but not parsed — possible parsing error or editorial removal,,,1083,3,1797|1842|1860
BUENOS-AYRES,BUENOS-AYRES,1797,PARSING_OR_EDITORIAL,0.50,In OCR range but not parsed — possible parsing error or editorial removal,,,1081,3,1771|1778|1860
BUENOS-AYRES,BUENOS-AYRES,1815,PARSING_OR_EDITORIAL,0.50,In OCR range but not parsed — possible parsing error or editorial removal,,,1081,3,1771|1778|1860
FIXMILLNER,FIXMILLNER,1823,PARSING_OR_EDITORIAL,0.50,In OCR range but not parsed — possible parsing error or editorial removal,,,1077,3,1810|1815|1860
FIXMILLNER,FIXMILLNER,1842,PARSING_OR_EDITORIAL,0.50,In OCR range but not parsed — possible parsing error or editorial removal,,,1077,3,1810|1815|1860
BLOEMART,BLOEMART,1842,PARSING_OR_EDITORIAL,0.50,In OCR range but not parsed — possible parsing error or editorial removal,,,1072,6,1778|1797|1810|1815|1823|1860
CARLYLE,CARLYLE,1842,PARSING_OR_EDITORIAL,0.50,In OCR range but not parsed — possible parsing error or editorial removal,,,1070,2,1823|1860
PATERCULUS,PATERCULUS,1810,PARSING_OR_EDITORIAL,0.50,In OCR range but not parsed — possible parsing error or editorial removal,,,1069,6,1778|1797|1815|1823|1842|1860
PIPER,PIPER,1823,PARSING_OR_EDITORIAL,0.50,In OCR range but not parsed — possible parsing error or editorial removal,,,1069,6,1771|1778|1797|1810|1815|1842
GUYON,GUYON,1797,PARSING_OR_EDITORIAL,0.50,In OCR range but not parsed — possible parsing error or editorial removal,,,1068,5,1778|1810|1815|1823|1860
GUYON,GUYON,1842,PARSING_OR_EDITORIAL,0.50,In OCR range but not parsed — possible parsing error or editorial removal,,,1068,5,1778|1810|1815|1823|1860
MORAVIANS,MORAVIANS,1797,PARSING_OR_EDITORIAL,0.50,In OCR range but not parsed — possible parsing error or editorial removal,,,1065,3,1771|1778|1860
MORAVIANS,MORAVIANS,1815,PARSING_OR_EDITORIAL,0.50,In OCR range but not parsed — possible parsing error or editorial removal,,,1065,3,1771|1778|1860
MORAVIANS,MORAVIANS,1823,PARSING_OR_EDITORIAL,0.50,In OCR range but not parsed — possible parsing error or editorial removal,,,1065,3,1771|1778|1860
REVERIE,REVERIE,1823,PARSING_OR_EDITORIAL,0.50,In OCR range but not parsed — possible parsing error or editorial removal,,,1062,6,1771|1778|1797|1810|1815|1842
DOUBLET,DOUBLET,1823,PARSING_OR_EDITORIAL,0.50,In OCR range but not parsed — possible parsing error or editorial removal,,,1056,3,1778|1815|1860
DOUBLET,DOUBLET,1842,PARSING_OR_EDITORIAL,0.50,In OCR range but not parsed — possible parsing error or editorial removal,,,1056,3,1778|1815|1860
DEPRIVATION,DEPRIVATION,1778,PARSING_OR_EDITORIAL,0.50,In OCR range but not parsed — possible parsing error or editorial removal,,,1053,7,1771|1797|1810|1815|1823|1842|1860
DEMOCRITUS,DEMOCRITUS,1823,PARSING_OR_EDITORIAL,0.50,In OCR range but not parsed — possible parsing error or editorial removal,,,1052,6,1778|1797|1810|1815|1842|1860
DYNANOMETER,DYNANOMETER,1823,PARSING_OR_EDITORIAL,0.50,In OCR range but not parsed — possible parsing error or editorial removal,,,1050,2,1815|1842
PERUGIA,PERUGIA,1823,PARSING_OR_EDITORIAL,0.50,In OCR range but not parsed — possible parsing error or editorial removal,,,1047,7,1771|1778|1797|1810|1815|1842|1860
CAERMARTHENSHIRE,CAERMARTHENSHIRE,1815,PARSING_OR_EDITORIAL,0.50,In OCR range but not parsed — possible parsing error or editorial removal,,,1043,4,1797|1810|1823|1842
DOMESDAY,DOMESDAY,1842,PARSING_OR_EDITORIAL,0.50,In OCR range but not parsed — possible parsing error or editorial removal,,,1038,7,1771|1778|1797|1810|1815|1823|1860
GASTRIC_JUICE,GASTRIC JUICE,1797,PARSING_OR_EDITORIAL,0.50,In OCR range but not parsed — possible parsing error or editorial removal,,,1037,3,1778|1842|1860
GASTRIC_JUICE,GASTRIC JUICE,1810,PARSING_OR_EDITORIAL,0.50,In OCR range but not parsed — possible parsing error or editorial removal,,,1037,3,1778|1842|1860
GASTRIC_JUICE,GASTRIC JUICE,1815,PARSING_OR_EDITORIAL,0.50,In OCR range but not parsed — possible parsing error or editorial removal,,,1037,3,1778|1842|1860
GASTRIC_JUICE,GASTRIC JUICE,1823,PARSING_OR_EDITORIAL,0.50,In OCR range but not parsed — possible parsing error or editorial removal,,,1037,3,1778|1842|1860
SACRAMENT,SACRAMENT,1815,PARSING_OR_EDITORIAL,0.50,In OCR range but not parsed — possible parsing error or editorial removal,,,1035,5,1771|1778|1797|1842|1860
SACRAMENT,SACRAMENT,1823,PARSING_OR_EDITORIAL,0.50,In OCR range but not parsed — possible parsing error or editorial removal,,,1035,5,1771|1778|1797|1842|1860
AVILA,AVILA,1823,PARSING_OR_EDITORIAL,0.50,In OCR range but not parsed — possible parsing error or editorial removal,,,1034,6,1771|1778|1797|1810|1815|1842
HUYSUM,HUYSUM,1810,PARSING_OR_EDITORIAL,0.50,In OCR range but not parsed — possible parsing error or editorial removal,,,1028,5,1797|1815|1823|1842|1860
ORESTES,ORESTES,1810,PARSING_OR_EDITORIAL,0.50,In OCR range but not parsed — possible parsing error or editorial removal,,,1027,6,1778|1797|1815|1823|1842|1860
PLUMMET,PLUMMET,1815,PARSING_OR_EDITORIAL,0.50,In OCR range but not parsed — possible parsing error or editorial removal,,,1027,5,1771|1778|1797|1810|1842
PLUMMET,PLUMMET,1823,PARSING_OR_EDITORIAL,0.50,In OCR range but not parsed — possible parsing error or editorial removal,,,1027,5,1771|1778|1797|1810|1842
SCHOMBERG,SCHOMBERG,1842,PARSING_OR_EDITORIAL,0.50,In OCR range but not parsed — possible parsing error or editorial removal,,,1023,4,1797|1815|1823|1860
CANNE,CANNE,1797,PARSING_OR_EDITORIAL,0.50,In OCR range but not parsed — possible parsing error or editorial removal,,,1019,2,1778|1842
CANNE,CANNE,1815,PARSING_OR_EDITORIAL,0.50,In OCR range but not parsed — possible parsing error or editorial removal,,,1019,2,1778|1842
CANNE,CANNE,1823,PARSING_OR_EDITORIAL,0.50,In OCR range but not parsed — possible parsing error or editorial removal,,,1019,2,1778|1842
GYPSUM,GYPSUM,1810,PARSING_OR_EDITORIAL,0.50,In OCR range but not parsed — possible parsing error or editorial removal,,,1018,4,1771|1778|1797|1860
GYPSUM,GYPSUM,1815,PARSING_OR_EDITORIAL,0.50,In OCR range but not parsed — possible parsing error or editorial removal,,,1018,4,1771|1778|1797|1860
GYPSUM,GYPSUM,1823,PARSING_OR_EDITORIAL,0.50,In OCR range but not parsed — possible parsing error or editorial removal,,,1018,4,1771|1778|1797|1860
GYPSUM,GYPSUM,1842,PARSING_OR_EDITORIAL,0.50,In OCR range but not parsed — possible parsing error or editorial removal,,,1018,4,1771|1778|1797|1860
BROCKLESBY,BROCKLESBY,1842,PARSING_OR_EDITORIAL,0.50,In OCR range but not parsed — possible parsing error or editorial removal,,,1012,2,1823|1860
CASTRO,CASTRO,1815,PARSING_OR_EDITORIAL,0.50,In OCR range but not parsed — possible parsing error or editorial removal,,,1010,7,1771|1778|1797|1810|1823|1842|1860
TRIM,TRIM,1842,PARSING_OR_EDITORIAL,0.50,In OCR range but not parsed — possible parsing error or editorial removal,,,1003,6,1778|1797|1810|1815|1823|1860
CANAAAN,CANAAAN,1815,PARSING_OR_EDITORIAL,0.50,In OCR range but not parsed — possible parsing error or editorial removal,,,1002,3,1797|1810|1860
CANAAAN,CANAAAN,1823,PARSING_OR_EDITORIAL,0.50,In OCR range but not parsed — possible parsing error or editorial removal,,,1002,3,1797|1810|1860
CANAAAN,CANAAAN,1842,PARSING_OR_EDITORIAL,0.50,In OCR range but not parsed — possible parsing error or editorial removal,,,1002,3,1797|1810|1860
KIRCHER,KIRCHER,1810,PARSING_OR_EDITORIAL,0.50,In OCR range but not parsed — possible parsing error or editorial removal,,,1002,6,1778|1797|1815|1823|1842|1860
MEDICINE,MEDICINE,1842,SWALLOWED,0.90,"Found inside ""MEDICAL JURISPRUDENCE"" (49,033w) — at 61% in MEDICAL JURISPRUDENCE (19,073w after)",,MEDICAL JURISPRUDENCE,320675,7,1771|1778|1797|1810|1815|1823|1860
MECHANICS,MECHANICS,1823,SWALLOWED,0.90,"Found inside ""MEASURE"" (162,529w) — at 69% in MEASURE (47,885w after)",,MEASURE,131749,6,1771|1778|1797|1810|1815|1842
JERSEY,JERSEY,1842,SWALLOWED,0.90,"Found inside ""JENA"" (15,283w) — at 21% in JENA (11,984w after)",,JENA,24303,7,1771|1778|1797|1810|1815|1823|1860
PARTNERSHIP,PARTNERSHIP,1797,SWALLOWED,0.90,"Found inside ""PARR"" (11,729w) — at 61% in PARR (4,697w after)",,PARR,22008,5,1778|1810|1815|1842|1860
DALRYMPLE,DALRYMPLE,1842,SWALLOWED,0.90,"Found inside ""DALMATIA"" (12,684w) — at 6% in DALMATIA (11,921w after)",,DALMATIA,12345,5,1797|1810|1815|1823|1860
SPIRITUAL,SPIRITUAL,1797,SWALLOWED,0.90,"Found inside ""SPECIFICS"" (9,715w) — at 88% in SPECIFICS (1,071w after)",,SPECIFICS,10016,5,1771|1778|1810|1815|1823
DRAYTON,DRAYTON,1815,SWALLOWED,0.90,"Found inside ""DRAWING"" (8,966w) — at 93% in DRAWING (677w after)",,DRAWING,9429,6,1778|1797|1810|1823|1842|1860
EVIDENCE,EVIDENCE,1842,SWALLOWED,0.90,"Found inside ""EUXINUS PONTUS"" (14,510w) — at 94% in EUXINUS PONTUS (886w after)",,EUXINUS PONTUS,8790,7,1771|1778|1797|1810|1815|1823|1860
JOHNSON,JOHNSON,1842,SWALLOWED,0.90,"Found inside ""JOACHIMITES"" (22,367w) — at 42% in JOACHIMITES (12,980w after)",,JOACHIMITES,6945,3,1815|1823|1860
FOUNDERY,FOUNDERY,1815,SWALLOWED,0.90,"Found inside ""FORTIFICATION"" (5,410w) — at 86% in FORTIFICATION (771w after)",,FORTIFICATION,4829,3,1771|1842|1860
JEROME,JEROME,1842,SWALLOWED,0.90,"Found inside ""JENA"" (15,283w) — at 17% in JENA (12,649w after)",,JENA,3065,6,1778|1797|1810|1815|1823|1860
KING'S_COUNTY,KING'S COUNTY,1842,SWALLOWED,0.90,"Found inside ""KING"" (6,642w) — at 63% in KING (2,367w after)",,KING,2782,2,1823|1860
ABELARD,ABELARD,1810,SWALLOWED,0.90,"Found inside ""ABEL"" (3,476w) — at 9% in ABEL (3,148w after)",,ABEL,2594,4,1778|1797|1842|1860
ABELARD,ABELARD,1815,SWALLOWED,0.90,"Found inside ""ABEL"" (3,477w) — at 9% in ABEL (3,148w after)",,ABEL,2594,4,1778|1797|1842|1860
ABELARD,ABELARD,1823,SWALLOWED,0.90,"Found inside ""ABEL"" (3,476w) — at 9% in ABEL (3,147w after)",,ABEL,2594,4,1778|1797|1842|1860
NORTHAMPTON,NORTHAMPTON,1797,SWALLOWED,0.90,"Found inside ""NORTH"" (4,607w) — at 84% in NORTH (744w after)",,NORTH,2257,6,1771|1778|1815|1823|1842|1860
NORTHAMPTON,NORTHAMPTON,1810,SWALLOWED,0.90,"Found inside ""NORTH"" (5,027w) — at 78% in NORTH (1,124w after)",,NORTH,2257,6,1771|1778|1815|1823|1842|1860
STARCH,STARCH,1823,SWALLOWED,0.90,"Found inside ""SQUARE-RIGGED"" (8,961w) — at 12% in SQUARE-RIGGED (7,859w after)",,SQUARE-RIGGED,2244,4,1797|1810|1815|1842
CUSTOMS,CUSTOMS,1778,SWALLOWED,0.90,"Found inside ""CUSTOM"" (8,992w) — at 86% in CUSTOM (1,277w after)",,CUSTOM,1977,3,1771|1797|1815
CUSTOMS,CUSTOMS,1810,SWALLOWED,0.90,"Found inside ""CUSTOM"" (8,979w) — at 86% in CUSTOM (1,273w after)",,CUSTOM,1977,3,1771|1797|1815
JOSEPHUS,JOSEPHUS,1842,SWALLOWED,0.90,"Found inside ""JONES"" (5,245w) — at 78% in JONES (1,151w after)",,JONES,1788,5,1778|1810|1815|1823|1860
NORTHAMPTONSHIRE,NORTHAMPTONSHIRE,1810,SWALLOWED,0.90,"Found inside ""NORTH"" (5,027w) — at 93% in NORTH (365w after)",,NORTH,1767,5,1778|1815|1823|1842|1860
ASSUMPSIT,ASSUMPSIT,1823,SWALLOWED,0.90,"Found inside ""ASSOCIATION"" (3,261w) — at 45% in ASSOCIATION (1,849w after)",,ASSOCIATION,1627,6,1771|1778|1797|1815|1842|1860
PARTISAN,PARTISAN,1797,SWALLOWED,0.90,"Found inside ""PARR"" (11,729w) — at 60% in PARR (4,769w after)",,PARR,1598,5,1778|1810|1815|1823|1842
PARTRIDGE,PARTRIDGE,1797,SWALLOWED,0.90,"Found inside ""PARR"" (11,729w) — at 74% in PARR (3,168w after)",,PARR,1578,5,1778|1810|1815|1823|1842
MEDIA,MEDIA,1823,SWALLOWED,0.90,"Found inside ""MEDALLIONS"" (9,918w) — at 9% in MEDALLIONS (9,040w after)",,MEDALLIONS,1375,5,1778|1810|1815|1842|1860
ICE-HOUSE,ICE-HOUSE,1815,SWALLOWED,0.90,"Found inside ""ICE ICE"" (5,906w) — at 65% in ICE ICE (2,089w after)",,ICE ICE,1214,5,1771|1797|1810|1823|1842
PHILOLOGY,PHILOLOGY,1842,VARIANT,0.85,"substring: found as ""PHILO"" (89,478w)",PHILO,,89951,7,1771|1778|1797|1810|1815|1823|1860
BLEACHING,BLEACHING,1778,VARIANT,0.85,"substring: found as ""BLEA"" (12,460w)",BLEA,,59523,7,1771|1797|1810|1815|1823|1842|1860
RIVERS,RIVERS,1797,VARIANT,0.85,"singular: found as ""RIVER"" (60,280w)",RIVER,,56977,2,1778|1823
RIVERS,RIVERS,1810,VARIANT,0.85,"singular: found as ""RIVER"" (59,418w)",RIVER,,56977,2,1778|1823
RIVERS,RIVERS,1815,VARIANT,0.85,"singular: found as ""RIVER"" (58,921w)",RIVER,,56977,2,1778|1823
CLOCKS,CLOCKS,1823,VARIANT,0.85,"singular: found as ""CLOCK"" (10,604w)",CLOCK,,50891,2,1815|1842
MEDAL,MEDAL,1810,VARIANT,0.85,"plural: found as ""MEDALS"" (42,468w)",MEDALS,,33444,3,1771|1778|1815
MACEDONIA,MACEDONIA,1778,VARIANT,0.85,"prefix_sim=0.88: found as ""MACEDON"" (23,557w)",MACEDON,,31742,3,1771|1842|1860
MACEDONIA,MACEDONIA,1797,VARIANT,0.85,"prefix_sim=0.88: found as ""MACEDON"" (33,019w)",MACEDON,,31742,3,1771|1842|1860
MACEDONIA,MACEDONIA,1810,VARIANT,0.85,"prefix_sim=0.88: found as ""MACEDON"" (33,760w)",MACEDON,,31742,3,1771|1842|1860
MACEDONIA,MACEDONIA,1815,VARIANT,0.85,"prefix_sim=0.88: found as ""MACEDON"" (33,859w)",MACEDON,,31742,3,1771|1842|1860
MACEDONIA,MACEDONIA,1823,VARIANT,0.85,"prefix_sim=0.88: found as ""MACEDON"" (33,760w)",MACEDON,,31742,3,1771|1842|1860
LOMBARDY,LOMBARDY,1778,VARIANT,0.85,"prefix_sim=0.88: found as ""LOMBARDS"" (5,740w)",LOMBARDS,,19936,3,1771|1842|1860
LOMBARDY,LOMBARDY,1797,VARIANT,0.85,"prefix_sim=0.88: found as ""LOMBARDS"" (5,827w)",LOMBARDS,,19936,3,1771|1842|1860
LOMBARDY,LOMBARDY,1810,VARIANT,0.85,"prefix_sim=0.88: found as ""LOMBARDS"" (6,431w)",LOMBARDS,,19936,3,1771|1842|1860
LOMBARDY,LOMBARDY,1815,VARIANT,0.85,"prefix_sim=0.88: found as ""LOMBARDS"" (5,747w)",LOMBARDS,,19936,3,1771|1842|1860
LOMBARDY,LOMBARDY,1823,VARIANT,0.85,"prefix_sim=0.88: found as ""LOMBARDS"" (5,739w)",LOMBARDS,,19936,3,1771|1842|1860
CHROMATIC,CHROMATIC,1810,VARIANT,0.85,"plural: found as ""CHROMATICS"" (9,651w)",CHROMATICS,,19509,6,1771|1778|1797|1815|1823|1842
CALENDAR,CALENDAR,1823,VARIANT,0.85,"prefix_sim=0.88: found as ""CALENDER"" (5,993w)",CALENDER,,17948,5,1771|1797|1810|1842|1860
ORDERS,ORDERS,1823,VARIANT,0.85,"singular: found as ""ORDER"" (79,138w)",ORDER,,17422,5,1797|1810|1815|1842|1860
CRYSTALS,CRYSTALS,1815,VARIANT,0.85,"singular: found as ""CRYSTAL"" (3,533w)",CRYSTAL,,17354,2,1810|1823
METEOROLITE,METEOROLITE,1823,VARIANT,0.85,"substring: found as ""METEOR"" (17,361w)",METEOR,,17311,2,1815|1860
METEOROLITE,METEOROLITE,1842,VARIANT,0.85,"prefix_sim=0.90: found as ""METEORITE"" (15,637w)",METEORITE,,17311,2,1815|1860
JESUITS,JESUITS,1810,VARIANT,0.85,"prefix_sim=0.88: found as ""JESUITICS"" (3,853w)",JESUITICS,,15578,5,1778|1797|1815|1823|1842
ARCHITECT,ARCHITECT,1810,VARIANT,0.85,"prefix_sim=0.86: found as ""ARCHITECTURE"" (25,977w)",ARCHITECTURE,,13309,4,1778|1797|1842|1860
ARCHITECT,ARCHITECT,1815,VARIANT,0.85,"prefix_sim=0.86: found as ""ARCHITECTURE"" (44,058w)",ARCHITECTURE,,13309,4,1778|1797|1842|1860
ARCHITECT,ARCHITECT,1823,VARIANT,0.85,"prefix_sim=0.86: found as ""ARCHITECTURE"" (44,235w)",ARCHITECTURE,,13309,4,1778|1797|1842|1860
DIFFERENT,DIFFERENT,1842,VARIANT,0.85,"substring: found as ""DIFF"" (13,065w)",DIFF,,12627,2,1823|1860
STATIC,STATIC,1842,VARIANT,0.85,"plural: found as ""STATICS"" (1,658w)",STATICS,,11838,2,1823|1860
HARMONICA,HARMONICA,1810,VARIANT,0.85,"prefix_sim=0.94: found as ""HARMONIC"" (7,396w)",HARMONIC,,11634,5,1797|1815|1823|1842|1860
PETERSBURG,PETERSBURG,1823,VARIANT,0.85,"prefix_sim=0.95: found as ""PETERSBURGH"" (4,879w)",PETERSBURGH,,10171,6,1778|1797|1810|1815|1842|1860
MEDALLIONS,MEDALLIONS,1815,VARIANT,0.85,"substring: found as ""MEDAL"" (33,444w)",MEDAL,,9918,3,1771|1778|1823
LOUISIANA,LOUISIANA,1778,VARIANT,0.85,"substring: found as ""LOUIS"" (1,089w)",LOUIS,,9377,7,1771|1797|1810|1815|1823|1842|1860
EDWARD,EDWARD,1797,VARIANT,0.85,"plural: found as ""EDWARDS"" (1,396w)",EDWARDS,,9325,6,1778|1810|1815|1823|1842|1860
FORTESCUE,FORTESCUE,1797,VARIANT,0.85,"substring: found as ""FORT"" (6,382w)",FORT,,8391,5,1778|1815|1823|1842|1860
FORTESCUE,FORTESCUE,1810,VARIANT,0.85,"substring: found as ""FORT"" (6,407w)",FORT,,8391,5,1778|1815|1823|1842|1860
SENTIMENTS,SENTIMENTS,1797,VARIANT,0.85,"singular: found as ""SENTIMENT"" (5,565w)",SENTIMENT,,7834,5,1771|1778|1810|1815|1823
POTATO,POTATO,1842,VARIANT,0.85,"plural: found as ""POTATOES"" (1,457w)",POTATOES,,7630,4,1797|1810|1815|1860
PLAYFAIR,PLAYFAIR,1842,VARIANT,0.85,"substring: found as ""PLAYFAIR, JOHN"" (7,149w)","PLAYFAIR, JOHN",,7118,2,1823|1860
PLEASURE,PLEASURE,1815,VARIANT,0.85,"substring: found as ""PLEA"" (4,302w)",PLEA,,7050,5,1778|1797|1810|1823|1842
SCEPTICISM,SCEPTICISM,1842,VARIANT,0.85,"substring: found as ""SCEPTIC"" (1,186w)",SCEPTIC,,6655,7,1771|1778|1797|1810|1815|1823|1860
BRASSICA,BRASSICA,1815,VARIANT,0.85,"substring: found as ""BRASS"" (7,037w)",BRASS,,6537,5,1771|1778|1797|1810|1823
SERPENT,SERPENT,1842,VARIANT,0.85,"prefix_sim=0.86: found as ""SERPENS"" (42,624w)",SERPENS,,6451,6,1778|1797|1810|1815|1823|1860
HANDS,HANDS,1810,VARIANT,0.85,"singular: found as ""HAND"" (6,484w)",HAND,,6035,3,1771|1778|1823
MIRACLES,MIRACLES,1823,VARIANT,0.85,"singular: found as ""MIRACLE"" (5,138w)",MIRACLE,,5926,4,1797|1810|1815|1860
MIRACLES,MIRACLES,1842,VARIANT,0.85,"singular: found as ""MIRACLE"" (5,093w)",MIRACLE,,5926,4,1797|1810|1815|1860
GENUS_LXXXIV,GENUS LXXXIV,1815,VARIANT,0.85,"prefix_sim=0.96: found as ""GENUS LXXXV"" (3,979w)",GENUS LXXXV,,5888,3,1797|1810|1823
PLATONISM,PLATONISM,1797,VARIANT,0.85,"substring: found as ""PLATO"" (3,505w)",PLATO,,5842,4,1778|1810|1815|1823
STOCKPORT,STOCKPORT,1823,VARIANT,0.85,"substring: found as ""STOCK"" (1,072w)",STOCK,,5594,2,1771|1860
NORTHWICH,NORTHWICH,1797,VARIANT,0.85,"substring: found as ""NORTH"" (4,607w)",NORTH,,5200,3,1771|1842|1860
NORTHWICH,NORTHWICH,1810,VARIANT,0.85,"substring: found as ""NORTH"" (5,027w)",NORTH,,5200,3,1771|1842|1860
NORTHWICH,NORTHWICH,1815,VARIANT,0.85,"substring: found as ""NORTH"" (3,818w)",NORTH,,5200,3,1771|1842|1860
NORTHWICH,NORTHWICH,1823,VARIANT,0.85,"substring: found as ""NORTH"" (3,830w)",NORTH,,5200,3,1771|1842|1860
GENUS_LXXVIII,GENUS LXXVIII,1815,VARIANT,0.85,"prefix_sim=0.92: found as ""GENUS LXVII"" (2,209w)",GENUS LXVII,,5054,3,1797|1810|1823
PETRIFICATION,PETRIFICATION,1815,VARIANT,0.85,"prefix_sim=0.88: found as ""PETRIFACTION"" (4,974w)",PETRIFACTION,,4978,6,1771|1778|1797|1810|1823|1842
CHURCHILL,CHURCHILL,1842,VARIANT,0.85,"substring: found as ""CHURCH"" (846w)",CHURCH,,4908,6,1778|1797|1810|1815|1823|1860
CONSUL,CONSUL,1797,VARIANT,0.85,"plural: found as ""CONSULS"" (949w)",CONSULS,,4895,6,1778|1810|1815|1823|1842|1860
EDWARDS,EDWARDS,1842,VARIANT,0.85,"singular: found as ""EDWARD"" (653w)",EDWARD,,4871,6,1778|1797|1810|1815|1823|1860
BIRD-CALL,BIRD-CALL,1810,VARIANT,0.85,"substring: found as ""BIRD"" (542w)",BIRD,,4634,4,1778|1797|1815|1823
WESTMEATH,WESTMEATH,1797,VARIANT,0.85,"substring: found as ""WEST"" (520w)",WEST,,4193,3,1771|1842|1860
WESTMEATH,WESTMEATH,1810,VARIANT,0.85,"substring: found as ""WEST"" (521w)",WEST,,4193,3,1771|1842|1860
WESTMEATH,WESTMEATH,1815,VARIANT,0.85,"substring: found as ""WEST"" (521w)",WEST,,4193,3,1771|1842|1860
WESTMEATH,WESTMEATH,1823,VARIANT,0.85,"substring: found as ""WEST"" (521w)",WEST,,4193,3,1771|1842|1860
CHRYSALIS,CHRYSALIS,1810,VARIANT,0.85,"prefix_sim=0.95: found as ""CHRYSAULIS"" (4,096w)",CHRYSAULIS,,4052,7,1771|1778|1797|1815|1823|1842|1860
LINCOLNSHIRE,LINCOLNSHIRE,1815,VARIANT,0.85,"substring: found as ""LINCOLN"" (1,331w)",LINCOLN,,4026,6,1778|1797|1810|1823|1842|1860
COCHIN_CHINA,COCHIN CHINA,1778,VARIANT,0.85,"prefix_sim=0.96: found as ""COCHIN-CHINA"" (1,141w)",COCHIN-CHINA,,3891,3,1771|1842|1860
COCHIN_CHINA,COCHIN CHINA,1797,VARIANT,0.85,"prefix_sim=0.96: found as ""COCHIN-CHINA"" (2,086w)",COCHIN-CHINA,,3891,3,1771|1842|1860
COCHIN_CHINA,COCHIN CHINA,1810,VARIANT,0.85,"prefix_sim=0.96: found as ""COCHIN-CHINA"" (2,085w)",COCHIN-CHINA,,3891,3,1771|1842|1860
COCHIN_CHINA,COCHIN CHINA,1815,VARIANT,0.85,"prefix_sim=0.96: found as ""COCHIN-CHINA"" (2,085w)",COCHIN-CHINA,,3891,3,1771|1842|1860
COCHIN_CHINA,COCHIN CHINA,1823,VARIANT,0.85,"prefix_sim=0.96: found as ""COCHIN-CHINA"" (2,085w)",COCHIN-CHINA,,3891,3,1771|1842|1860
CARTES,CARTES,1823,VARIANT,0.85,"singular: found as ""CARTE"" (543w)",CARTE,,3756,5,1778|1797|1810|1815|1860
ANTONIANO,ANTONIANO,1842,VARIANT,0.85,"prefix_sim=0.88: found as ""ANTONIO"" (541w)",ANTONIO,,3755,6,1778|1797|1810|1815|1823|1860
GENUS_LXVI,GENUS LXVI,1815,VARIANT,0.85,"prefix_sim=0.95: found as ""GENUS LXVII"" (2,209w)",GENUS LXVII,,3729,3,1797|1810|1823
NOTTINGHAM,NOTTINGHAM,1778,VARIANT,0.85,"substring: found as ""NOTTINGHAMSHIRE"" (956w)",NOTTINGHAMSHIRE,,3601,5,1771|1815|1823|1842|1860
NOTTINGHAM,NOTTINGHAM,1797,VARIANT,0.85,"substring: found as ""NOTTINGHAMSHIRE"" (1,697w)",NOTTINGHAMSHIRE,,3601,5,1771|1815|1823|1842|1860
LORN,LORN,1797,VARIANT,0.85,"prefix_sim=0.89: found as ""LORNE"" (738w)",LORNE,,3585,2,1771|1860
LORN,LORN,1810,VARIANT,0.85,"prefix_sim=0.89: found as ""LORNE"" (728w)",LORNE,,3585,2,1771|1860
LORN,LORN,1815,VARIANT,0.85,"prefix_sim=0.89: found as ""LORNE"" (728w)",LORNE,,3585,2,1771|1860
LORN,LORN,1823,VARIANT,0.85,"prefix_sim=0.89: found as ""LORNE"" (728w)",LORNE,,3585,2,1771|1860
HATFIELD,HATFIELD,1778,VARIANT,0.85,"substring: found as ""HAT"" (1,665w)",HAT,,3511,5,1771|1810|1815|1842|1860
HATFIELD,HATFIELD,1797,VARIANT,0.85,"substring: found as ""HAT"" (2,036w)",HAT,,3511,5,1771|1810|1815|1842|1860
HATFIELD,HATFIELD,1823,VARIANT,0.85,"substring: found as ""HAT"" (5,769w)",HAT,,3511,5,1771|1810|1815|1842|1860
MANDING,MANDING,1842,VARIANT,0.85,"prefix_sim=0.93: found as ""MANDINGO"" (1,444w)",MANDINGO,,3496,5,1797|1810|1815|1823|1860
OUTLAWRY,OUTLAWRY,1797,VARIANT,0.85,"prefix_sim=0.86: found as ""OUTLAW"" (520w)",OUTLAW,,3425,4,1778|1810|1815|1823
MILLENIUM,MILLENIUM,1815,VARIANT,0.85,"prefix_sim=0.95: found as ""MILLENNIUM"" (2,891w)",MILLENNIUM,,3364,3,1797|1842|1860
MILLENIUM,MILLENIUM,1823,VARIANT,0.85,"substring: found as ""MILL"" (1,726w)",MILL,,3364,3,1797|1842|1860
GENUS_LXXXVII,GENUS LXXXVII,1815,VARIANT,0.85,"prefix_sim=0.92: found as ""GENUS LXXXV"" (3,979w)",GENUS LXXXV,,3280,3,1797|1810|1823
BASTILE,BASTILE,1810,VARIANT,0.85,"prefix_sim=0.93: found as ""BASTILLE"" (3,188w)",BASTILLE,,3230,5,1778|1797|1815|1823|1842
DOG,DOG,1842,VARIANT,0.85,"prefix_sim=0.86: found as ""DOGE"" (619w)",DOGE,,3213,6,1778|1797|1810|1815|1823|1860
BASTILLE,BASTILLE,1815,VARIANT,0.85,"prefix_sim=0.93: found as ""BASTILE"" (3,207w)",BASTILE,,3188,2,1810|1860
BASTILLE,BASTILLE,1823,VARIANT,0.85,"prefix_sim=0.93: found as ""BASTILE"" (3,208w)",BASTILE,,3188,2,1810|1860
BASTILLE,BASTILLE,1842,VARIANT,0.85,"prefix_sim=0.93: found as ""BASTILE"" (1,168w)",BASTILE,,3188,2,1810|1860
GRENADE,GRENADE,1823,VARIANT,0.85,"prefix_sim=0.86: found as ""GRENADA"" (3,085w)",GRENADA,,3170,4,1797|1810|1815|1860
GRENADE,GRENADE,1842,VARIANT,0.85,"prefix_sim=0.86: found as ""GRENADA"" (1,429w)",GRENADA,,3170,4,1797|1810|1815|1860
GAMELION,GAMELION,1778,VARIANT,0.85,"substring: found as ""GAME"" (2,469w)",GAME,,3122,7,1771|1797|1810|1815|1823|1842|1860
WAKEFIELD,WAKEFIELD,1778,VARIANT,0.85,"substring: found as ""WAKE"" (2,327w)",WAKE,,3099,3,1771|1842|1860
WAKEFIELD,WAKEFIELD,1797,VARIANT,0.85,"substring: found as ""WAKE"" (1,373w)",WAKE,,3099,3,1771|1842|1860
WAKEFIELD,WAKEFIELD,1810,VARIANT,0.85,"substring: found as ""WAKE"" (2,319w)",WAKE,,3099,3,1771|1842|1860
WAKEFIELD,WAKEFIELD,1815,VARIANT,0.85,"substring: found as ""WAKE"" (1,211w)",WAKE,,3099,3,1771|1842|1860
WAKEFIELD,WAKEFIELD,1823,VARIANT,0.85,"substring: found as ""WAKE"" (1,207w)",WAKE,,3099,3,1771|1842|1860
MESSENA,MESSENA,1797,VARIANT,0.85,"prefix_sim=0.93: found as ""MESSENIA"" (3,410w)",MESSENIA,,3031,4,1778|1815|1823|1842
MESSENA,MESSENA,1810,VARIANT,0.85,"prefix_sim=0.93: found as ""MESSENIA"" (3,506w)",MESSENIA,,3031,4,1778|1815|1823|1842
CHANCELLOR,CHANCELLOR,1810,VARIANT,0.85,"prefix_sim=0.95: found as ""CHANCELOR"" (846w)",CHANCELOR,,3020,6,1771|1778|1797|1815|1823|1860
GENUS_LII,GENUS LII,1810,VARIANT,0.85,"prefix_sim=0.90: found as ""GENUS LXVII"" (2,198w)",GENUS LXVII,,2948,2,1797|1823
GENUS_LII,GENUS LII,1815,VARIANT,0.85,"prefix_sim=0.90: found as ""GENUS LXVII"" (2,209w)",GENUS LXVII,,2948,2,1797|1823
ABBREVIATION,ABBREVIATION,1810,VARIANT,0.85,"plural: found as ""ABBREVIATIONS"" (549w)",ABBREVIATIONS,,2862,6,1771|1797|1815|1823|1842|1860
CHRISTIANSTAD,CHRISTIANSTAD,1797,VARIANT,0.85,"substring: found as ""CHRISTIAN"" (12,219w)",CHRISTIAN,,2806,4,1778|1810|1823|1860
CHRISTIANSTAD,CHRISTIANSTAD,1815,VARIANT,0.85,"prefix_sim=0.87: found as ""CHRISTIANA"" (13,281w)",CHRISTIANA,,2806,4,1778|1810|1823|1860
CHRISTIANSTAD,CHRISTIANSTAD,1842,VARIANT,0.85,"prefix_sim=0.87: found as ""CHRISTIANS"" (1,350w)",CHRISTIANS,,2806,4,1778|1810|1823|1860
ANTIOCH,ANTIOCH,1823,VARIANT,0.85,"prefix_sim=0.88: found as ""ANTIOCHIA"" (4,537w)",ANTIOCHIA,,2801,5,1771|1797|1810|1815|1860
MELANCTHON,MELANCTHON,1815,VARIANT,0.85,"prefix_sim=0.95: found as ""MELANCHTHON"" (819w)",MELANCHTHON,,2757,6,1778|1797|1810|1823|1842|1860
DISPERSSION,DISPERSSION,1842,VARIANT,0.85,"prefix_sim=0.95: found as ""DISPERSION"" (998w)",DISPERSION,,2686,3,1815|1823|1860
CHRISTINA,CHRISTINA,1823,VARIANT,0.85,"prefix_sim=0.95: found as ""CHRISTIANA"" (13,194w)",CHRISTIANA,,2663,6,1778|1797|1810|1815|1842|1860
MITHRIDATES,MITHRIDATES,1810,VARIANT,0.85,"substring: found as ""MITHRIDATES VII"" (1,439w)",MITHRIDATES VII,,2537,5,1778|1797|1823|1842|1860
MITHRIDATES,MITHRIDATES,1815,VARIANT,0.85,"substring: found as ""MITHRIDATES VII"" (1,454w)",MITHRIDATES VII,,2537,5,1778|1797|1823|1842|1860
ANTINOUS,ANTINOUS,1823,VARIANT,0.85,"substring: found as ""ANT"" (6,887w)",ANT,,2507,6,1778|1797|1810|1815|1842|1860
SPALDING,SPALDING,1797,VARIANT,0.85,"substring: found as ""SPA"" (1,907w)",SPA,,2369,3,1771|1842|1860
SPALDING,SPALDING,1810,VARIANT,0.85,"substring: found as ""SPA"" (2,866w)",SPA,,2369,3,1771|1842|1860
SPALDING,SPALDING,1815,VARIANT,0.85,"substring: found as ""SPA"" (1,557w)",SPA,,2369,3,1771|1842|1860
SPALDING,SPALDING,1823,VARIANT,0.85,"substring: found as ""SPA"" (2,832w)",SPA,,2369,3,1771|1842|1860
NEEDLE,NEEDLE,1810,VARIANT,0.85,"plural: found as ""NEEDLES"" (2,431w)",NEEDLES,,2361,6,1771|1778|1797|1815|1823|1842
STAR-BOARD,STAR-BOARD,1778,VARIANT,0.85,"substring: found as ""STAR"" (886w)",STAR,,2337,5,1771|1797|1810|1815|1823
ANDROIDES,ANDROIDES,1823,VARIANT,0.85,"prefix_sim=0.90: found as ""ANDROIDIDES"" (1,684w)",ANDROIDIDES,,2289,6,1778|1797|1810|1815|1842|1860
BERMUDAS,BERMUDAS,1797,VARIANT,0.85,"singular: found as ""BERMUDA"" (943w)",BERMUDA,,2288,6,1778|1810|1815|1823|1842|1860
SOUNDING,SOUNDING,1823,VARIANT,0.85,"substring: found as ""SOUND"" (3,500w)",SOUND,,2280,6,1771|1778|1797|1810|1815|1842
BRETON,BRETON,1810,VARIANT,0.85,"plural: found as ""BRETONS"" (2,230w)",BRETONS,,2233,7,1771|1778|1797|1815|1823|1842|1860
SYMPATHY_ALSO,SYMPATHY ALSO,1810,VARIANT,0.85,"substring: found as ""SYMPATHY"" (1,398w)",SYMPATHY,,2233,3,1778|1797|1823
SYMPATHY_ALSO,SYMPATHY ALSO,1815,VARIANT,0.85,"substring: found as ""SYMPATHY"" (1,393w)",SYMPATHY,,2233,3,1778|1797|1823
CAERMARTHEN,CAERMARTHEN,1823,VARIANT,0.85,"substring: found as ""CAERMARTHENSHIRE"" (1,043w)",CAERMARTHENSHIRE,,2186,5,1771|1778|1815|1842|1860
MELCHISEDEC,MELCHISEDEC,1815,VARIANT,0.85,"prefix_sim=0.96: found as ""MELCHISEDECK"" (1,299w)",MELCHISEDECK,,2184,5,1797|1810|1823|1842|1860
FORMICA-LEO,FORMICA-LEO,1778,VARIANT,0.85,"substring: found as ""FORMICA"" (3,597w)",FORMICA,,2172,2,1771|1797
PARADISEA,PARADISEA,1810,VARIANT,0.85,"prefix_sim=0.94: found as ""PARADISE"" (1,562w)",PARADISE,,2169,3,1778|1797|1823
PARADISEA,PARADISEA,1815,VARIANT,0.85,"prefix_sim=0.94: found as ""PARADISE"" (1,562w)",PARADISE,,2169,3,1778|1797|1823
GENUS_XCII,GENUS XCII,1810,VARIANT,0.85,"prefix_sim=0.95: found as ""GENUS XCVII"" (621w)",GENUS XCVII,,2092,2,1797|1823
GENUS_XCII,GENUS XCII,1815,VARIANT,0.85,"prefix_sim=0.95: found as ""GENUS XCI"" (2,462w)",GENUS XCI,,2092,2,1797|1823
BAILLEUL,BAILLEUL,1810,VARIANT,0.85,"substring: found as ""BAIL"" (1,094w)",BAIL,,2066,6,1778|1797|1815|1823|1842|1860
ABBREVIATIONS,ABBREVIATIONS,1815,VARIANT,0.85,"singular: found as ""ABBREVIATION"" (2,860w)",ABBREVIATION,,2037,3,1810|1842|1860
ABBREVIATIONS,ABBREVIATIONS,1823,VARIANT,0.85,"singular: found as ""ABBREVIATION"" (2,862w)",ABBREVIATION,,2037,3,1810|1842|1860
TEST_ACT,TEST ACT,1810,VARIANT,0.85,"substring: found as ""TEST"" (4,053w)",TEST,,2018,2,1797|1823
TEST_ACT,TEST ACT,1815,VARIANT,0.85,"substring: found as ""TEST"" (2,040w)",TEST,,2018,2,1797|1823
BARD,BARD,1778,VARIANT,0.85,"plural: found as ""BARDS"" (1,884w)",BARDS,,2003,7,1771|1797|1810|1815|1823|1842|1860
MONTGOMERYSHIRE,MONTGOMERYSHIRE,1797,VARIANT,0.85,"substring: found as ""MONTGOMERY"" (1,534w)",MONTGOMERY,,1986,5,1778|1810|1823|1842|1860
OLYMPIAS,OLYMPIAS,1842,VARIANT,0.85,"singular: found as ""OLYMPIA"" (794w)",OLYMPIA,,1984,5,1797|1810|1815|1823|1860
PARKHURST,PARKHURST,1810,VARIANT,0.85,"substring: found as ""PARK"" (3,378w)",PARK,,1952,2,1797|1860
PARKHURST,PARKHURST,1815,VARIANT,0.85,"substring: found as ""PARK"" (3,515w)",PARK,,1952,2,1797|1860
PARKHURST,PARKHURST,1823,VARIANT,0.85,"substring: found as ""PARK"" (3,511w)",PARK,,1952,2,1797|1860
CORTES,CORTES,1810,VARIANT,0.85,"singular: found as ""CORT"" (291w)",CORT,,1941,6,1778|1797|1815|1823|1842|1860
STOCKHOLM,STOCKHOLM,1823,VARIANT,0.85,"substring: found as ""STOCK"" (1,072w)",STOCK,,1936,7,1771|1778|1797|1810|1815|1842|1860
SAINT,SAINT,1810,VARIANT,0.85,"plural: found as ""SAINTES"" (395w)",SAINTES,,1855,4,1778|1797|1815|1842
SAINT,SAINT,1823,VARIANT,0.85,"plural: found as ""SAINTES"" (394w)",SAINTES,,1855,4,1778|1797|1815|1842
PENELOPE,PENELOPE,1810,VARIANT,0.85,"substring: found as ""PEN"" (1,035w)",PEN,,1835,4,1797|1815|1842|1860
PENELOPE,PENELOPE,1823,VARIANT,0.85,"substring: found as ""PEN"" (1,040w)",PEN,,1835,4,1797|1815|1842|1860
ILA,ILA,1815,VARIANT,0.85,"prefix_sim=0.86: found as ""ILAY"" (1,827w)",ILAY,,1826,3,1778|1797|1823
SACKVILLE,SACKVILLE,1797,VARIANT,0.85,"substring: found as ""SACK"" (1,123w)",SACK,,1783,5,1778|1810|1815|1842|1860
SACKVILLE,SACKVILLE,1823,VARIANT,0.85,"substring: found as ""SACK"" (2,113w)",SACK,,1783,5,1778|1810|1815|1842|1860
ABRIDGEMENT,ABRIDGEMENT,1810,VARIANT,0.85,"prefix_sim=0.95: found as ""ABRIDGMENT"" (1,680w)",ABRIDGMENT,,1723,6,1771|1778|1797|1815|1823|1842
FISHING_BY,FISHING BY,1815,VARIANT,0.85,"substring: found as ""FISHING"" (2,502w)",FISHING,,1717,3,1797|1810|1823
LEGHORN,LEGHORN,1778,VARIANT,0.85,"prefix_sim=0.93: found as ""LEGHORNE"" (533w)",LEGHORNE,,1714,7,1771|1797|1810|1815|1823|1842|1860
ABRIDGMENT,ABRIDGMENT,1815,VARIANT,0.85,"prefix_sim=0.95: found as ""ABRIDGEMENT"" (1,723w)",ABRIDGEMENT,,1680,2,1810|1860
ABRIDGMENT,ABRIDGMENT,1823,VARIANT,0.85,"prefix_sim=0.95: found as ""ABRIDGEMENT"" (1,723w)",ABRIDGEMENT,,1680,2,1810|1860
ABRIDGMENT,ABRIDGMENT,1842,VARIANT,0.85,"prefix_sim=0.95: found as ""ABRIDGEMENT"" (506w)",ABRIDGEMENT,,1680,2,1810|1860
HENAUT,HENAUT,1810,VARIANT,0.85,"prefix_sim=0.92: found as ""HENAUTT"" (2,392w)",HENAUTT,,1629,4,1797|1815|1842|1860
BOIARDO,BOIARDO,1797,VARIANT,0.85,"prefix_sim=0.92: found as ""BOIARD"" (837w)",BOIARD,,1620,6,1778|1810|1815|1823|1842|1860
ALE,ALE,1815,VARIANT,0.85,"plural: found as ""ALES"" (294w)",ALES,,1603,7,1771|1778|1797|1810|1823|1842|1860
ORLEANS,ORLEANS,1778,VARIANT,0.85,"prefix_sim=0.88: found as ""ORLEANOIS"" (636w)",ORLEANOIS,,1595,7,1771|1797|1810|1815|1823|1842|1860
ADANSONIA,ADANSONIA,1823,VARIANT,0.85,"prefix_sim=0.88: found as ""ADANSON"" (2,713w)",ADANSON,,1577,4,1771|1778|1797|1842
PHILOSOPHER,PHILOSOPHER,1797,VARIANT,0.85,"prefix_sim=0.95: found as ""PHILOSOHER"" (1,540w)",PHILOSOHER,,1568,5,1771|1778|1810|1815|1823
GALLOWAY,GALLOWAY,1842,VARIANT,0.85,"substring: found as ""GALL"" (2,982w)",GALL,,1566,7,1771|1778|1797|1810|1815|1823|1860
BAHAMAS,BAHAMAS,1810,VARIANT,0.85,"singular: found as ""BAHAMA"" (381w)",BAHAMA,,1561,3,1797|1842|1860
BAHAMAS,BAHAMAS,1815,VARIANT,0.85,"singular: found as ""BAHAMA"" (381w)",BAHAMA,,1561,3,1797|1842|1860
BAHAMAS,BAHAMAS,1823,VARIANT,0.85,"singular: found as ""BAHAMA"" (398w)",BAHAMA,,1561,3,1797|1842|1860
PHILOSOHER,PHILOSOHER,1810,VARIANT,0.85,"substring: found as ""PHILO"" (793w)",PHILO,,1540,2,1797|1842
PHILOSOHER,PHILOSOHER,1815,VARIANT,0.85,"prefix_sim=0.95: found as ""PHILOSOPHER"" (1,567w)",PHILOSOPHER,,1540,2,1797|1842
PHILOSOHER,PHILOSOHER,1823,VARIANT,0.85,"prefix_sim=0.95: found as ""PHILOSOPHER"" (1,568w)",PHILOSOPHER,,1540,2,1797|1842
SIERRA_LEONE,SIERRA LEONE,1815,VARIANT,0.85,"prefix_sim=0.92: found as ""SIERRA LEONA"" (4,585w)",SIERRA LEONA,,1501,3,1810|1823|1842
LIGHTFOOT,LIGHTFOOT,1810,VARIANT,0.85,"substring: found as ""LIGHT"" (12,912w)",LIGHT,,1481,2,1797|1815
CARDAMOM,CARDAMOM,1778,VARIANT,0.85,"substring: found as ""CARD"" (978w)",CARD,,1475,2,1771|1797
LYON,LYON,1797,VARIANT,0.85,"plural: found as ""LYONS"" (213w)",LYONS,,1428,2,1778|1860
LYON,LYON,1810,VARIANT,0.85,"plural: found as ""LYONS"" (204w)",LYONS,,1428,2,1778|1860
LYON,LYON,1815,VARIANT,0.85,"plural: found as ""LYONS"" (204w)",LYONS,,1428,2,1778|1860
LYON,LYON,1823,VARIANT,0.85,"plural: found as ""LYONS"" (209w)",LYONS,,1428,2,1778|1860
LYON,LYON,1842,VARIANT,0.85,"plural: found as ""LYONS"" (843w)",LYONS,,1428,2,1778|1860
CHINA-ROOT,CHINA-ROOT,1797,VARIANT,0.85,"substring: found as ""CHINA"" (48,847w)",CHINA,,1410,5,1771|1778|1810|1815|1823
LAKES,LAKES,1797,VARIANT,0.85,"singular: found as ""LAKE"" (1,917w)",LAKE,,1405,2,1778|1815
LAKES,LAKES,1810,VARIANT,0.85,"singular: found as ""LAKE"" (1,920w)",LAKE,,1405,2,1778|1815
ROSETTA,ROSETTA,1823,VARIANT,0.85,"prefix_sim=0.86: found as ""ROSETTO"" (1,355w)",ROSETTO,,1397,3,1815|1842|1860
ROSETTO,ROSETTO,1815,VARIANT,0.85,"prefix_sim=0.86: found as ""ROSETTA"" (1,397w)",ROSETTA,,1397,4,1778|1797|1810|1823
CHARACTERS,CHARACTERS,1797,VARIANT,0.85,"singular: found as ""CHARACTER"" (3,645w)",CHARACTER,,1366,2,1778|1810
INDIGOFERA,INDIGOFERA,1778,VARIANT,0.85,"substring: found as ""INDIGO"" (675w)",INDIGO,,1361,5,1771|1797|1810|1815|1823
ABIES,ABIES,1797,VARIANT,0.85,"singular: found as ""AB"" (217w)",AB,,1358,2,1778|1842
ABIES,ABIES,1810,VARIANT,0.85,"singular: found as ""AB"" (219w)",AB,,1358,2,1778|1842
ABIES,ABIES,1815,VARIANT,0.85,"singular: found as ""AB"" (218w)",AB,,1358,2,1778|1842
ABIES,ABIES,1823,VARIANT,0.85,"singular: found as ""AB"" (220w)",AB,,1358,2,1778|1842
CO,CO,1815,VARIANT,0.85,"plural: found as ""COS"" (345w)",COS,,1355,3,1797|1810|1823
APOSTIL,APOSTIL,1797,VARIANT,0.85,"prefix_sim=0.93: found as ""APOSTILL"" (1,332w)",APOSTILL,,1346,5,1771|1778|1810|1815|1823
VESPERTILIO,VESPERTILIO,1778,VARIANT,0.85,"prefix_sim=0.86: found as ""VESPERILLO"" (992w)",VESPERILLO,,1346,2,1771|1797
DISPERSION,DISPERSION,1815,VARIANT,0.85,"prefix_sim=0.95: found as ""DISPERSSION"" (1,382w)",DISPERSSION,,1343,3,1797|1810|1842
DISPERSION,DISPERSION,1823,VARIANT,0.85,"prefix_sim=0.95: found as ""DISPERSSION"" (1,356w)",DISPERSSION,,1343,3,1797|1810|1842
FAKIR,FAKIR,1778,VARIANT,0.85,"plural: found as ""FAKIRS"" (526w)",FAKIRS,,1341,2,1771|1860
FAKIR,FAKIR,1797,VARIANT,0.85,"plural: found as ""FAKIRS"" (529w)",FAKIRS,,1341,2,1771|1860
FAKIR,FAKIR,1810,VARIANT,0.85,"plural: found as ""FAKIRS"" (543w)",FAKIRS,,1341,2,1771|1860
FAKIR,FAKIR,1815,VARIANT,0.85,"plural: found as ""FAKIRS"" (532w)",FAKIRS,,1341,2,1771|1860
PANORAMA,PANORAMA,1810,VARIANT,0.85,"substring: found as ""PAN"" (2,361w)",PAN,,1328,2,1797|1842
PANORAMA,PANORAMA,1815,VARIANT,0.85,"substring: found as ""PAN"" (2,368w)",PAN,,1328,2,1797|1842
PANORAMA,PANORAMA,1823,VARIANT,0.85,"substring: found as ""PAN"" (2,370w)",PAN,,1328,2,1797|1842
SHIELDS,SHIELDS,1842,VARIANT,0.85,"singular: found as ""SHIELD"" (1,325w)",SHIELD,,1307,5,1797|1810|1815|1823|1860
ADVOCATE,ADVOCATE,1810,VARIANT,0.85,"plural: found as ""ADVOCATES"" (564w)",ADVOCATES,,1303,7,1771|1778|1797|1815|1823|1842|1860
NAVARRE,NAVARRE,1815,VARIANT,0.85,"prefix_sim=0.86: found as ""NAVARRA"" (1,089w)",NAVARRA,,1302,3,1778|1810|1823
PRISON,PRISON,1842,VARIANT,0.85,"plural: found as ""PRISONS"" (21,443w)",PRISONS,,1299,6,1778|1797|1810|1815|1823|1860
WATTS,WATTS,1842,VARIANT,0.85,"singular: found as ""WATT"" (6,664w)",WATT,,1273,5,1797|1810|1815|1823|1860
KALMUCKS,KALMUCKS,1797,VARIANT,0.85,"prefix_sim=0.93: found as ""KALMUCS"" (4,577w)",KALMUCS,,1268,2,1778|1842
KALMUCKS,KALMUCKS,1810,VARIANT,0.85,"prefix_sim=0.93: found as ""KALMUCS"" (4,582w)",KALMUCS,,1268,2,1778|1842
KALMUCKS,KALMUCKS,1815,VARIANT,0.85,"prefix_sim=0.93: found as ""KALMUCS"" (4,583w)",KALMUCS,,1268,2,1778|1842
KALMUCKS,KALMUCKS,1823,VARIANT,0.85,"prefix_sim=0.93: found as ""KALMUCS"" (4,583w)",KALMUCS,,1268,2,1778|1842
ATTAINDER,ATTAINDER,1810,VARIANT,0.85,"substring: found as ""ATTAIN"" (576w)",ATTAIN,,1239,5,1797|1815|1823|1842|1860
RUYSCHE,RUYSCHE,1810,VARIANT,0.85,"prefix_sim=0.92: found as ""RUYSCH"" (634w)",RUYSCH,,1232,4,1797|1823|1842|1860
LAC,LAC,1815,VARIANT,0.85,"prefix_sim=0.86: found as ""LACE"" (1,249w)",LACE,,1215,2,1810|1860
LAC,LAC,1823,VARIANT,0.85,"prefix_sim=0.86: found as ""LACE"" (1,249w)",LACE,,1215,2,1810|1860
LAC,LAC,1842,VARIANT,0.85,"prefix_sim=0.86: found as ""LACE"" (2,569w)",LACE,,1215,2,1810|1860
ICE-HOUSE,ICE-HOUSE,1778,VARIANT,0.85,"substring: found as ""ICE"" (1,224w)",ICE,,1214,5,1771|1797|1810|1823|1842
ARCHON,ARCHON,1778,VARIANT,0.85,"plural: found as ""ARCHONS"" (650w)",ARCHONS,,1195,2,1771|1860
ARCHON,ARCHON,1797,VARIANT,0.85,"plural: found as ""ARCHONS"" (717w)",ARCHONS,,1195,2,1771|1860
ARCHON,ARCHON,1810,VARIANT,0.85,"plural: found as ""ARCHONS"" (717w)",ARCHONS,,1195,2,1771|1860
ARCHON,ARCHON,1815,VARIANT,0.85,"plural: found as ""ARCHONS"" (716w)",ARCHONS,,1195,2,1771|1860
ARCHON,ARCHON,1823,VARIANT,0.85,"plural: found as ""ARCHONS"" (716w)",ARCHONS,,1195,2,1771|1860
ARCHON,ARCHON,1842,VARIANT,0.85,"plural: found as ""ARCHONS"" (540w)",ARCHONS,,1195,2,1771|1860
AUGUSTIN,AUGUSTIN,1823,VARIANT,0.85,"plural: found as ""AUGUSTINS"" (338w)",AUGUSTINS,,1180,6,1778|1797|1810|1815|1842|1860
WARDSHIP,WARDSHIP,1797,VARIANT,0.85,"substring: found as ""WAR"" (121,296w)",WAR,,1127,4,1778|1810|1815|1823
PENTAGRAPH,PENTAGRAPH,1797,VARIANT,0.85,"prefix_sim=0.91: found as ""PENTAGRAPHER"" (835w)",PENTAGRAPHER,,1085,4,1771|1778|1810|1823
CONSTANCY,CONSTANCY,1815,VARIANT,0.85,"prefix_sim=0.89: found as ""CONSTANCE"" (814w)",CONSTANCE,,1084,3,1797|1810|1842
BUENOS-AYRES,BUENOS-AYRES,1810,VARIANT,0.85,"prefix_sim=0.87: found as ""BUENOS AIRES"" (528w)",BUENOS AIRES,,1081,3,1771|1778|1860
BUENOS-AYRES,BUENOS-AYRES,1823,VARIANT,0.85,"prefix_sim=0.96: found as ""BUENOS AYRES"" (12,803w)",BUENOS AYRES,,1081,3,1771|1778|1860
BUENOS-AYRES,BUENOS-AYRES,1842,VARIANT,0.85,"prefix_sim=0.96: found as ""BUENOS AYRES"" (27,184w)",BUENOS AYRES,,1081,3,1771|1778|1860
ELEPHANT,ELEPHANT,1842,VARIANT,0.85,"substring: found as ""ELEPHANT ISLE"" (646w)",ELEPHANT ISLE,,1078,7,1771|1778|1797|1810|1815|1823|1860
MORAVIANS,MORAVIANS,1810,VARIANT,0.85,"prefix_sim=0.88: found as ""MORAVIA"" (749w)",MORAVIA,,1065,3,1771|1778|1860
MORAVIANS,MORAVIANS,1842,VARIANT,0.85,"prefix_sim=0.88: found as ""MORAVIA"" (1,408w)",MORAVIA,,1065,3,1771|1778|1860
BOATSWAIN,BOATSWAIN,1797,VARIANT,0.85,"substring: found as ""BOAT"" (2,202w)",BOAT,,1056,7,1771|1778|1810|1815|1823|1842|1860
DOUBLET,DOUBLET,1797,VARIANT,0.85,"plural: found as ""DOUBLETS"" (1,185w)",DOUBLETS,,1056,3,1778|1815|1860
DOUBLET,DOUBLET,1810,VARIANT,0.85,"prefix_sim=0.92: found as ""DOUBLE"" (2,494w)",DOUBLE,,1056,3,1778|1815|1860
CHANCERY,CHANCERY,1815,VARIANT,0.85,"prefix_sim=0.86: found as ""CHANCE"" (908w)",CHANCE,,1055,6,1771|1778|1797|1810|1842|1860
CHANCERY,CHANCERY,1823,VARIANT,0.85,"prefix_sim=0.86: found as ""CHANCE"" (817w)",CHANCE,,1055,6,1771|1778|1797|1810|1842|1860
SCHOMBERG,SCHOMBERG,1810,VARIANT,0.85,"prefix_sim=0.89: found as ""SCHOMBURG"" (1,019w)",SCHOMBURG,,1023,4,1797|1815|1823|1860
CHAMBERS,CHAMBERS,1815,VARIANT,0.85,"singular: found as ""CHAMBER"" (976w)",CHAMBER,,1006,6,1778|1797|1810|1823|1842|1860
ALCANNIA,ALCANNIA,1778,VARIANT,0.85,"substring: found as ""ALCA"" (1,499w)",ALCA,,1001,4,1771|1810|1815|1842
ALCANNIA,ALCANNIA,1797,VARIANT,0.85,"substring: found as ""ALCA"" (2,718w)",ALCA,,1001,4,1771|1810|1815|1842
ALCANNIA,ALCANNIA,1823,VARIANT,0.85,"substring: found as ""ALCA"" (513w)",ALCA,,1001,4,1771|1810|1815|1842
